patient_id,age_band,sex,payer,primary_clinic_id,has_heart_failure,has_copd,has_diabetes,has_ckd,has_hypertension
P000001,18-34,male,Evergreen Health Plan,F04,0,0,0,0,1
P000002,18-34,male,Self-pay,F07,0,0,0,0,0
P000003,65-74,male,Self-pay,F04,0,1,0,0,1
P000004,50-64,female,Medicaid,F04,0,0,1,0,0
P000005,18-34,male,Cascade Mutual,F07,0,0,0,0,0
P000006,75-84,female,Northstar Advantage,F06,0,0,0,0,1
P000007,65-74,female,Northstar Advantage,F11,1,0,0,0,0
P000008,50-64,female,Cascade Mutual,F09,0,0,1,0,0
P000009,65-74,female,Medicare,F08,0,0,0,0,1
P000010,35-49,male,Medicaid,F09,0,0,0,0,1
P000011,75-84,female,Medicare,F08,1,0,0,0,0
P000012,75-84,male,Medicare,F04,1,0,1,1,1
P000013,65-74,female,Northstar Advantage,F09,0,0,0,1,0
P000014,18-34,male,Medicaid,F09,0,0,0,0,0
P000015,50-64,female,Evergreen Health Plan,F06,0,0,1,0,1
P000016,65-74,male,Medicare,F06,0,0,0,0,1
P000017,50-64,female,Medicaid,F06,0,0,0,0,1
P000018,50-64,female,Cascade Mutual,F06,0,0,1,0,0
P000019,75-84,male,Medicaid,F06,0,0,1,0,1
P000020,50-64,female,Self-pay,F06,0,0,0,1,0
P000021,50-64,male,Cascade Mutual,F05,0,0,0,0,0
P000022,65-74,male,Medicare,F11,1,0,0,0,1
P000023,65-74,female,Medicaid,F06,0,0,0,0,0
P000024,18-34,male,Self-pay,F04,0,0,0,0,0
P000025,35-49,male,Self-pay,F06,0,0,0,0,0
P000026,50-64,male,Evergreen Health Plan,F04,0,0,0,0,1
P000027,50-64,male,Medicaid,F05,0,0,1,0,1
P000028,85+,female,Medicare,F06,0,0,1,0,1
P000029,75-84,male,Northstar Advantage,F04,0,1,1,1,1
P000030,85+,male,Medicare,F11,1,0,0,0,1
P000031,50-64,male,Medicaid,F07,0,0,1,0,1
P000032,35-49,male,Cascade Mutual,F09,0,0,0,0,0
P000033,85+,female,Medicaid,F07,0,0,1,0,1
P000034,65-74,female,Medicare,F04,0,0,0,0,0
P000035,65-74,female,Cascade Mutual,F15,0,0,0,0,1
P000036,50-64,male,Medicaid,F04,0,1,0,0,1
P000037,35-49,male,Evergreen Health Plan,F07,0,0,0,0,0
P000038,50-64,male,Cascade Mutual,F05,0,0,0,0,0
P000039,18-34,female,Evergreen Health Plan,F05,0,0,0,0,0
P000040,50-64,male,Cascade Mutual,F06,0,0,0,0,1
P000041,50-64,female,Evergreen Health Plan,F09,0,0,0,0,0
P000042,35-49,female,Cascade Mutual,F09,0,0,0,0,1
P000043,75-84,female,Medicare,F06,0,0,1,1,0
P000044,65-74,female,Medicaid,F15,0,0,1,0,1
P000045,50-64,male,Cascade Mutual,F07,0,0,0,0,1
P000046,65-74,male,Northstar Advantage,F05,0,0,0,0,0
P000047,50-64,male,Cascade Mutual,F04,0,0,0,0,1
P000048,18-34,female,Evergreen Health Plan,F04,0,0,0,0,0
P000049,50-64,male,Evergreen Health Plan,F07,0,0,0,0,0
P000050,50-64,male,Medicaid,F10,1,0,1,0,1
P000051,75-84,female,Medicare,F11,1,0,1,0,0
P000052,50-64,male,Medicare,F08,0,0,0,0,1
P000053,50-64,female,Self-pay,F09,0,0,0,0,1
P000054,35-49,male,Cascade Mutual,F06,0,0,0,0,1
P000055,50-64,female,Evergreen Health Plan,F05,0,0,1,0,0
P000056,50-64,female,Medicaid,F07,0,0,0,0,0
P000057,65-74,male,Medicare,F15,0,0,0,0,0
P000058,85+,female,Northstar Advantage,F04,0,1,0,0,1
P000059,65-74,female,Medicare,F07,0,0,0,0,1
P000060,35-49,male,Cascade Mutual,F15,0,0,0,0,1
P000061,18-34,male,Evergreen Health Plan,F08,0,0,0,0,0
P000062,18-34,male,Evergreen Health Plan,F05,0,0,0,0,0
P000063,65-74,female,Medicare,F05,0,0,1,0,0
P000064,85+,female,Medicare,F07,0,1,0,1,0
P000065,75-84,female,Northstar Advantage,F06,0,1,0,0,1
P000066,35-49,female,Evergreen Health Plan,F08,0,0,0,0,1
P000067,75-84,female,Northstar Advantage,F06,0,0,1,0,1
P000068,50-64,female,Cascade Mutual,F04,0,0,1,0,1
P000069,85+,female,Medicare,F06,1,0,1,1,1
P000070,65-74,female,Medicare,F06,1,0,1,0,0
P000071,50-64,female,Evergreen Health Plan,F08,0,0,0,0,1
P000072,50-64,male,Medicaid,F06,0,0,0,0,0
P000073,35-49,female,Cascade Mutual,F08,0,0,0,0,0
P000074,65-74,male,Northstar Advantage,F04,0,1,0,0,0
P000075,35-49,female,Medicare,F07,0,1,0,0,0
P000076,50-64,male,Cascade Mutual,F07,0,1,0,0,0
P000077,65-74,male,Northstar Advantage,F07,0,0,1,0,1
P000078,65-74,female,Medicare,F11,1,1,0,0,0
P000079,35-49,female,Evergreen Health Plan,F04,0,0,1,0,0
P000080,85+,female,Medicare,F10,1,0,1,0,0
P000081,18-34,female,Medicaid,F15,0,0,0,0,1
P000082,50-64,female,Cascade Mutual,F04,0,0,0,0,0
P000083,50-64,male,Evergreen Health Plan,F11,1,1,0,0,1
P000084,65-74,male,Medicare,F08,0,0,0,0,1
P000085,50-64,female,Cascade Mutual,F15,1,0,0,0,1
P000086,18-34,male,Medicaid,F05,0,0,0,0,0
P000087,35-49,female,Medicaid,F11,1,0,1,0,0
P000088,85+,male,Medicare,F10,1,1,0,0,1
P000089,65-74,female,Northstar Advantage,F04,0,0,0,0,0
P000090,35-49,male,Evergreen Health Plan,F04,1,0,0,0,0
P000091,35-49,male,Evergreen Health Plan,F07,0,1,0,0,0
P000092,85+,male,Northstar Advantage,F05,0,0,0,0,1
P000093,75-84,male,Medicare,F10,1,1,0,1,1
P000094,50-64,male,Cascade Mutual,F08,0,0,0,0,0
P000095,35-49,female,Cascade Mutual,F08,0,0,1,0,0
P000096,18-34,female,Evergreen Health Plan,F08,0,0,0,0,0
P000097,85+,female,Northstar Advantage,F06,0,0,1,0,0
P000098,18-34,female,Medicare,F09,0,0,0,0,0
P000099,65-74,female,Medicare,F06,0,0,0,0,1
P000100,50-64,female,Medicaid,F06,0,0,0,0,0
P000101,85+,male,Northstar Advantage,F08,1,0,1,0,1
P000102,35-49,female,Cascade Mutual,F07,0,0,0,0,0
P000103,75-84,female,Medicare,F11,1,0,0,1,0
P000104,35-49,female,Medicaid,F09,0,0,0,0,0
P000105,75-84,male,Medicare,F09,0,0,1,0,0
P000106,65-74,female,Medicare,F15,0,0,0,0,0
P000107,35-49,male,Self-pay,F07,0,0,0,0,1
P000108,18-34,male,Evergreen Health Plan,F15,0,0,0,0,0
P000109,65-74,male,Medicare,F10,1,0,0,0,1
P000110,35-49,female,Evergreen Health Plan,F06,0,0,0,0,1
P000111,35-49,female,Cascade Mutual,F09,0,0,0,0,0
P000112,85+,male,Medicare,F15,0,0,1,0,1
P000113,65-74,female,Medicare,F06,0,0,1,0,0
P000114,18-34,female,Cascade Mutual,F15,0,0,0,0,0
P000115,35-49,male,Cascade Mutual,F06,0,0,0,0,0
P000116,50-64,male,Medicaid,F05,0,0,0,1,1
P000117,50-64,female,Evergreen Health Plan,F08,0,0,0,0,1
P000118,65-74,male,Northstar Advantage,F05,0,0,1,0,0
P000119,35-49,female,Cascade Mutual,F08,0,0,1,0,0
P000120,65-74,female,Medicaid,F08,0,0,0,0,1
P000121,75-84,female,Medicare,F09,0,0,0,0,1
P000122,75-84,female,Northstar Advantage,F08,0,0,0,0,1
P000123,65-74,male,Medicare,F09,0,0,0,0,1
P000124,50-64,female,Self-pay,F07,0,0,0,0,1
P000125,35-49,male,Evergreen Health Plan,F09,0,0,0,0,0
P000126,35-49,male,Medicaid,F06,1,0,0,0,1
P000127,75-84,male,Cascade Mutual,F06,0,0,0,0,1
P000128,18-34,male,Evergreen Health Plan,F06,0,0,0,0,0
P000129,65-74,female,Medicare,F07,0,0,0,0,1
P000130,75-84,male,Medicare,F08,1,0,1,0,1
P000131,18-34,female,Medicaid,F15,0,0,0,0,0
P000132,35-49,male,Medicaid,F07,0,0,0,0,0
P000133,18-34,female,Medicaid,F06,0,0,0,0,0
P000134,35-49,male,Medicaid,F08,0,0,0,0,0
P000135,50-64,female,Medicaid,F08,0,1,0,0,1
P000136,65-74,male,Northstar Advantage,F11,1,0,0,1,0
P000137,85+,male,Medicare,F04,1,1,1,0,1
P000138,18-34,male,Self-pay,F09,0,0,0,0,0
P000139,35-49,female,Self-pay,F04,0,0,0,0,1
P000140,50-64,male,Cascade Mutual,F09,0,0,0,0,1
P000141,35-49,female,Medicaid,F06,0,0,1,0,0
P000142,65-74,male,Northstar Advantage,F06,0,0,0,0,1
P000143,65-74,male,Medicare,F11,1,0,1,0,1
P000144,75-84,female,Northstar Advantage,F15,0,0,0,0,1
P000145,35-49,male,Self-pay,F04,0,0,1,0,0
P000146,18-34,male,Medicaid,F05,0,0,0,0,1
P000147,50-64,female,Cascade Mutual,F07,0,0,0,0,0
P000148,75-84,male,Medicare,F15,1,0,0,1,1
P000149,65-74,female,Cascade Mutual,F15,0,0,0,0,1
P000150,35-49,female,Cascade Mutual,F08,0,0,0,0,0
P000151,65-74,male,Medicare,F09,0,0,1,0,1
P000152,18-34,female,Cascade Mutual,F07,0,0,0,0,0
P000153,85+,female,Medicare,F08,0,1,0,0,1
P000154,65-74,male,Northstar Advantage,F15,0,0,1,0,0
P000155,50-64,female,Cascade Mutual,F06,0,0,1,0,0
P000156,75-84,male,Northstar Advantage,F08,0,0,1,1,0
P000157,65-74,male,Medicare,F04,0,0,0,0,1
P000158,50-64,male,Cascade Mutual,F04,0,0,0,0,0
P000159,50-64,female,Cascade Mutual,F05,0,0,0,0,0
P000160,85+,male,Northstar Advantage,F09,0,0,0,0,1
P000161,65-74,male,Northstar Advantage,F09,0,0,0,0,0
P000162,65-74,female,Medicare,F06,0,0,1,0,1
P000163,18-34,male,Evergreen Health Plan,F09,0,0,0,0,0
P000164,75-84,female,Medicare,F08,0,0,0,1,1
P000165,50-64,female,Evergreen Health Plan,F04,0,0,0,1,0
P000166,50-64,female,Medicaid,F08,0,0,0,0,0
P000167,50-64,male,Cascade Mutual,F15,0,0,0,0,0
P000168,75-84,male,Medicare,F05,0,0,0,0,0
P000169,50-64,male,Evergreen Health Plan,F07,0,0,0,0,1
P000170,50-64,female,Evergreen Health Plan,F04,0,0,0,0,0
P000171,65-74,male,Medicare,F07,0,0,1,0,1
P000172,65-74,female,Northstar Advantage,F15,0,0,0,0,0
P000173,75-84,female,Medicaid,F10,1,0,0,0,1
P000174,65-74,male,Northstar Advantage,F06,1,0,1,0,1
P000175,50-64,female,Evergreen Health Plan,F07,0,0,0,0,0
P000176,65-74,male,Medicare,F05,0,0,1,0,0
P000177,65-74,female,Medicare,F04,0,0,0,1,1
P000178,18-34,male,Cascade Mutual,F05,0,0,0,0,0
P000179,35-49,female,Evergreen Health Plan,F05,0,0,0,0,1
P000180,65-74,female,Medicare,F08,0,0,0,1,0
P000181,35-49,male,Medicare,F07,0,0,1,0,1
P000182,50-64,female,Evergreen Health Plan,F05,0,0,0,0,0
P000183,75-84,female,Self-pay,F05,0,0,1,0,0
P000184,50-64,female,Medicaid,F04,1,0,0,0,1
P000185,65-74,female,Medicare,F05,0,1,0,0,1
P000186,75-84,female,Medicare,F06,0,0,0,0,1
P000187,75-84,male,Medicare,F07,1,0,0,1,1
P000188,65-74,female,Medicaid,F05,0,0,1,0,1
P000189,18-34,female,Cascade Mutual,F08,0,0,0,0,0
P000190,75-84,male,Northstar Advantage,F05,0,1,0,0,1
P000191,50-64,male,Evergreen Health Plan,F06,0,0,0,0,0
P000192,35-49,female,Evergreen Health Plan,F07,0,0,1,0,1
P000193,50-64,female,Medicare,F10,1,0,0,0,0
P000194,50-64,male,Evergreen Health Plan,F08,0,0,0,0,0
P000195,65-74,male,Northstar Advantage,F07,0,0,0,0,1
P000196,85+,female,Northstar Advantage,F05,0,0,0,0,1
P000197,50-64,male,Cascade Mutual,F05,0,0,0,0,1
P000198,75-84,male,Medicare,F06,0,0,0,1,0
P000199,35-49,male,Cascade Mutual,F08,0,0,0,0,1
P000200,50-64,male,Evergreen Health Plan,F09,0,0,1,0,0
P000201,85+,female,Medicare,F04,0,0,0,1,1
P000202,65-74,male,Medicare,F07,0,0,0,1,0
P000203,35-49,female,Self-pay,F06,0,0,0,0,1
P000204,50-64,female,Evergreen Health Plan,F07,0,0,0,0,1
P000205,75-84,male,Medicare,F10,1,0,0,0,1
P000206,50-64,male,Cascade Mutual,F04,0,0,0,0,1
P000207,65-74,male,Medicare,F07,0,0,0,0,1
P000208,50-64,male,Medicare,F06,0,0,1,0,1
P000209,75-84,female,Medicare,F05,0,0,0,0,1
P000210,65-74,male,Medicare,F11,1,0,0,0,0
P000211,65-74,male,Cascade Mutual,F05,0,0,0,1,1
P000212,65-74,female,Medicare,F09,0,1,1,1,1
P000213,75-84,female,Medicare,F09,0,0,0,0,1
P000214,50-64,female,Cascade Mutual,F04,0,0,1,0,1
P000215,50-64,male,Evergreen Health Plan,F05,0,0,0,0,0
P000216,65-74,female,Medicare,F05,0,0,0,0,1
P000217,65-74,female,Northstar Advantage,F05,0,1,1,0,0
P000218,85+,female,Northstar Advantage,F11,1,0,1,1,0
P000219,65-74,male,Medicare,F07,0,0,0,0,1
P000220,75-84,female,Medicare,F15,0,0,0,0,0
P000221,50-64,male,Evergreen Health Plan,F15,0,0,0,0,1
P000222,18-34,female,Self-pay,F06,0,0,0,0,0
P000223,75-84,female,Medicare,F06,1,0,0,1,1
P000224,50-64,female,Medicaid,F05,0,0,0,0,1
P000225,65-74,female,Northstar Advantage,F09,0,0,0,0,0
P000226,65-74,female,Northstar Advantage,F06,0,0,0,0,1
P000227,50-64,female,Medicaid,F07,0,0,0,0,0
P000228,75-84,male,Medicare,F05,0,1,1,0,0
P000229,18-34,female,Medicare,F04,0,0,0,0,0
P000230,75-84,female,Northstar Advantage,F15,1,0,0,0,1
P000231,18-34,male,Cascade Mutual,F07,0,0,0,0,0
P000232,18-34,female,Evergreen Health Plan,F06,0,0,0,0,0
P000233,65-74,male,Medicare,F04,0,0,1,0,0
P000234,65-74,female,Medicare,F05,0,0,1,0,1
P000235,75-84,male,Medicare,F05,0,1,0,1,1
P000236,50-64,female,Self-pay,F06,0,0,1,0,1
P000237,35-49,male,Evergreen Health Plan,F07,0,0,0,0,1
P000238,75-84,male,Northstar Advantage,F09,0,1,0,0,1
P000239,65-74,male,Northstar Advantage,F10,1,0,0,0,1
P000240,85+,female,Northstar Advantage,F07,0,0,1,0,1
P000241,75-84,male,Northstar Advantage,F05,0,1,0,0,1
P000242,50-64,female,Self-pay,F07,0,0,1,0,0
P000243,65-74,male,Northstar Advantage,F05,0,0,0,0,1
P000244,50-64,male,Evergreen Health Plan,F07,0,0,0,0,1
P000245,65-74,female,Evergreen Health Plan,F15,0,1,1,0,0
P000246,65-74,male,Medicare,F10,1,0,1,0,1
P000247,65-74,male,Medicare,F09,0,0,0,0,0
P000248,50-64,female,Medicare,F05,0,0,0,0,0
P000249,18-34,male,Cascade Mutual,F15,0,0,0,0,0
P000250,50-64,female,Medicaid,F08,0,0,0,0,1
P000251,50-64,female,Evergreen Health Plan,F15,0,1,0,0,0
P000252,35-49,female,Evergreen Health Plan,F06,0,0,0,0,0
P000253,35-49,male,Medicaid,F06,0,0,0,0,0
P000254,75-84,male,Medicare,F05,0,0,0,0,0
P000255,75-84,male,Northstar Advantage,F06,0,0,0,0,1
P000256,18-34,female,Cascade Mutual,F06,0,0,0,0,0
P000257,75-84,female,Medicare,F05,0,0,0,0,1
P000258,50-64,male,Medicaid,F04,0,0,1,0,0
P000259,35-49,male,Cascade Mutual,F05,0,0,0,0,0
P000260,50-64,female,Cascade Mutual,F09,0,0,0,0,1
P000261,50-64,male,Medicaid,F05,0,0,0,0,1
P000262,75-84,male,Medicare,F06,0,0,0,0,1
P000263,75-84,male,Northstar Advantage,F05,1,0,0,0,1
P000264,65-74,female,Medicare,F08,1,0,0,0,0
P000265,65-74,male,Evergreen Health Plan,F08,1,0,0,0,0
P000266,18-34,female,Evergreen Health Plan,F06,0,1,0,0,0
P000267,35-49,female,Evergreen Health Plan,F08,0,0,0,0,0
P000268,65-74,female,Medicare,F05,1,0,1,1,1
P000269,18-34,male,Self-pay,F04,0,0,0,0,0
P000270,35-49,female,Self-pay,F09,0,0,0,0,0
P000271,75-84,male,Northstar Advantage,F06,0,0,0,0,1
P000272,35-49,female,Medicaid,F05,0,1,0,0,0
P000273,18-34,female,Evergreen Health Plan,F04,0,0,0,0,0
P000274,18-34,female,Medicare,F06,0,0,0,0,0
P000275,50-64,female,Cascade Mutual,F07,0,0,0,0,0
P000276,50-64,female,Medicaid,F10,1,0,1,1,0
P000277,75-84,male,Medicare,F06,0,0,1,0,1
P000278,75-84,female,Medicare,F07,0,0,0,0,1
P000279,65-74,female,Medicare,F05,0,0,0,0,0
P000280,65-74,male,Medicare,F06,0,0,0,1,1
P000281,65-74,female,Medicare,F15,0,0,0,0,1
P000282,65-74,female,Medicare,F07,0,0,1,1,1
P000283,18-34,male,Medicaid,F06,0,0,0,0,0
P000284,50-64,female,Evergreen Health Plan,F06,0,0,1,1,0
P000285,75-84,male,Medicare,F04,0,0,0,1,0
P000286,85+,male,Medicare,F06,0,0,0,1,1
P000287,35-49,female,Medicaid,F06,0,0,0,0,0
P000288,18-34,female,Medicaid,F05,0,0,0,0,0
P000289,65-74,male,Cascade Mutual,F08,0,1,0,0,1
P000290,65-74,female,Medicare,F08,0,0,0,0,1
P000291,65-74,male,Medicaid,F10,1,0,0,0,1
P000292,50-64,female,Evergreen Health Plan,F06,0,0,1,0,1
P000293,18-34,female,Evergreen Health Plan,F15,0,0,0,0,0
P000294,50-64,male,Evergreen Health Plan,F08,0,0,0,0,0
P000295,75-84,male,Medicare,F11,1,0,0,0,1
P000296,85+,female,Northstar Advantage,F11,1,0,0,0,0
P000297,85+,female,Northstar Advantage,F08,0,0,0,0,1
P000298,35-49,female,Cascade Mutual,F15,0,1,0,0,0
P000299,50-64,female,Evergreen Health Plan,F10,1,0,0,0,1
P000300,65-74,male,Medicare,F06,0,0,0,1,0
P000301,35-49,female,Cascade Mutual,F09,0,0,0,0,0
P000302,35-49,female,Evergreen Health Plan,F09,0,0,0,0,0
P000303,65-74,female,Medicare,F15,0,0,0,0,0
P000304,75-84,female,Northstar Advantage,F08,0,0,0,0,0
P000305,65-74,female,Northstar Advantage,F06,0,0,0,0,1
P000306,75-84,male,Medicare,F06,0,0,0,0,1
P000307,75-84,female,Northstar Advantage,F07,0,0,0,1,1
P000308,18-34,female,Self-pay,F08,0,0,0,0,0
P000309,18-34,male,Cascade Mutual,F05,0,0,0,0,0
P000310,35-49,female,Cascade Mutual,F11,1,0,0,0,0
P000311,75-84,female,Medicare,F08,0,0,0,0,0
P000312,35-49,male,Medicaid,F08,0,0,1,0,0
P000313,85+,male,Medicare,F15,0,0,0,0,0
P000314,75-84,male,Medicare,F08,0,0,1,0,1
P000315,18-34,female,Cascade Mutual,F06,0,0,0,0,0
P000316,50-64,female,Medicaid,F09,0,0,1,0,1
P000317,18-34,male,Medicaid,F07,0,0,0,0,0
P000318,65-74,female,Cascade Mutual,F05,0,0,0,0,1
P000319,75-84,male,Medicare,F08,0,0,0,0,1
P000320,85+,male,Northstar Advantage,F05,0,0,0,0,1
P000321,65-74,female,Medicare,F04,0,0,1,0,0
P000322,75-84,male,Northstar Advantage,F04,0,0,0,1,0
P000323,75-84,female,Medicare,F06,0,0,1,0,1
P000324,50-64,male,Cascade Mutual,F04,0,1,1,0,0
P000325,18-34,male,Cascade Mutual,F05,0,0,0,0,0
P000326,75-84,male,Medicare,F07,0,1,0,1,1
P000327,50-64,male,Medicaid,F07,0,0,0,1,0
P000328,85+,female,Medicare,F09,0,0,0,0,1
P000329,65-74,male,Northstar Advantage,F09,0,0,0,0,1
P000330,50-64,male,Cascade Mutual,F07,0,0,0,0,1
P000331,50-64,female,Evergreen Health Plan,F05,0,0,0,0,1
P000332,65-74,female,Medicare,F06,0,0,0,0,1
P000333,65-74,male,Medicare,F09,0,0,1,0,1
P000334,18-34,female,Self-pay,F05,1,0,0,0,0
P000335,50-64,male,Medicaid,F09,0,0,0,0,0
P000336,35-49,female,Cascade Mutual,F15,0,0,0,0,0
P000337,75-84,female,Medicare,F06,0,0,0,1,1
P000338,50-64,male,Cascade Mutual,F06,1,0,0,0,1
P000339,18-34,male,Cascade Mutual,F04,0,0,0,0,0
P000340,50-64,male,Medicare,F08,0,0,0,0,1
P000341,35-49,male,Evergreen Health Plan,F06,0,0,1,0,0
P000342,75-84,female,Northstar Advantage,F10,1,0,0,1,1
P000343,85+,female,Medicare,F11,1,1,0,0,1
P000344,50-64,female,Evergreen Health Plan,F06,0,0,0,0,0
P000345,75-84,male,Northstar Advantage,F04,1,0,0,0,0
P000346,18-34,female,Evergreen Health Plan,F04,0,0,0,0,1
P000347,65-74,female,Medicare,F08,1,0,0,1,1
P000348,65-74,male,Northstar Advantage,F05,0,0,0,0,1
P000349,35-49,male,Evergreen Health Plan,F09,0,0,0,0,0
P000350,18-34,male,Self-pay,F09,0,0,0,0,0
P000351,50-64,female,Self-pay,F05,0,0,0,0,0
P000352,50-64,female,Medicaid,F06,0,0,0,0,1
P000353,35-49,male,Evergreen Health Plan,F08,0,0,0,0,0
P000354,85+,female,Northstar Advantage,F04,0,0,0,1,0
P000355,75-84,female,Evergreen Health Plan,F07,0,0,0,0,0
P000356,35-49,female,Evergreen Health Plan,F05,0,0,0,0,1
P000357,75-84,male,Medicare,F06,1,0,0,1,1
P000358,50-64,male,Medicaid,F09,0,0,0,0,0
P000359,75-84,male,Medicare,F06,0,0,0,0,1
P000360,65-74,female,Northstar Advantage,F05,0,0,1,0,1
P000361,85+,male,Medicare,F05,0,0,0,0,1
P000362,75-84,female,Northstar Advantage,F07,0,0,1,0,1
P000363,85+,female,Medicare,F10,1,0,0,0,1
P000364,50-64,male,Evergreen Health Plan,F09,0,0,0,0,1
P000365,65-74,male,Medicare,F04,0,0,0,0,1
P000366,35-49,male,Evergreen Health Plan,F09,0,0,0,0,0
P000367,18-34,male,Cascade Mutual,F05,0,0,1,0,0
P000368,65-74,female,Northstar Advantage,F04,0,0,1,0,0
P000369,75-84,male,Northstar Advantage,F06,0,1,0,1,1
P000370,65-74,female,Northstar Advantage,F06,0,0,0,0,1
P000371,65-74,female,Medicare,F07,1,0,0,0,1
P000372,85+,male,Evergreen Health Plan,F04,0,0,0,0,1
P000373,35-49,male,Evergreen Health Plan,F08,0,0,1,0,0
P000374,75-84,male,Evergreen Health Plan,F08,0,0,0,1,0
P000375,65-74,female,Medicaid,F07,0,0,1,0,1
P000376,50-64,male,Cascade Mutual,F10,1,0,0,0,0
P000377,35-49,male,Evergreen Health Plan,F06,0,0,0,0,1
P000378,50-64,male,Medicaid,F15,0,0,0,0,0
P000379,50-64,male,Medicare,F05,0,0,0,0,0
P000380,35-49,female,Cascade Mutual,F04,0,0,0,0,0
P000381,35-49,male,Medicaid,F05,0,0,1,0,0
P000382,35-49,male,Medicare,F07,0,0,0,0,1
P000383,35-49,male,Cascade Mutual,F08,0,0,0,0,0
P000384,75-84,female,Northstar Advantage,F09,0,0,0,0,1
P000385,75-84,male,Evergreen Health Plan,F11,1,0,1,1,1
P000386,50-64,female,Evergreen Health Plan,F15,0,0,0,0,1
P000387,65-74,female,Medicare,F07,0,1,0,0,1
P000388,50-64,female,Cascade Mutual,F09,0,0,0,0,0
P000389,18-34,female,Medicaid,F09,0,0,0,0,0
P000390,50-64,male,Medicaid,F09,0,0,0,0,0
P000391,50-64,male,Cascade Mutual,F15,0,0,0,0,0
P000392,65-74,female,Medicaid,F07,0,1,1,0,0
P000393,50-64,male,Medicaid,F05,0,0,0,0,0
P000394,35-49,female,Evergreen Health Plan,F05,0,0,0,0,0
P000395,65-74,male,Medicare,F07,0,0,0,0,1
P000396,65-74,female,Medicare,F08,0,0,0,0,0
P000397,35-49,female,Medicaid,F09,0,0,0,0,1
P000398,65-74,male,Medicare,F05,0,0,0,0,1
P000399,50-64,male,Evergreen Health Plan,F09,0,0,0,0,1
P000400,65-74,male,Medicare,F10,1,0,0,0,1
P000401,50-64,male,Evergreen Health Plan,F09,1,0,0,0,0
P000402,85+,female,Medicare,F07,0,0,0,0,1
P000403,18-34,male,Evergreen Health Plan,F07,0,0,0,1,0
P000404,50-64,female,Evergreen Health Plan,F05,0,0,0,0,1
P000405,50-64,female,Evergreen Health Plan,F04,0,0,1,0,1
P000406,65-74,male,Medicaid,F06,0,1,1,0,1
P000407,35-49,male,Medicaid,F06,0,0,0,0,0
P000408,50-64,male,Medicaid,F09,1,0,0,1,0
P000409,50-64,female,Medicaid,F04,0,0,0,0,0
P000410,65-74,female,Medicare,F09,0,0,0,0,1
P000411,50-64,male,Cascade Mutual,F10,1,0,1,0,0
P000412,35-49,female,Cascade Mutual,F05,0,0,0,0,0
P000413,85+,male,Medicare,F06,0,0,0,0,1
P000414,65-74,female,Northstar Advantage,F06,0,1,0,0,1
P000415,50-64,female,Cascade Mutual,F06,0,0,0,0,1
P000416,65-74,male,Medicare,F07,0,1,0,0,0
P000417,50-64,male,Medicaid,F15,0,0,0,0,1
P000418,35-49,male,Cascade Mutual,F15,0,0,0,0,0
P000419,65-74,female,Northstar Advantage,F04,1,0,0,0,1
P000420,18-34,female,Medicaid,F06,0,0,0,0,0
P000421,50-64,female,Evergreen Health Plan,F05,0,0,0,0,1
P000422,50-64,male,Cascade Mutual,F08,0,0,0,0,0
P000423,35-49,male,Cascade Mutual,F04,0,0,0,0,1
P000424,18-34,female,Medicaid,F08,0,0,0,0,0
P000425,50-64,male,Medicaid,F06,0,0,0,0,1
P000426,50-64,female,Evergreen Health Plan,F08,0,0,0,1,1
P000427,50-64,female,Cascade Mutual,F09,0,0,1,0,1
P000428,75-84,male,Cascade Mutual,F06,1,0,0,1,1
P000429,35-49,female,Cascade Mutual,F09,0,0,0,0,1
P000430,35-49,male,Evergreen Health Plan,F07,0,0,0,0,0
P000431,50-64,male,Cascade Mutual,F15,1,0,0,0,0
P000432,65-74,female,Medicare,F07,0,0,0,0,1
P000433,35-49,female,Cascade Mutual,F05,0,0,0,0,0
P000434,65-74,female,Medicare,F11,1,1,1,0,1
P000435,50-64,female,Cascade Mutual,F09,0,0,1,1,0
P000436,35-49,female,Medicare,F04,0,0,0,0,0
P000437,85+,male,Medicare,F04,0,0,0,1,1
P000438,85+,male,Cascade Mutual,F05,1,0,1,0,1
P000439,75-84,male,Northstar Advantage,F09,1,0,0,0,1
P000440,75-84,female,Evergreen Health Plan,F08,0,0,0,0,1
P000441,35-49,male,Cascade Mutual,F07,0,0,0,0,0
P000442,65-74,male,Medicare,F05,1,0,0,0,1
P000443,75-84,male,Northstar Advantage,F06,1,1,0,0,0
P000444,65-74,male,Medicare,F05,1,0,0,0,1
P000445,50-64,male,Cascade Mutual,F05,0,0,0,1,0
P000446,50-64,male,Self-pay,F15,0,0,0,0,0
P000447,50-64,male,Self-pay,F07,0,0,0,0,0
P000448,85+,female,Northstar Advantage,F05,0,0,1,1,1
P000449,65-74,male,Medicare,F04,0,0,0,0,0
P000450,50-64,female,Self-pay,F09,0,0,0,0,1
P000451,65-74,female,Northstar Advantage,F08,0,0,0,0,1
P000452,50-64,female,Evergreen Health Plan,F05,1,0,0,0,0
P000453,50-64,female,Medicaid,F04,0,1,0,0,1
P000454,18-34,female,Cascade Mutual,F04,0,0,0,0,0
P000455,18-34,female,Evergreen Health Plan,F09,0,0,0,0,0
P000456,50-64,male,Medicare,F09,0,0,0,0,0
P000457,50-64,male,Evergreen Health Plan,F08,0,0,0,0,1
P000458,50-64,male,Medicaid,F07,1,0,0,0,0
P000459,35-49,male,Evergreen Health Plan,F08,0,0,0,0,0
P000460,35-49,female,Medicaid,F15,0,0,0,0,0
P000461,50-64,male,Medicaid,F08,0,0,0,0,1
P000462,35-49,female,Self-pay,F04,0,0,0,0,1
P000463,35-49,male,Evergreen Health Plan,F04,0,0,0,0,0
P000464,75-84,male,Evergreen Health Plan,F10,1,0,0,0,1
P000465,50-64,male,Evergreen Health Plan,F15,0,0,0,0,1
P000466,50-64,male,Medicaid,F05,1,0,1,0,0
P000467,75-84,female,Medicare,F07,0,1,1,0,1
P000468,65-74,female,Medicare,F04,1,0,0,0,0
P000469,50-64,female,Evergreen Health Plan,F06,0,0,0,1,1
P000470,35-49,female,Medicaid,F06,0,0,0,0,0
P000471,75-84,male,Northstar Advantage,F09,0,0,0,1,1
P000472,50-64,female,Cascade Mutual,F07,0,0,0,0,0
P000473,18-34,male,Medicaid,F15,0,0,0,0,1
P000474,65-74,female,Northstar Advantage,F11,1,0,0,1,0
P000475,65-74,female,Northstar Advantage,F08,0,1,1,0,1
P000476,50-64,male,Evergreen Health Plan,F07,0,0,0,0,0
P000477,65-74,male,Medicare,F06,0,0,1,0,1
P000478,65-74,male,Northstar Advantage,F07,0,1,1,0,1
P000479,35-49,male,Medicare,F04,0,0,0,0,0
P000480,65-74,female,Medicare,F10,1,1,0,0,1
P000481,85+,female,Medicare,F09,1,1,0,0,1
P000482,65-74,male,Medicare,F07,0,0,1,0,0
P000483,65-74,female,Medicare,F11,1,0,0,0,1
P000484,75-84,male,Medicare,F07,0,0,0,1,0
P000485,35-49,female,Evergreen Health Plan,F06,0,0,0,0,0
P000486,50-64,female,Evergreen Health Plan,F08,0,0,0,0,1
P000487,50-64,female,Self-pay,F06,0,0,0,0,0
P000488,50-64,male,Medicaid,F04,0,0,0,0,1
P000489,65-74,female,Medicare,F11,1,1,0,0,1
P000490,50-64,male,Evergreen Health Plan,F06,0,0,0,0,0
P000491,75-84,female,Medicare,F15,0,0,1,0,1
P000492,75-84,male,Northstar Advantage,F08,0,0,0,1,1
P000493,50-64,male,Evergreen Health Plan,F08,1,0,1,0,1
P000494,50-64,male,Evergreen Health Plan,F07,0,1,1,0,1
P000495,35-49,male,Evergreen Health Plan,F05,0,0,0,0,0
P000496,35-49,male,Cascade Mutual,F04,0,0,0,0,0
P000497,65-74,female,Cascade Mutual,F07,0,1,0,0,1
P000498,35-49,male,Medicaid,F15,0,0,0,0,0
P000499,35-49,female,Evergreen Health Plan,F06,1,0,0,0,0
P000500,50-64,female,Cascade Mutual,F11,1,0,0,0,1
P000501,75-84,male,Medicare,F06,0,1,0,0,0
P000502,35-49,male,Evergreen Health Plan,F08,0,0,1,0,0
P000503,50-64,male,Cascade Mutual,F05,0,0,0,1,0
P000504,50-64,male,Cascade Mutual,F04,0,0,0,0,1
P000505,65-74,male,Northstar Advantage,F04,0,0,1,0,1
P000506,85+,female,Northstar Advantage,F07,0,0,0,0,1
P000507,75-84,female,Northstar Advantage,F15,0,0,0,1,0
P000508,65-74,female,Northstar Advantage,F06,0,0,0,0,1
P000509,18-34,female,Evergreen Health Plan,F09,0,0,0,0,0
P000510,65-74,female,Northstar Advantage,F07,0,0,0,0,1
P000511,85+,male,Medicare,F07,0,0,0,0,1
P000512,65-74,female,Medicare,F09,1,0,1,0,1
P000513,75-84,female,Medicare,F04,0,0,0,0,1
P000514,18-34,female,Cascade Mutual,F04,0,0,1,0,0
P000515,65-74,female,Northstar Advantage,F04,0,0,0,0,1
P000516,50-64,female,Cascade Mutual,F04,0,0,0,0,0
P000517,50-64,female,Evergreen Health Plan,F08,0,0,0,0,0
P000518,50-64,female,Cascade Mutual,F15,0,0,0,0,0
P000519,75-84,female,Northstar Advantage,F04,0,0,1,0,1
P000520,65-74,female,Medicare,F15,0,1,0,0,0
P000521,85+,male,Medicaid,F07,0,0,0,0,1
P000522,85+,male,Medicaid,F07,0,0,1,0,1
P000523,35-49,female,Evergreen Health Plan,F05,0,0,0,0,0
P000524,65-74,female,Evergreen Health Plan,F08,0,0,0,0,1
P000525,75-84,female,Medicare,F07,0,0,0,0,0
P000526,65-74,female,Medicare,F07,0,0,1,0,1
P000527,65-74,female,Northstar Advantage,F15,0,1,0,0,1
P000528,18-34,male,Cascade Mutual,F06,0,0,1,0,0
P000529,35-49,female,Evergreen Health Plan,F05,0,0,0,0,1
P000530,65-74,male,Medicare,F06,1,0,0,0,1
P000531,50-64,male,Evergreen Health Plan,F06,1,0,0,1,0
P000532,35-49,female,Evergreen Health Plan,F15,0,0,0,0,1
P000533,18-34,male,Evergreen Health Plan,F04,0,0,0,0,1
P000534,35-49,male,Medicaid,F09,1,0,0,0,0
P000535,35-49,female,Medicaid,F09,0,0,1,0,1
P000536,85+,male,Northstar Advantage,F07,0,0,0,0,0
P000537,35-49,female,Medicare,F04,0,0,0,0,0
P000538,65-74,female,Northstar Advantage,F11,1,0,0,0,0
P000539,18-34,male,Cascade Mutual,F09,0,0,0,0,0
P000540,65-74,male,Medicare,F05,0,0,0,0,1
P000541,35-49,male,Evergreen Health Plan,F08,0,1,0,0,0
P000542,65-74,male,Medicare,F09,0,0,0,0,1
P000543,65-74,male,Evergreen Health Plan,F08,0,0,0,0,0
P000544,50-64,male,Evergreen Health Plan,F09,0,0,0,0,0
P000545,35-49,female,Medicaid,F09,0,0,1,0,1
P000546,50-64,female,Medicare,F09,0,0,0,0,1
P000547,18-34,female,Self-pay,F07,0,0,0,0,0
P000548,65-74,female,Medicare,F04,0,0,0,0,1
P000549,85+,male,Medicare,F07,1,0,0,1,0
P000550,35-49,male,Evergreen Health Plan,F07,0,0,0,0,1
P000551,85+,female,Northstar Advantage,F06,0,0,0,0,1
P000552,85+,female,Northstar Advantage,F04,0,0,0,1,1
P000553,18-34,male,Cascade Mutual,F05,0,0,0,0,0
P000554,18-34,male,Cascade Mutual,F15,0,0,0,0,0
P000555,75-84,female,Evergreen Health Plan,F10,1,0,0,0,1
P000556,18-34,female,Evergreen Health Plan,F06,0,0,0,0,0
P000557,75-84,female,Northstar Advantage,F11,1,0,1,0,1
P000558,65-74,female,Northstar Advantage,F11,1,0,1,0,0
P000559,50-64,male,Cascade Mutual,F07,0,0,0,0,1
P000560,75-84,male,Northstar Advantage,F05,0,0,0,0,0
P000561,18-34,female,Evergreen Health Plan,F04,0,0,0,0,0
P000562,65-74,male,Evergreen Health Plan,F06,0,0,0,0,0
P000563,65-74,male,Medicare,F11,1,1,0,0,0
P000564,75-84,male,Northstar Advantage,F05,0,0,0,0,1
P000565,75-84,male,Medicare,F04,0,1,0,0,1
P000566,50-64,female,Medicaid,F07,0,0,0,0,0
P000567,18-34,male,Self-pay,F07,0,0,0,0,0
P000568,85+,female,Medicare,F10,1,1,0,0,1
P000569,65-74,male,Northstar Advantage,F04,0,0,0,0,1
P000570,18-34,male,Cascade Mutual,F04,0,1,0,0,0
P000571,50-64,male,Cascade Mutual,F06,0,0,0,0,0
P000572,35-49,male,Self-pay,F08,0,0,0,0,0
P000573,50-64,female,Cascade Mutual,F07,0,0,0,0,1
P000574,18-34,female,Medicare,F04,0,1,0,0,0
P000575,65-74,female,Medicare,F09,0,0,0,0,0
P000576,18-34,female,Cascade Mutual,F07,0,0,0,0,0
P000577,75-84,male,Northstar Advantage,F04,0,0,0,1,0
P000578,65-74,male,Self-pay,F09,0,0,1,0,1
P000579,50-64,female,Medicaid,F09,0,0,0,0,0
P000580,35-49,female,Self-pay,F04,0,0,0,0,0
P000581,65-74,female,Medicare,F04,0,1,0,0,0
P000582,85+,female,Medicare,F10,1,0,0,0,1
P000583,18-34,female,Medicaid,F05,0,0,0,0,0
P000584,75-84,female,Northstar Advantage,F07,0,1,0,0,1
P000585,65-74,female,Northstar Advantage,F05,0,0,0,0,1
P000586,50-64,male,Evergreen Health Plan,F15,1,0,0,0,1
P000587,50-64,female,Cascade Mutual,F11,1,0,0,0,1
P000588,50-64,male,Cascade Mutual,F05,0,0,0,0,1
P000589,50-64,male,Evergreen Health Plan,F04,0,0,0,0,0
P000590,50-64,female,Cascade Mutual,F05,0,0,0,0,0
P000591,50-64,female,Evergreen Health Plan,F08,0,0,0,0,0
P000592,75-84,female,Medicare,F15,0,1,0,1,0
P000593,85+,male,Medicare,F04,0,0,0,0,1
P000594,65-74,male,Self-pay,F05,0,0,0,0,0
P000595,75-84,female,Self-pay,F06,1,0,0,0,1
P000596,75-84,male,Northstar Advantage,F06,0,0,0,0,0
P000597,50-64,male,Self-pay,F08,0,0,0,0,1
P000598,65-74,female,Medicare,F06,1,0,1,0,0
P000599,65-74,female,Medicare,F04,0,0,0,0,0
P000600,85+,female,Northstar Advantage,F04,0,0,0,1,1
P000601,65-74,male,Cascade Mutual,F04,0,0,0,0,0
P000602,65-74,female,Medicare,F11,1,0,0,0,1
P000603,18-34,female,Evergreen Health Plan,F08,0,0,0,0,0
P000604,65-74,male,Northstar Advantage,F07,0,0,0,0,0
P000605,50-64,female,Medicaid,F06,0,0,0,0,1
P000606,65-74,female,Northstar Advantage,F07,0,0,0,0,1
P000607,75-84,male,Cascade Mutual,F15,0,0,0,0,1
P000608,65-74,female,Medicare,F08,0,0,0,0,1
P000609,85+,male,Northstar Advantage,F07,0,0,0,0,0
P000610,50-64,male,Cascade Mutual,F08,0,0,0,0,0
P000611,50-64,female,Cascade Mutual,F07,0,0,0,0,0
P000612,50-64,female,Cascade Mutual,F07,1,0,0,0,0
P000613,65-74,male,Medicare,F08,0,0,0,0,1
P000614,50-64,female,Self-pay,F07,0,0,0,0,1
P000615,18-34,male,Cascade Mutual,F04,0,0,0,0,0
P000616,75-84,female,Medicare,F04,1,1,0,0,1
P000617,50-64,male,Medicaid,F07,0,0,0,0,1
P000618,18-34,female,Medicaid,F09,0,0,0,0,1
P000619,18-34,male,Cascade Mutual,F08,0,0,0,0,0
P000620,85+,male,Northstar Advantage,F06,1,0,0,0,1
P000621,75-84,female,Medicare,F06,0,0,0,0,0
P000622,65-74,female,Medicare,F07,0,0,0,0,1
P000623,75-84,male,Medicare,F08,0,1,0,0,0
P000624,85+,female,Medicare,F06,0,1,1,0,1
P000625,85+,male,Evergreen Health Plan,F06,0,0,0,0,1
P000626,50-64,male,Self-pay,F08,0,1,0,0,0
P000627,35-49,female,Evergreen Health Plan,F06,0,0,0,0,0
P000628,35-49,female,Cascade Mutual,F15,0,0,0,0,0
P000629,65-74,male,Northstar Advantage,F08,0,0,0,1,0
P000630,75-84,male,Medicare,F06,0,1,0,0,1
P000631,65-74,male,Medicare,F08,0,0,0,0,0
P000632,85+,male,Medicare,F11,1,0,0,0,0
P000633,65-74,female,Evergreen Health Plan,F04,0,0,1,0,1
P000634,35-49,female,Evergreen Health Plan,F04,0,0,0,0,0
P000635,50-64,female,Evergreen Health Plan,F05,0,0,0,0,1
P000636,65-74,male,Medicare,F09,0,0,0,0,0
P000637,50-64,male,Medicaid,F04,0,0,0,1,0
P000638,18-34,female,Self-pay,F09,0,0,0,0,0
P000639,75-84,female,Northstar Advantage,F05,0,0,0,0,1
P000640,75-84,female,Northstar Advantage,F08,0,0,0,0,0
P000641,50-64,male,Cascade Mutual,F15,0,0,0,0,0
P000642,50-64,female,Medicaid,F08,0,0,0,0,0
P000643,75-84,male,Medicare,F08,0,1,0,1,0
P000644,75-84,male,Northstar Advantage,F07,0,0,0,0,0
P000645,65-74,male,Medicare,F09,0,0,0,0,0
P000646,50-64,female,Medicaid,F07,0,0,0,0,0
P000647,85+,female,Northstar Advantage,F09,0,0,0,0,0
P000648,18-34,male,Cascade Mutual,F08,0,0,0,0,1
P000649,75-84,male,Medicare,F04,0,0,0,1,1
P000650,65-74,male,Evergreen Health Plan,F05,0,0,0,0,1
P000651,75-84,male,Medicare,F05,0,0,1,0,0
P000652,35-49,male,Medicaid,F04,1,0,0,0,1
P000653,18-34,male,Evergreen Health Plan,F04,0,0,0,0,0
P000654,65-74,female,Medicare,F09,1,0,0,0,1
P000655,65-74,male,Medicaid,F10,1,0,0,0,1
P000656,75-84,male,Medicare,F10,1,0,1,0,0
P000657,65-74,female,Medicare,F09,0,0,0,0,1
P000658,85+,female,Medicare,F08,1,0,0,1,1
P000659,50-64,male,Evergreen Health Plan,F04,0,0,1,0,0
P000660,35-49,female,Evergreen Health Plan,F07,0,0,0,0,0
P000661,75-84,female,Medicare,F15,0,0,0,0,1
P000662,65-74,male,Northstar Advantage,F07,0,0,0,0,0
P000663,75-84,female,Northstar Advantage,F07,0,0,0,0,1
P000664,35-49,male,Cascade Mutual,F04,0,0,0,0,0
P000665,35-49,male,Medicare,F05,0,0,0,0,0
P000666,65-74,female,Cascade Mutual,F06,0,0,1,0,1
P000667,65-74,male,Medicare,F06,0,0,0,1,0
P000668,65-74,female,Medicare,F04,0,0,0,0,1
P000669,35-49,female,Evergreen Health Plan,F09,0,0,1,0,0
P000670,75-84,female,Medicare,F07,0,0,1,0,0
P000671,65-74,male,Northstar Advantage,F07,0,0,0,0,1
P000672,50-64,female,Evergreen Health Plan,F09,0,0,0,0,1
P000673,35-49,female,Cascade Mutual,F06,0,0,0,0,1
P000674,50-64,male,Medicaid,F09,0,0,1,0,1
P000675,50-64,female,Evergreen Health Plan,F04,0,0,0,0,0
P000676,35-49,female,Self-pay,F07,0,0,0,0,1
P000677,65-74,male,Medicaid,F07,0,0,0,0,0
P000678,50-64,male,Evergreen Health Plan,F09,0,1,0,0,1
P000679,50-64,male,Medicaid,F09,0,1,0,0,0
P000680,18-34,male,Evergreen Health Plan,F06,0,0,0,0,0
P000681,50-64,female,Medicaid,F09,0,0,0,0,0
P000682,18-34,female,Medicaid,F06,0,0,0,0,0
P000683,65-74,male,Northstar Advantage,F08,0,0,0,0,1
P000684,65-74,male,Northstar Advantage,F08,0,0,1,1,0
P000685,85+,female,Medicare,F15,0,0,0,0,0
P000686,50-64,female,Evergreen Health Plan,F15,0,0,0,1,0
P000687,50-64,male,Cascade Mutual,F04,1,0,1,0,1
P000688,85+,male,Northstar Advantage,F11,1,0,0,0,1
P000689,65-74,female,Medicare,F08,0,0,0,0,1
P000690,50-64,female,Medicaid,F05,0,0,1,0,0
P000691,75-84,male,Medicare,F06,0,1,1,0,1
P000692,18-34,female,Medicaid,F04,0,0,0,0,0
P000693,18-34,female,Cascade Mutual,F04,0,0,0,0,0
P000694,35-49,female,Medicaid,F05,1,0,0,0,1
P000695,65-74,male,Medicare,F08,0,1,0,0,1
P000696,85+,male,Medicare,F09,0,0,1,1,1
P000697,18-34,female,Cascade Mutual,F04,0,0,0,0,0
P000698,35-49,female,Evergreen Health Plan,F04,0,0,0,0,0
P000699,35-49,male,Self-pay,F07,0,0,0,0,0
P000700,18-34,male,Evergreen Health Plan,F09,0,0,0,0,0
P000701,65-74,female,Medicaid,F04,0,0,0,0,1
P000702,65-74,male,Northstar Advantage,F10,1,0,0,0,1
P000703,18-34,female,Evergreen Health Plan,F04,0,0,0,0,0
P000704,18-34,male,Self-pay,F04,0,0,0,0,0
P000705,35-49,male,Medicaid,F04,0,0,0,0,0
P000706,50-64,male,Medicaid,F05,0,0,0,0,0
P000707,65-74,male,Northstar Advantage,F04,0,0,0,0,0
P000708,85+,female,Medicare,F07,0,0,0,1,1
P000709,75-84,male,Medicare,F10,1,0,0,0,1
P000710,50-64,male,Evergreen Health Plan,F06,0,0,0,0,0
P000711,85+,male,Medicaid,F09,0,1,0,0,1
P000712,65-74,female,Medicare,F08,1,0,0,1,0
P000713,65-74,male,Northstar Advantage,F07,1,0,0,0,1
P000714,65-74,female,Medicare,F07,0,0,0,0,0
P000715,85+,female,Medicare,F06,0,0,1,0,1
P000716,35-49,female,Evergreen Health Plan,F15,0,0,0,0,0
P000717,75-84,male,Medicare,F10,1,0,0,1,1
P000718,75-84,female,Northstar Advantage,F06,1,0,1,0,0
P000719,50-64,male,Evergreen Health Plan,F07,0,1,0,0,1
P000720,50-64,male,Self-pay,F04,0,0,0,0,1
P000721,50-64,male,Medicaid,F06,0,0,0,0,0
P000722,65-74,female,Medicare,F08,1,0,0,0,1
P000723,85+,female,Medicare,F08,1,0,0,0,0
P000724,35-49,male,Cascade Mutual,F06,0,0,0,0,0
P000725,50-64,male,Evergreen Health Plan,F04,0,0,0,0,1
P000726,50-64,male,Cascade Mutual,F04,0,0,0,0,0
P000727,65-74,female,Northstar Advantage,F05,0,0,0,0,0
P000728,65-74,female,Northstar Advantage,F09,0,0,0,0,0
P000729,75-84,male,Northstar Advantage,F06,0,0,0,0,0
P000730,75-84,female,Medicare,F06,0,0,0,0,0
P000731,65-74,male,Medicare,F05,0,0,0,1,1
P000732,50-64,female,Evergreen Health Plan,F09,0,0,0,0,0
P000733,50-64,female,Self-pay,F15,0,0,0,0,1
P000734,50-64,male,Cascade Mutual,F08,0,0,0,0,0
P000735,35-49,male,Medicaid,F07,0,0,0,0,0
P000736,85+,male,Medicare,F08,0,0,0,1,1
P000737,35-49,female,Cascade Mutual,F04,0,0,0,0,0
P000738,65-74,male,Northstar Advantage,F07,0,0,0,0,0
P000739,35-49,male,Medicare,F04,0,0,0,0,1
P000740,35-49,male,Evergreen Health Plan,F07,0,0,0,0,0
P000741,65-74,female,Medicare,F11,1,0,0,0,1
P000742,35-49,female,Evergreen Health Plan,F08,0,0,0,0,0
P000743,18-34,female,Medicaid,F07,0,0,0,0,0
P000744,65-74,female,Medicare,F04,0,0,0,0,1
P000745,18-34,female,Cascade Mutual,F08,0,0,0,0,0
P000746,50-64,male,Evergreen Health Plan,F06,0,0,1,0,0
P000747,75-84,male,Northstar Advantage,F04,0,0,0,0,0
P000748,85+,male,Medicare,F08,0,0,0,1,1
P000749,50-64,female,Cascade Mutual,F06,0,0,1,0,1
P000750,75-84,male,Northstar Advantage,F08,0,0,0,0,1
P000751,18-34,male,Cascade Mutual,F04,0,0,0,0,0
P000752,65-74,male,Northstar Advantage,F09,0,1,0,0,1
P000753,65-74,male,Medicaid,F05,0,0,0,0,1
P000754,75-84,female,Evergreen Health Plan,F06,0,0,0,1,1
P000755,35-49,female,Medicare,F05,0,0,0,0,0
P000756,50-64,female,Medicaid,F04,0,0,0,0,0
P000757,85+,female,Northstar Advantage,F05,0,0,0,1,0
P000758,18-34,female,Evergreen Health Plan,F06,0,0,0,0,0
P000759,75-84,male,Medicare,F15,1,0,1,1,1
P000760,18-34,female,Cascade Mutual,F04,0,0,0,0,0
P000761,18-34,female,Medicaid,F07,0,0,0,0,0
P000762,75-84,female,Evergreen Health Plan,F09,0,0,0,0,1
P000763,75-84,male,Northstar Advantage,F07,0,0,0,0,0
P000764,50-64,female,Cascade Mutual,F09,0,0,0,0,1
P000765,65-74,male,Northstar Advantage,F15,1,0,1,0,0
P000766,35-49,female,Evergreen Health Plan,F09,0,0,0,0,0
P000767,50-64,female,Cascade Mutual,F15,0,0,0,0,0
P000768,75-84,female,Medicare,F07,0,0,1,1,1
P000769,50-64,male,Medicare,F09,0,1,0,0,0
P000770,18-34,male,Evergreen Health Plan,F05,0,0,0,0,0
P000771,35-49,male,Cascade Mutual,F15,0,0,1,0,0
P000772,85+,male,Northstar Advantage,F09,0,0,0,0,1
P000773,65-74,female,Medicare,F09,0,0,0,1,1
P000774,85+,male,Northstar Advantage,F04,0,0,0,1,1
P000775,75-84,female,Cascade Mutual,F05,0,0,0,1,1
P000776,50-64,male,Self-pay,F08,0,0,0,0,1
P000777,75-84,female,Medicare,F07,0,0,0,1,1
P000778,75-84,female,Medicare,F05,1,0,0,1,1
P000779,35-49,female,Evergreen Health Plan,F04,0,0,1,0,0
P000780,65-74,female,Northstar Advantage,F06,0,0,0,1,0
P000781,85+,female,Medicare,F09,0,0,0,0,1
P000782,85+,male,Medicare,F10,1,1,0,1,1
P000783,18-34,male,Evergreen Health Plan,F07,0,0,0,0,0
P000784,50-64,male,Evergreen Health Plan,F04,0,1,0,0,0
P000785,18-34,female,Evergreen Health Plan,F08,0,0,0,0,0
P000786,18-34,male,Cascade Mutual,F04,0,0,0,0,1
P000787,75-84,female,Medicare,F04,0,0,1,0,0
P000788,35-49,male,Medicare,F08,0,0,0,0,0
P000789,18-34,male,Self-pay,F05,0,0,1,0,0
P000790,75-84,female,Northstar Advantage,F06,0,0,0,0,1
P000791,18-34,female,Self-pay,F04,0,0,0,0,0
P000792,75-84,female,Medicare,F04,0,0,0,0,0
P000793,65-74,male,Medicare,F08,0,0,0,0,1
P000794,35-49,female,Medicaid,F05,0,0,0,0,0
P000795,65-74,female,Evergreen Health Plan,F08,0,0,0,0,1
P000796,65-74,male,Northstar Advantage,F09,0,1,0,1,1
P000797,65-74,male,Northstar Advantage,F04,0,0,0,0,1
P000798,85+,male,Evergreen Health Plan,F05,0,0,1,0,1
P000799,75-84,female,Northstar Advantage,F09,0,0,1,0,1
P000800,18-34,female,Evergreen Health Plan,F06,0,0,0,0,0
P000801,18-34,male,Medicare,F05,0,0,0,0,0
P000802,35-49,female,Medicare,F09,0,1,0,0,1
P000803,65-74,female,Northstar Advantage,F11,1,0,0,0,0
P000804,50-64,female,Evergreen Health Plan,F09,0,0,0,0,0
P000805,18-34,male,Cascade Mutual,F07,0,0,0,0,0
P000806,50-64,female,Medicaid,F08,0,0,1,0,0
P000807,65-74,female,Medicare,F04,0,0,1,1,1
P000808,85+,female,Cascade Mutual,F04,1,0,0,0,0
P000809,75-84,male,Northstar Advantage,F06,0,0,0,0,1
P000810,35-49,male,Evergreen Health Plan,F06,0,0,0,0,0
P000811,50-64,male,Cascade Mutual,F06,0,0,0,0,1
P000812,75-84,male,Northstar Advantage,F05,1,1,0,0,1
P000813,75-84,female,Medicare,F09,0,0,1,1,1
P000814,65-74,female,Northstar Advantage,F07,0,0,0,0,0
P000815,75-84,male,Northstar Advantage,F06,1,0,0,0,0
P000816,35-49,male,Medicare,F07,0,0,0,0,0
P000817,75-84,male,Medicare,F06,1,0,0,0,1
P000818,18-34,female,Medicare,F09,0,0,0,0,1
P000819,35-49,female,Evergreen Health Plan,F05,0,0,0,0,0
P000820,75-84,female,Cascade Mutual,F04,0,0,0,0,1
P000821,35-49,male,Cascade Mutual,F06,0,0,1,0,0
P000822,65-74,male,Medicare,F07,1,0,1,0,0
P000823,75-84,male,Evergreen Health Plan,F08,0,1,0,0,1
P000824,65-74,male,Medicare,F04,0,0,0,0,1
P000825,75-84,female,Medicare,F07,0,0,1,0,1
P000826,35-49,female,Cascade Mutual,F05,0,0,0,0,0
P000827,35-49,female,Medicaid,F08,0,0,0,0,1
P000828,50-64,female,Evergreen Health Plan,F04,0,0,1,0,1
P000829,18-34,male,Cascade Mutual,F04,0,0,0,0,1
P000830,75-84,male,Northstar Advantage,F10,1,1,0,0,1
P000831,75-84,female,Northstar Advantage,F15,0,0,0,0,1
P000832,65-74,female,Evergreen Health Plan,F06,1,0,0,0,0
P000833,65-74,female,Medicare,F07,0,0,0,0,0
P000834,65-74,male,Medicare,F09,0,0,0,0,1
P000835,50-64,female,Evergreen Health Plan,F09,0,0,0,0,1
P000836,35-49,female,Medicare,F15,0,0,0,0,0
P000837,65-74,female,Evergreen Health Plan,F15,0,0,0,0,1
P000838,35-49,male,Medicaid,F08,0,0,0,0,0
P000839,50-64,male,Medicare,F07,0,0,1,0,0
P000840,85+,female,Northstar Advantage,F08,0,0,0,0,1
P000841,18-34,male,Medicaid,F06,0,0,0,0,0
P000842,50-64,male,Self-pay,F09,0,0,0,0,0
P000843,18-34,female,Cascade Mutual,F15,0,0,0,0,0
P000844,75-84,female,Medicare,F07,0,0,0,1,0
P000845,18-34,male,Medicaid,F08,0,0,0,0,0
P000846,65-74,female,Northstar Advantage,F10,1,0,0,0,1
P000847,75-84,female,Medicare,F07,1,0,0,1,1
P000848,35-49,female,Evergreen Health Plan,F04,0,0,0,0,0
P000849,75-84,female,Medicare,F09,0,0,0,0,0
P000850,50-64,female,Medicaid,F07,0,0,0,0,1
P000851,18-34,female,Evergreen Health Plan,F07,0,0,0,0,0
P000852,65-74,female,Medicare,F11,1,0,0,0,1
P000853,50-64,male,Cascade Mutual,F07,0,0,0,0,0
P000854,35-49,female,Cascade Mutual,F09,0,0,0,0,0
P000855,75-84,female,Medicare,F10,1,0,1,0,0
P000856,65-74,female,Medicare,F07,0,0,0,0,1
P000857,75-84,female,Medicare,F05,0,0,1,1,1
P000858,50-64,female,Evergreen Health Plan,F05,0,0,0,0,1
P000859,65-74,female,Medicare,F07,0,0,0,0,0
P000860,85+,female,Northstar Advantage,F10,1,0,0,0,0
P000861,50-64,female,Self-pay,F06,0,0,0,0,1
P000862,50-64,female,Evergreen Health Plan,F08,0,0,0,0,1
P000863,35-49,female,Cascade Mutual,F05,0,0,0,0,1
P000864,65-74,male,Medicare,F06,0,0,0,0,1
P000865,50-64,female,Medicaid,F15,0,0,0,0,0
P000866,50-64,male,Evergreen Health Plan,F04,0,0,0,0,0
P000867,75-84,female,Northstar Advantage,F15,0,0,1,0,1
P000868,35-49,female,Cascade Mutual,F06,0,0,0,0,0
P000869,35-49,female,Evergreen Health Plan,F04,0,0,0,0,0
P000870,85+,male,Medicare,F05,1,0,0,0,1
P000871,35-49,female,Evergreen Health Plan,F08,0,0,0,0,0
P000872,18-34,female,Medicaid,F04,0,0,0,0,1
P000873,50-64,female,Cascade Mutual,F04,0,0,0,0,0
P000874,50-64,female,Evergreen Health Plan,F09,1,0,0,1,1
P000875,85+,male,Medicare,F06,0,0,0,0,1
P000876,65-74,female,Medicare,F04,0,0,1,1,0
P000877,50-64,female,Cascade Mutual,F09,1,0,0,0,1
P000878,35-49,female,Cascade Mutual,F04,0,0,0,0,0
P000879,50-64,male,Evergreen Health Plan,F07,0,0,0,0,1
P000880,35-49,female,Evergreen Health Plan,F15,0,0,0,0,1
P000881,65-74,male,Medicare,F09,0,0,1,0,1
P000882,75-84,female,Medicaid,F09,0,1,1,0,0
P000883,75-84,female,Northstar Advantage,F09,0,1,0,0,0
P000884,65-74,female,Medicare,F05,1,0,0,0,1
P000885,75-84,male,Medicare,F05,0,0,0,0,1
P000886,65-74,male,Northstar Advantage,F09,0,0,1,0,1
P000887,50-64,male,Evergreen Health Plan,F07,0,0,0,0,1
P000888,65-74,male,Medicare,F09,0,0,1,1,0
P000889,18-34,male,Self-pay,F07,0,0,0,0,0
P000890,65-74,female,Medicare,F04,0,0,0,0,1
P000891,65-74,female,Northstar Advantage,F05,0,0,0,1,0
P000892,85+,male,Medicare,F05,0,0,1,0,1
P000893,50-64,female,Medicaid,F07,0,0,0,0,1
P000894,65-74,female,Medicare,F04,0,1,0,0,0
P000895,50-64,female,Cascade Mutual,F15,0,0,0,0,0
P000896,65-74,female,Medicare,F10,1,0,0,0,0
P000897,35-49,male,Cascade Mutual,F09,0,0,0,0,0
P000898,50-64,male,Evergreen Health Plan,F08,0,0,0,0,1
P000899,75-84,male,Northstar Advantage,F05,0,0,1,0,1
P000900,18-34,male,Medicaid,F05,0,0,0,0,0
P000901,85+,female,Self-pay,F04,0,0,0,0,1
P000902,50-64,male,Evergreen Health Plan,F08,0,0,1,0,0
P000903,75-84,female,Medicare,F07,0,0,1,0,1
P000904,65-74,female,Evergreen Health Plan,F07,0,0,1,0,0
P000905,75-84,male,Medicare,F05,0,0,0,0,1
P000906,35-49,male,Self-pay,F05,0,0,0,0,0
P000907,65-74,male,Self-pay,F08,0,0,0,0,0
P000908,75-84,male,Medicare,F08,0,0,0,1,1
P000909,18-34,female,Evergreen Health Plan,F09,0,0,0,0,0
P000910,65-74,female,Medicare,F11,1,0,0,0,0
P000911,50-64,male,Medicare,F07,0,0,0,0,0
P000912,50-64,male,Medicare,F08,0,0,0,0,1
P000913,50-64,female,Cascade Mutual,F06,0,0,0,0,0
P000914,65-74,female,Medicare,F05,0,0,0,0,0
P000915,75-84,male,Medicaid,F04,0,0,1,0,0
P000916,65-74,male,Medicare,F09,0,0,0,0,1
P000917,35-49,female,Medicaid,F04,0,0,0,0,1
P000918,50-64,male,Cascade Mutual,F15,0,0,0,0,0
P000919,65-74,female,Evergreen Health Plan,F07,0,1,0,0,1
P000920,65-74,male,Medicare,F10,1,0,0,0,1
P000921,50-64,female,Cascade Mutual,F07,0,0,1,0,1
P000922,35-49,female,Evergreen Health Plan,F15,0,0,1,0,0
P000923,18-34,male,Cascade Mutual,F05,0,0,0,0,0
P000924,18-34,female,Medicare,F15,0,0,0,0,1
P000925,50-64,female,Medicaid,F06,0,0,0,0,0
P000926,65-74,male,Medicare,F04,0,0,0,0,0
P000927,65-74,male,Northstar Advantage,F05,0,1,0,0,1
P000928,65-74,female,Northstar Advantage,F15,0,0,0,1,1
P000929,85+,male,Medicare,F15,1,0,0,1,1
P000930,35-49,female,Evergreen Health Plan,F06,0,1,0,0,0
P000931,65-74,male,Medicaid,F09,0,0,1,0,1
P000932,65-74,female,Medicare,F05,0,0,0,0,1
P000933,75-84,male,Medicare,F06,0,0,0,0,1
P000934,85+,male,Medicare,F04,0,0,0,1,1
P000935,35-49,female,Evergreen Health Plan,F15,0,0,1,0,1
P000936,50-64,male,Medicaid,F09,0,0,0,0,0
P000937,50-64,male,Cascade Mutual,F05,1,0,0,0,0
P000938,35-49,male,Medicaid,F08,0,0,0,0,0
P000939,18-34,female,Self-pay,F04,0,0,0,0,0
P000940,18-34,female,Cascade Mutual,F08,0,0,0,0,0
P000941,65-74,male,Northstar Advantage,F11,1,0,0,0,1
P000942,50-64,female,Evergreen Health Plan,F06,0,0,1,0,1
P000943,18-34,male,Evergreen Health Plan,F04,0,0,0,0,0
P000944,75-84,male,Medicare,F09,1,0,0,0,1
P000945,65-74,male,Northstar Advantage,F05,0,0,0,0,1
P000946,75-84,female,Medicare,F06,0,1,0,1,1
P000947,65-74,male,Medicare,F06,0,0,1,0,0
P000948,35-49,female,Evergreen Health Plan,F04,1,0,0,0,0
P000949,35-49,female,Medicaid,F07,1,0,0,0,0
P000950,65-74,male,Northstar Advantage,F07,0,0,0,0,1
P000951,35-49,female,Medicaid,F06,0,0,0,0,0
P000952,35-49,male,Medicaid,F09,0,0,1,0,0
P000953,50-64,female,Evergreen Health Plan,F05,0,0,0,0,1
P000954,50-64,male,Medicaid,F04,0,0,0,0,0
P000955,75-84,male,Medicare,F10,1,0,1,0,1
P000956,75-84,female,Self-pay,F08,0,0,0,0,0
P000957,75-84,female,Northstar Advantage,F10,1,0,1,0,0
P000958,18-34,male,Medicaid,F09,0,0,0,0,0
P000959,75-84,male,Northstar Advantage,F07,0,0,0,1,1
P000960,65-74,female,Medicare,F09,1,0,0,0,0
P000961,85+,male,Medicare,F15,0,0,0,1,1
P000962,65-74,female,Medicare,F04,0,0,0,0,1
P000963,50-64,female,Evergreen Health Plan,F15,0,1,0,0,1
P000964,65-74,female,Northstar Advantage,F08,0,0,0,1,1
P000965,65-74,male,Medicare,F06,0,0,0,0,0
P000966,50-64,female,Medicaid,F05,0,0,1,0,0
P000967,35-49,female,Cascade Mutual,F07,0,0,0,0,0
P000968,85+,female,Northstar Advantage,F11,1,0,1,0,1
P000969,85+,male,Medicaid,F05,0,0,0,0,1
P000970,85+,female,Medicare,F10,1,0,0,1,1
P000971,50-64,male,Self-pay,F04,0,0,1,0,1
P000972,65-74,female,Medicare,F09,0,0,0,0,0
P000973,50-64,female,Cascade Mutual,F09,0,0,0,0,1
P000974,18-34,female,Cascade Mutual,F04,0,0,0,0,0
P000975,65-74,male,Medicare,F11,1,0,1,0,0
P000976,65-74,male,Medicare,F11,1,0,0,0,0
P000977,75-84,male,Medicare,F05,1,0,0,0,0
P000978,50-64,female,Medicare,F07,0,0,0,0,0
P000979,75-84,female,Self-pay,F15,1,0,0,1,1
P000980,18-34,female,Evergreen Health Plan,F04,0,0,0,0,0
P000981,65-74,male,Medicare,F09,0,0,0,0,0
P000982,50-64,female,Cascade Mutual,F05,0,1,0,0,1
P000983,18-34,female,Evergreen Health Plan,F08,0,0,0,0,0
P000984,35-49,male,Self-pay,F08,0,0,0,0,1
P000985,50-64,female,Medicaid,F04,0,0,0,0,0
P000986,35-49,female,Cascade Mutual,F10,1,0,0,0,0
P000987,50-64,female,Cascade Mutual,F05,0,0,0,0,0
P000988,85+,male,Medicare,F08,0,1,0,1,1
P000989,50-64,female,Cascade Mutual,F09,0,0,0,0,1
P000990,35-49,female,Medicare,F07,0,0,0,0,0
P000991,65-74,female,Northstar Advantage,F08,0,0,1,0,0
P000992,35-49,female,Evergreen Health Plan,F15,0,0,0,0,1
P000993,65-74,female,Northstar Advantage,F04,0,0,1,0,1
P000994,75-84,male,Medicare,F08,0,0,1,0,1
P000995,65-74,female,Northstar Advantage,F04,0,1,0,0,0
P000996,75-84,female,Cascade Mutual,F05,0,0,1,0,1
P000997,50-64,male,Evergreen Health Plan,F08,0,0,1,0,0
P000998,75-84,female,Northstar Advantage,F07,0,0,1,1,1
P000999,35-49,female,Evergreen Health Plan,F07,0,0,0,0,1
P001000,85+,male,Northstar Advantage,F05,0,0,0,0,0
P001001,65-74,male,Medicaid,F09,0,0,0,0,0
P001002,65-74,female,Medicare,F04,0,0,1,1,0
P001003,65-74,female,Self-pay,F04,1,0,1,0,1
P001004,75-84,male,Northstar Advantage,F04,0,1,0,0,1
P001005,65-74,female,Self-pay,F06,0,0,0,0,0
P001006,50-64,male,Medicaid,F09,0,0,0,0,1
P001007,65-74,male,Medicare,F07,0,0,0,0,1
P001008,35-49,male,Cascade Mutual,F05,0,0,0,0,1
P001009,35-49,female,Self-pay,F06,0,0,0,0,1
P001010,18-34,female,Cascade Mutual,F15,0,0,0,0,0
P001011,75-84,female,Medicare,F15,1,1,1,0,1
P001012,65-74,male,Northstar Advantage,F04,0,1,0,0,0
P001013,65-74,female,Medicare,F11,1,0,0,0,0
P001014,65-74,male,Northstar Advantage,F05,0,0,0,0,0
P001015,50-64,female,Medicaid,F06,0,0,0,0,0
P001016,75-84,male,Evergreen Health Plan,F15,0,0,0,0,1
P001017,75-84,male,Medicare,F09,0,0,0,0,1
P001018,35-49,male,Medicaid,F08,0,0,0,0,1
P001019,18-34,male,Evergreen Health Plan,F05,0,0,0,0,0
P001020,65-74,female,Medicaid,F11,1,0,0,0,1
P001021,65-74,male,Medicare,F10,1,0,0,0,0
P001022,50-64,male,Cascade Mutual,F07,0,0,0,0,0
P001023,50-64,female,Cascade Mutual,F07,0,0,0,0,1
P001024,50-64,female,Evergreen Health Plan,F09,0,0,0,0,1
P001025,75-84,female,Northstar Advantage,F07,0,0,0,0,0
P001026,35-49,male,Evergreen Health Plan,F15,0,0,0,0,0
P001027,65-74,male,Medicare,F09,0,0,0,0,0
P001028,75-84,male,Medicare,F05,0,0,0,0,1
P001029,65-74,female,Northstar Advantage,F05,0,0,0,0,1
P001030,65-74,male,Medicare,F05,0,0,0,0,0
P001031,50-64,female,Medicaid,F08,0,0,0,0,0
P001032,85+,female,Medicare,F11,1,0,0,1,0
P001033,50-64,male,Cascade Mutual,F06,0,0,1,0,1
P001034,65-74,male,Northstar Advantage,F04,0,0,0,0,0
P001035,75-84,male,Northstar Advantage,F05,1,0,0,0,1
P001036,65-74,female,Northstar Advantage,F15,0,0,0,0,0
P001037,35-49,female,Medicaid,F06,0,0,0,0,0
P001038,75-84,male,Medicare,F06,0,0,0,0,0
P001039,18-34,male,Medicaid,F09,0,0,0,0,0
P001040,35-49,male,Cascade Mutual,F06,0,0,1,0,0
P001041,65-74,female,Northstar Advantage,F08,0,0,0,0,1
P001042,50-64,male,Cascade Mutual,F09,0,0,0,0,0
P001043,35-49,female,Medicare,F08,0,0,0,0,1
P001044,35-49,male,Cascade Mutual,F07,0,0,0,0,0
P001045,65-74,female,Medicare,F04,1,0,0,0,0
P001046,75-84,female,Medicare,F10,1,0,0,0,1
P001047,50-64,female,Cascade Mutual,F09,1,1,0,0,1
P001048,65-74,male,Medicare,F11,1,0,0,0,0
P001049,75-84,female,Northstar Advantage,F06,0,0,0,0,1
P001050,18-34,female,Evergreen Health Plan,F08,0,0,0,0,0
P001051,50-64,male,Evergreen Health Plan,F04,0,0,0,0,1
P001052,35-49,male,Medicaid,F05,0,0,0,0,0
P001053,35-49,female,Cascade Mutual,F04,0,0,1,0,0
P001054,65-74,female,Medicare,F05,0,1,0,0,0
P001055,65-74,female,Medicare,F08,0,0,1,0,0
P001056,85+,male,Medicare,F08,0,0,1,0,1
P001057,18-34,female,Evergreen Health Plan,F09,0,0,0,0,0
P001058,35-49,female,Cascade Mutual,F04,0,0,0,0,0
P001059,65-74,female,Medicare,F15,0,0,0,1,0
P001060,65-74,female,Medicare,F06,1,0,0,0,1
P001061,65-74,female,Cascade Mutual,F10,1,0,1,0,0
P001062,50-64,male,Cascade Mutual,F11,1,0,0,0,0
P001063,65-74,female,Medicare,F09,0,0,0,0,1
P001064,18-34,female,Cascade Mutual,F06,0,0,0,0,0
P001065,75-84,female,Medicare,F07,0,0,0,0,1
P001066,18-34,male,Cascade Mutual,F09,0,1,1,0,0
P001067,35-49,male,Medicaid,F08,0,0,0,0,1
P001068,65-74,female,Evergreen Health Plan,F04,0,0,0,0,0
P001069,65-74,female,Medicare,F10,1,0,1,0,1
P001070,50-64,male,Medicaid,F09,0,0,1,0,1
P001071,65-74,male,Medicare,F05,0,0,1,0,1
P001072,18-34,female,Cascade Mutual,F08,0,0,0,0,0
P001073,65-74,male,Medicare,F05,0,0,0,0,1
P001074,65-74,female,Medicare,F09,0,0,0,0,1
P001075,65-74,female,Northstar Advantage,F07,0,0,0,0,1
P001076,65-74,male,Medicare,F04,0,0,0,1,1
P001077,75-84,female,Northstar Advantage,F09,0,0,0,0,1
P001078,85+,female,Medicare,F07,0,0,0,0,1
P001079,35-49,female,Self-pay,F06,0,0,0,0,0
P001080,35-49,male,Cascade Mutual,F08,0,0,0,0,0
P001081,50-64,male,Medicaid,F06,0,1,0,0,1
P001082,85+,female,Northstar Advantage,F08,1,1,0,0,1
P001083,35-49,male,Evergreen Health Plan,F07,0,0,0,0,0
P001084,75-84,female,Medicare,F05,0,0,0,0,1
P001085,50-64,female,Cascade Mutual,F09,0,1,0,0,0
P001086,50-64,female,Medicaid,F07,0,1,0,0,1
P001087,50-64,female,Evergreen Health Plan,F06,0,0,0,0,0
P001088,65-74,female,Medicare,F08,0,0,0,0,0
P001089,18-34,female,Medicare,F04,0,0,0,0,0
P001090,50-64,female,Cascade Mutual,F09,0,0,0,0,0
P001091,75-84,female,Medicare,F09,0,0,0,0,1
P001092,18-34,male,Cascade Mutual,F06,0,0,0,0,0
P001093,85+,male,Medicare,F04,0,0,1,0,1
P001094,85+,female,Northstar Advantage,F07,0,0,0,1,1
P001095,65-74,male,Northstar Advantage,F04,0,0,0,0,1
P001096,18-34,male,Medicaid,F07,0,0,0,0,0
P001097,18-34,female,Cascade Mutual,F05,0,0,0,0,0
P001098,75-84,female,Northstar Advantage,F07,0,0,0,0,1
P001099,65-74,female,Medicare,F04,0,0,0,0,0
P001100,35-49,male,Evergreen Health Plan,F05,0,0,0,0,0
P001101,65-74,female,Medicare,F06,0,0,1,0,0
P001102,50-64,male,Cascade Mutual,F06,0,0,0,0,0
P001103,75-84,male,Medicare,F08,0,0,0,0,1
P001104,75-84,female,Northstar Advantage,F09,1,0,0,1,1
P001105,75-84,female,Northstar Advantage,F09,1,0,0,0,1
P001106,65-74,male,Medicare,F07,0,0,0,0,0
P001107,75-84,male,Medicare,F09,0,0,0,0,1
P001108,50-64,female,Cascade Mutual,F08,0,0,0,1,1
P001109,50-64,male,Evergreen Health Plan,F09,0,1,0,0,0
P001110,75-84,male,Medicare,F07,1,0,0,0,1
P001111,35-49,male,Cascade Mutual,F08,0,0,0,0,0
P001112,35-49,female,Evergreen Health Plan,F09,0,1,1,0,0
P001113,85+,male,Medicare,F10,1,0,0,1,1
P001114,18-34,female,Evergreen Health Plan,F07,0,0,0,0,0
P001115,75-84,female,Medicare,F07,0,1,1,0,1
P001116,35-49,male,Evergreen Health Plan,F09,0,0,0,0,0
P001117,65-74,male,Northstar Advantage,F07,0,0,0,0,1
P001118,35-49,male,Medicaid,F09,0,0,0,0,0
P001119,65-74,female,Medicare,F08,0,0,0,1,1
P001120,85+,male,Northstar Advantage,F04,0,0,1,1,0
P001121,18-34,male,Cascade Mutual,F04,0,0,0,0,0
P001122,85+,female,Medicare,F11,1,1,0,1,0
P001123,65-74,male,Cascade Mutual,F07,0,0,1,0,1
P001124,65-74,male,Medicare,F04,0,0,0,0,0
P001125,18-34,female,Cascade Mutual,F04,0,0,0,0,0
P001126,75-84,female,Medicare,F04,0,1,0,1,1
P001127,75-84,male,Northstar Advantage,F06,0,0,0,1,0
P001128,75-84,female,Medicare,F07,0,0,0,1,1
P001129,75-84,female,Medicare,F04,1,1,1,1,1
P001130,18-34,female,Cascade Mutual,F07,0,0,0,0,0
P001131,65-74,female,Northstar Advantage,F05,0,0,0,0,1
P001132,65-74,male,Northstar Advantage,F15,0,0,1,0,0
P001133,65-74,male,Northstar Advantage,F07,0,0,0,0,1
P001134,75-84,male,Medicaid,F07,0,0,1,0,1
P001135,65-74,male,Medicare,F04,0,1,0,0,0
P001136,50-64,male,Evergreen Health Plan,F07,0,0,1,0,0
P001137,65-74,male,Medicare,F04,0,0,0,0,0
P001138,35-49,male,Cascade Mutual,F09,0,0,0,0,0
P001139,85+,female,Northstar Advantage,F11,1,0,0,0,0
P001140,65-74,female,Northstar Advantage,F07,0,0,0,0,0
P001141,75-84,female,Medicare,F08,0,0,0,0,1
P001142,75-84,female,Medicare,F05,0,0,0,0,1
P001143,65-74,male,Northstar Advantage,F05,0,0,0,0,0
P001144,65-74,female,Medicare,F04,0,0,1,0,1
P001145,35-49,female,Medicaid,F09,0,0,0,0,0
P001146,65-74,female,Northstar Advantage,F04,0,0,1,1,1
P001147,18-34,female,Medicare,F09,0,0,0,0,0
P001148,18-34,female,Evergreen Health Plan,F05,0,0,0,0,1
P001149,85+,female,Evergreen Health Plan,F07,1,0,0,1,1
P001150,50-64,male,Medicaid,F07,0,0,0,0,1
P001151,75-84,male,Medicare,F04,0,0,0,1,1
P001152,18-34,female,Evergreen Health Plan,F08,0,0,0,0,0
P001153,75-84,male,Northstar Advantage,F04,0,0,0,0,1
P001154,75-84,female,Northstar Advantage,F07,0,0,1,0,1
P001155,50-64,male,Evergreen Health Plan,F06,1,0,0,0,1
P001156,50-64,male,Cascade Mutual,F06,1,0,0,1,0
P001157,65-74,female,Medicare,F05,0,0,0,0,1
P001158,75-84,female,Evergreen Health Plan,F09,0,0,1,0,1
P001159,75-84,female,Medicare,F07,0,0,1,0,1
P001160,50-64,male,Medicaid,F05,0,0,1,0,1
P001161,50-64,male,Self-pay,F04,0,0,0,0,0
P001162,18-34,female,Self-pay,F07,0,0,0,0,0
P001163,18-34,female,Evergreen Health Plan,F05,0,0,0,0,0
P001164,85+,male,Medicaid,F08,0,0,0,0,0
P001165,65-74,male,Medicare,F10,1,0,0,0,1
P001166,65-74,female,Medicare,F06,0,0,0,0,1
P001167,35-49,female,Cascade Mutual,F15,0,0,0,0,0
P001168,50-64,male,Evergreen Health Plan,F09,0,0,0,0,0
P001169,75-84,female,Northstar Advantage,F09,0,0,0,0,1
P001170,65-74,male,Medicare,F05,0,0,0,0,0
P001171,65-74,female,Medicare,F06,0,0,1,1,1
P001172,35-49,male,Medicaid,F09,0,0,0,1,1
P001173,35-49,male,Evergreen Health Plan,F09,0,0,0,0,1
P001174,18-34,female,Self-pay,F07,0,0,0,0,1
P001175,65-74,female,Northstar Advantage,F04,1,1,0,0,1
P001176,65-74,female,Evergreen Health Plan,F09,0,0,0,0,1
P001177,50-64,female,Medicaid,F09,0,0,0,0,1
P001178,85+,male,Northstar Advantage,F08,0,0,0,1,1
P001179,65-74,female,Medicare,F05,0,1,0,0,1
P001180,50-64,male,Cascade Mutual,F07,0,0,0,0,1
P001181,18-34,female,Evergreen Health Plan,F15,0,0,0,0,0
P001182,35-49,male,Evergreen Health Plan,F07,0,0,0,0,0
P001183,65-74,male,Northstar Advantage,F10,1,0,0,0,1
P001184,85+,female,Northstar Advantage,F06,0,1,0,0,0
P001185,35-49,male,Self-pay,F11,1,0,0,0,1
P001186,85+,female,Cascade Mutual,F08,0,0,0,0,1
P001187,35-49,female,Cascade Mutual,F10,1,0,0,0,1
P001188,75-84,female,Medicare,F09,0,0,0,0,0
P001189,50-64,male,Evergreen Health Plan,F08,0,0,1,1,1
P001190,65-74,male,Medicare,F04,0,0,1,0,1
P001191,75-84,female,Medicare,F08,0,1,0,0,0
P001192,50-64,male,Self-pay,F06,0,1,1,0,0
P001193,35-49,female,Self-pay,F06,0,0,0,0,1
P001194,35-49,female,Evergreen Health Plan,F04,0,0,0,1,1
P001195,65-74,female,Medicare,F05,0,0,0,0,1
P001196,50-64,female,Evergreen Health Plan,F10,1,0,0,0,1
P001197,35-49,male,Self-pay,F08,0,0,0,0,0
P001198,50-64,female,Self-pay,F07,0,0,1,0,1
P001199,65-74,male,Medicare,F04,0,0,0,0,0
P001200,18-34,male,Medicaid,F05,0,0,0,0,0
P001201,65-74,female,Medicare,F08,1,0,1,0,0
P001202,65-74,male,Medicare,F07,0,0,0,0,1
P001203,65-74,female,Medicare,F04,0,0,0,0,1
P001204,18-34,female,Cascade Mutual,F04,0,0,0,0,0
P001205,50-64,male,Medicaid,F04,0,0,1,0,1
P001206,50-64,female,Cascade Mutual,F04,0,0,0,0,0
P001207,75-84,female,Medicare,F08,0,0,1,0,1
P001208,50-64,male,Self-pay,F07,0,0,0,0,1
P001209,50-64,male,Medicaid,F07,0,1,0,0,0
P001210,75-84,female,Medicare,F15,0,0,1,0,1
P001211,75-84,male,Medicare,F07,0,0,1,0,1
P001212,75-84,female,Medicare,F09,0,0,0,0,1
P001213,50-64,female,Cascade Mutual,F05,0,0,0,1,0
P001214,50-64,female,Cascade Mutual,F05,0,1,0,0,0
P001215,65-74,female,Medicare,F05,0,0,1,0,1
P001216,75-84,male,Medicare,F15,0,0,0,0,0
P001217,75-84,female,Medicare,F08,1,0,0,0,1
P001218,65-74,male,Medicare,F08,1,0,0,0,1
P001219,75-84,male,Medicaid,F09,1,1,0,0,1
P001220,75-84,female,Medicare,F09,0,0,0,0,1
P001221,85+,male,Medicare,F09,1,0,0,0,1
P001222,75-84,female,Medicare,F10,1,0,1,0,1
P001223,50-64,male,Cascade Mutual,F05,0,0,0,0,0
P001224,35-49,female,Evergreen Health Plan,F08,0,0,0,0,0
P001225,85+,female,Medicaid,F05,0,1,1,0,0
P001226,18-34,female,Medicaid,F09,0,0,0,0,0
P001227,75-84,male,Medicaid,F11,1,0,0,0,1
P001228,65-74,female,Medicare,F07,0,0,0,0,0
P001229,35-49,female,Evergreen Health Plan,F08,0,0,0,0,1
P001230,50-64,male,Evergreen Health Plan,F04,0,0,0,0,1
P001231,50-64,male,Medicaid,F07,0,0,0,0,0
P001232,65-74,male,Medicare,F15,0,0,1,1,0
P001233,75-84,female,Medicare,F07,0,0,0,0,1
P001234,35-49,male,Medicaid,F05,0,0,0,0,1
P001235,75-84,male,Northstar Advantage,F06,0,0,0,0,0
P001236,35-49,female,Evergreen Health Plan,F10,1,0,0,0,0
P001237,65-74,female,Northstar Advantage,F06,1,1,1,0,1
P001238,50-64,male,Cascade Mutual,F08,0,0,0,0,1
P001239,75-84,female,Northstar Advantage,F05,0,0,0,0,1
P001240,65-74,female,Northstar Advantage,F04,0,0,0,0,0
P001241,65-74,male,Northstar Advantage,F11,1,0,1,0,0
P001242,75-84,female,Northstar Advantage,F08,1,1,0,0,1
P001243,75-84,female,Medicaid,F08,1,0,0,1,0
P001244,65-74,female,Evergreen Health Plan,F09,0,0,0,0,0
P001245,50-64,female,Cascade Mutual,F05,0,0,0,0,1
P001246,18-34,female,Evergreen Health Plan,F04,0,0,0,0,0
P001247,65-74,female,Medicare,F10,1,0,0,1,1
P001248,65-74,male,Northstar Advantage,F04,0,0,1,0,0
P001249,35-49,female,Medicaid,F07,0,0,0,0,0
P001250,18-34,male,Medicaid,F06,0,0,0,0,0
P001251,85+,female,Northstar Advantage,F07,0,0,1,0,1
P001252,65-74,female,Cascade Mutual,F08,0,0,0,0,0
P001253,65-74,female,Medicare,F04,0,0,1,0,0
P001254,75-84,male,Evergreen Health Plan,F10,1,0,0,1,0
P001255,18-34,male,Cascade Mutual,F05,0,0,0,0,0
P001256,75-84,female,Medicare,F15,0,0,0,1,1
P001257,50-64,male,Evergreen Health Plan,F05,0,0,0,0,1
P001258,35-49,male,Self-pay,F08,0,0,0,0,0
P001259,35-49,female,Self-pay,F08,0,0,0,0,0
P001260,75-84,male,Medicare,F09,1,0,0,0,1
P001261,35-49,female,Medicare,F06,0,0,0,0,1
P001262,50-64,male,Self-pay,F10,1,0,0,0,0
P001263,35-49,female,Cascade Mutual,F05,0,0,0,0,1
P001264,50-64,female,Evergreen Health Plan,F11,1,0,0,0,1
P001265,50-64,male,Medicaid,F04,0,0,0,0,1
P001266,85+,male,Medicare,F15,1,0,1,1,0
P001267,75-84,female,Northstar Advantage,F08,0,0,0,0,0
P001268,85+,male,Medicare,F10,1,0,0,0,1
P001269,75-84,female,Northstar Advantage,F15,1,0,0,0,1
P001270,75-84,female,Medicare,F08,0,0,0,0,1
P001271,65-74,male,Medicare,F15,0,0,0,0,0
P001272,75-84,male,Northstar Advantage,F08,0,0,0,0,1
P001273,75-84,female,Medicare,F06,1,1,0,0,1
P001274,75-84,female,Northstar Advantage,F04,0,1,0,0,1
P001275,18-34,female,Cascade Mutual,F04,0,0,0,0,0
P001276,65-74,male,Medicare,F07,1,0,0,0,0
P001277,50-64,male,Evergreen Health Plan,F09,0,0,0,0,1
P001278,18-34,male,Cascade Mutual,F09,0,0,0,0,0
P001279,85+,male,Northstar Advantage,F15,0,0,1,0,1
P001280,35-49,female,Evergreen Health Plan,F04,0,0,0,0,0
P001281,50-64,female,Cascade Mutual,F09,0,0,0,1,0
P001282,18-34,male,Cascade Mutual,F04,0,0,0,0,0
P001283,75-84,male,Medicare,F15,0,0,0,1,1
P001284,85+,female,Northstar Advantage,F04,1,0,0,1,1
P001285,18-34,female,Cascade Mutual,F07,0,0,0,0,0
P001286,35-49,female,Cascade Mutual,F05,0,0,0,0,0
P001287,65-74,male,Northstar Advantage,F09,0,0,0,1,1
P001288,75-84,male,Medicare,F07,1,0,1,0,1
P001289,50-64,male,Evergreen Health Plan,F04,0,0,0,0,0
P001290,50-64,female,Cascade Mutual,F15,0,0,0,0,0
P001291,18-34,male,Medicaid,F15,0,0,0,0,0
P001292,50-64,female,Self-pay,F09,0,0,0,0,1
P001293,18-34,female,Cascade Mutual,F04,0,0,0,0,0
P001294,18-34,male,Medicaid,F04,0,0,0,0,0
P001295,85+,female,Medicare,F08,1,0,0,0,0
P001296,75-84,female,Medicaid,F08,0,1,0,1,0
P001297,50-64,female,Medicaid,F07,0,1,1,0,1
P001298,65-74,female,Northstar Advantage,F08,0,0,0,0,1
P001299,85+,male,Northstar Advantage,F10,1,0,0,0,0
P001300,65-74,female,Medicare,F07,0,0,1,0,0
P001301,50-64,female,Cascade Mutual,F05,0,0,0,0,1
P001302,65-74,female,Northstar Advantage,F07,0,0,0,0,1
P001303,18-34,male,Evergreen Health Plan,F08,0,0,0,0,0
P001304,50-64,male,Evergreen Health Plan,F11,1,0,0,0,0
P001305,65-74,male,Medicare,F05,0,0,0,0,0
P001306,85+,female,Northstar Advantage,F05,0,0,0,0,1
P001307,65-74,male,Northstar Advantage,F15,0,0,0,0,0
P001308,65-74,female,Medicare,F10,1,0,0,0,0
P001309,18-34,female,Cascade Mutual,F04,0,0,0,0,0
P001310,65-74,female,Self-pay,F08,0,0,1,1,1
P001311,50-64,female,Medicaid,F07,1,0,0,0,0
P001312,50-64,female,Cascade Mutual,F06,0,0,0,0,0
P001313,65-74,male,Medicaid,F11,1,0,0,0,1
P001314,50-64,female,Medicaid,F05,0,0,0,0,0
P001315,50-64,male,Self-pay,F07,0,0,0,0,1
P001316,18-34,male,Medicaid,F05,0,1,0,0,0
P001317,50-64,female,Cascade Mutual,F04,1,1,0,0,1
P001318,35-49,male,Medicaid,F06,0,0,0,0,0
P001319,35-49,female,Self-pay,F07,0,0,0,0,0
P001320,50-64,male,Evergreen Health Plan,F08,0,0,0,0,1
P001321,50-64,male,Evergreen Health Plan,F15,0,1,0,0,1
P001322,50-64,male,Cascade Mutual,F09,0,1,0,0,0
P001323,35-49,male,Cascade Mutual,F05,0,0,0,0,1
P001324,65-74,female,Medicare,F09,0,0,0,0,1
P001325,35-49,female,Medicaid,F07,0,0,0,0,0
P001326,75-84,male,Medicare,F11,1,0,0,0,1
P001327,35-49,female,Cascade Mutual,F08,0,0,0,0,0
P001328,65-74,female,Medicare,F09,0,0,1,0,0
P001329,50-64,female,Cascade Mutual,F05,0,1,1,0,0
P001330,50-64,female,Medicaid,F09,0,0,0,0,0
P001331,65-74,female,Medicare,F06,0,1,0,0,0
P001332,35-49,female,Cascade Mutual,F07,0,0,0,0,0
P001333,75-84,male,Northstar Advantage,F07,0,0,0,0,1
P001334,50-64,male,Evergreen Health Plan,F05,0,0,0,1,1
P001335,85+,male,Northstar Advantage,F04,0,0,0,0,1
P001336,75-84,male,Northstar Advantage,F11,1,0,1,0,1
P001337,50-64,female,Medicaid,F07,0,0,1,0,0
P001338,65-74,female,Evergreen Health Plan,F05,0,0,0,0,1
P001339,65-74,male,Medicare,F08,1,0,1,0,0
P001340,35-49,female,Evergreen Health Plan,F07,0,0,0,0,0
P001341,35-49,female,Medicaid,F05,0,0,0,0,1
P001342,65-74,male,Northstar Advantage,F07,0,1,0,0,1
P001343,35-49,male,Self-pay,F06,0,0,0,0,0
P001344,50-64,male,Medicaid,F07,0,0,1,0,0
P001345,50-64,female,Medicaid,F08,0,0,0,0,0
P001346,35-49,female,Cascade Mutual,F08,0,0,0,0,0
P001347,35-49,male,Self-pay,F05,0,0,0,0,0
P001348,65-74,male,Northstar Advantage,F06,0,0,1,0,1
P001349,65-74,female,Northstar Advantage,F05,1,0,1,0,1
P001350,35-49,female,Self-pay,F05,0,0,0,0,0
P001351,85+,female,Evergreen Health Plan,F09,0,0,0,0,1
P001352,35-49,female,Cascade Mutual,F06,0,0,0,0,0
P001353,35-49,female,Evergreen Health Plan,F04,0,0,0,0,0
P001354,50-64,male,Self-pay,F11,1,1,0,0,1
P001355,18-34,female,Evergreen Health Plan,F05,0,0,0,0,1
P001356,50-64,female,Medicaid,F04,0,0,0,0,1
P001357,35-49,male,Cascade Mutual,F07,0,0,0,0,0
P001358,50-64,male,Cascade Mutual,F05,0,0,0,0,1
P001359,65-74,male,Medicare,F04,1,0,0,0,0
P001360,18-34,female,Medicaid,F07,0,0,0,0,0
P001361,18-34,female,Medicaid,F07,0,0,0,0,0
P001362,35-49,female,Cascade Mutual,F05,0,0,0,0,1
P001363,35-49,female,Evergreen Health Plan,F05,0,0,0,0,1
P001364,50-64,female,Medicaid,F07,0,1,0,0,0
P001365,35-49,female,Medicaid,F07,0,0,0,0,0
P001366,75-84,female,Medicare,F10,1,0,0,0,0
P001367,35-49,female,Evergreen Health Plan,F07,0,0,0,0,0
P001368,50-64,male,Cascade Mutual,F07,0,0,0,0,1
P001369,65-74,female,Northstar Advantage,F04,0,0,0,0,1
P001370,50-64,female,Evergreen Health Plan,F04,0,0,0,1,0
P001371,65-74,female,Northstar Advantage,F04,0,0,0,0,1
P001372,50-64,female,Cascade Mutual,F05,1,0,0,0,0
P001373,18-34,female,Evergreen Health Plan,F09,0,0,0,0,0
P001374,65-74,male,Northstar Advantage,F06,0,0,0,0,1
P001375,50-64,male,Evergreen Health Plan,F06,0,1,0,0,1
P001376,75-84,female,Northstar Advantage,F07,0,0,0,0,1
P001377,35-49,male,Evergreen Health Plan,F04,0,0,0,0,1
P001378,65-74,female,Northstar Advantage,F04,0,0,1,1,1
P001379,50-64,male,Medicaid,F05,0,1,0,0,0
P001380,65-74,male,Medicare,F15,0,0,0,0,1
P001381,85+,female,Medicaid,F04,0,0,0,0,1
P001382,35-49,female,Cascade Mutual,F05,0,0,0,0,1
P001383,65-74,male,Medicare,F08,1,0,0,0,0
P001384,75-84,male,Medicare,F08,0,0,0,0,1
P001385,18-34,female,Evergreen Health Plan,F04,0,0,0,0,0
P001386,35-49,female,Self-pay,F08,0,0,1,0,1
P001387,65-74,male,Self-pay,F09,0,0,1,0,0
P001388,18-34,male,Evergreen Health Plan,F09,0,0,0,0,1
P001389,85+,female,Northstar Advantage,F08,0,0,0,0,0
P001390,65-74,female,Northstar Advantage,F11,1,1,0,0,1
P001391,75-84,male,Medicare,F11,1,0,0,0,1
P001392,18-34,female,Evergreen Health Plan,F06,0,0,0,0,1
P001393,35-49,male,Cascade Mutual,F05,0,0,0,0,1
P001394,75-84,male,Medicare,F08,0,0,0,1,1
P001395,65-74,male,Medicaid,F08,1,0,0,0,0
P001396,35-49,female,Evergreen Health Plan,F09,0,0,0,0,1
P001397,50-64,male,Medicaid,F09,0,0,1,0,1
P001398,65-74,male,Northstar Advantage,F05,0,0,0,0,0
P001399,50-64,male,Evergreen Health Plan,F08,0,0,0,0,0
P001400,35-49,male,Medicaid,F08,0,0,1,0,1
