customer_id,tier,joined_at,home_store_id,age_band,email_opt_in
C00001,bronze,2021-01-01,WEB,55-64,false
C00002,bronze,2021-01-02,WEB,45-54,true
C00003,silver,2021-01-04,S08,25-34,true
C00004,bronze,2021-01-04,WEB,65+,true
C00005,silver,2021-01-06,S14,65+,true
C00006,bronze,2021-01-06,S15,18-24,true
C00007,bronze,2021-01-08,S13,55-64,false
C00008,silver,2021-01-08,WEB,18-24,false
C00009,silver,2021-01-10,WEB,25-34,true
C00010,silver,2021-01-11,S07,45-54,true
C00011,bronze,2021-01-14,S07,25-34,true
C00012,bronze,2021-01-14,S11,45-54,false
C00013,gold,2021-01-15,WEB,55-64,true
C00014,bronze,2021-01-18,S20,25-34,true
C00015,bronze,2021-01-21,S21,35-44,false
C00016,bronze,2021-01-21,WEB,18-24,true
C00017,gold,2021-01-21,S06,25-34,true
C00018,bronze,2021-01-22,WEB,55-64,true
C00019,gold,2021-01-23,S20,25-34,true
C00020,bronze,2021-01-27,S20,35-44,true
C00021,bronze,2021-01-27,S12,35-44,true
C00022,silver,2021-01-31,WEB,35-44,false
C00023,bronze,2021-02-01,S01,45-54,false
C00024,bronze,2021-02-02,S07,25-34,true
C00025,bronze,2021-02-02,S13,65+,true
C00026,silver,2021-02-04,S17,18-24,true
C00027,silver,2021-02-05,S13,45-54,false
C00028,gold,2021-02-05,S13,35-44,true
C00029,bronze,2021-02-09,S07,25-34,true
C00030,silver,2021-02-10,S19,18-24,false
C00031,bronze,2021-02-11,S21,35-44,true
C00032,bronze,2021-02-11,S22,35-44,false
C00033,silver,2021-02-13,S07,25-34,true
C00034,gold,2021-02-14,WEB,25-34,true
C00035,bronze,2021-02-14,S14,25-34,false
C00036,bronze,2021-02-15,S02,35-44,true
C00037,bronze,2021-02-16,S13,55-64,false
C00038,silver,2021-02-18,S04,25-34,false
C00039,silver,2021-02-19,S20,25-34,true
C00040,silver,2021-02-23,WEB,18-24,true
C00041,silver,2021-03-01,S13,25-34,true
C00042,bronze,2021-03-03,S13,18-24,false
C00043,bronze,2021-03-06,S23,35-44,false
C00044,gold,2021-03-06,S10,65+,true
C00045,bronze,2021-03-08,S14,45-54,true
C00046,bronze,2021-03-11,S12,25-34,false
C00047,bronze,2021-03-11,S03,45-54,true
C00048,bronze,2021-03-14,S23,25-34,false
C00049,bronze,2021-03-16,WEB,25-34,false
C00050,silver,2021-03-17,S01,25-34,true
C00051,bronze,2021-03-17,S01,18-24,true
C00052,bronze,2021-03-18,WEB,35-44,true
C00053,bronze,2021-03-20,S13,25-34,true
C00054,bronze,2021-03-21,S20,55-64,true
C00055,silver,2021-03-22,WEB,55-64,true
C00056,bronze,2021-03-23,S22,45-54,true
C00057,bronze,2021-03-24,S13,25-34,false
C00058,bronze,2021-03-25,S02,25-34,true
C00059,bronze,2021-03-25,S01,25-34,true
C00060,bronze,2021-03-26,S07,45-54,true
C00061,bronze,2021-03-27,S21,45-54,true
C00062,silver,2021-03-29,S21,35-44,true
C00063,bronze,2021-03-29,S06,25-34,false
C00064,bronze,2021-03-30,S11,35-44,false
C00065,silver,2021-03-31,S21,45-54,true
C00066,silver,2021-04-03,WEB,45-54,true
C00067,bronze,2021-04-05,S22,45-54,true
C00068,bronze,2021-04-08,S21,45-54,true
C00069,gold,2021-04-09,S15,18-24,false
C00070,bronze,2021-04-11,S15,25-34,true
C00071,bronze,2021-04-11,S21,65+,true
C00072,bronze,2021-04-12,S22,35-44,false
C00073,gold,2021-04-14,S07,25-34,false
C00074,bronze,2021-04-15,S07,35-44,false
C00075,bronze,2021-04-16,S07,55-64,false
C00076,gold,2021-04-19,S21,45-54,true
C00077,bronze,2021-04-19,S13,35-44,true
C00078,bronze,2021-04-19,S07,25-34,true
C00079,bronze,2021-04-20,WEB,35-44,true
C00080,silver,2021-04-21,S19,25-34,true
C00081,bronze,2021-04-21,S20,35-44,false
C00082,gold,2021-04-22,WEB,45-54,true
C00083,bronze,2021-04-24,WEB,25-34,true
C00084,bronze,2021-04-24,S02,25-34,true
C00085,bronze,2021-04-24,S13,25-34,true
C00086,bronze,2021-04-29,S12,55-64,true
C00087,gold,2021-04-30,WEB,25-34,true
C00088,bronze,2021-05-03,S19,65+,false
C00089,silver,2021-05-04,S11,45-54,false
C00090,bronze,2021-05-04,S10,35-44,false
C00091,bronze,2021-05-09,S06,55-64,true
C00092,silver,2021-05-12,S07,35-44,true
C00093,bronze,2021-05-12,S02,55-64,true
C00094,bronze,2021-05-16,S21,65+,false
C00095,bronze,2021-05-17,WEB,65+,true
C00096,bronze,2021-05-19,WEB,55-64,true
C00097,gold,2021-05-21,S13,45-54,false
C00098,silver,2021-05-21,S06,55-64,true
C00099,silver,2021-05-21,S22,55-64,true
C00100,bronze,2021-05-27,S13,45-54,false
C00101,bronze,2021-05-28,S02,55-64,true
C00102,silver,2021-05-29,S17,25-34,true
C00103,bronze,2021-06-01,S22,25-34,true
C00104,bronze,2021-06-04,S15,35-44,false
C00105,silver,2021-06-05,S22,25-34,false
C00106,bronze,2021-06-09,S13,25-34,true
C00107,silver,2021-06-11,S13,25-34,true
C00108,bronze,2021-06-11,S21,65+,true
C00109,bronze,2021-06-12,S01,45-54,true
C00110,silver,2021-06-12,S02,35-44,false
C00111,silver,2021-06-13,WEB,45-54,true
C00112,bronze,2021-06-14,S07,35-44,false
C00113,bronze,2021-06-14,S13,25-34,false
C00114,gold,2021-06-14,S09,65+,true
C00115,silver,2021-06-14,S23,35-44,true
C00116,bronze,2021-06-16,S21,65+,true
C00117,bronze,2021-06-16,S02,35-44,false
C00118,bronze,2021-06-16,S03,25-34,false
C00119,bronze,2021-06-17,S21,55-64,true
C00120,silver,2021-06-17,S21,45-54,false
C00121,silver,2021-06-19,S02,55-64,false
C00122,silver,2021-06-19,S21,55-64,true
C00123,silver,2021-06-21,S19,35-44,true
C00124,silver,2021-06-23,S01,35-44,false
C00125,bronze,2021-06-24,WEB,45-54,true
C00126,bronze,2021-06-24,WEB,25-34,true
C00127,silver,2021-06-25,WEB,25-34,true
C00128,bronze,2021-06-26,S21,45-54,false
C00129,bronze,2021-06-26,S02,35-44,false
C00130,bronze,2021-06-26,S02,25-34,false
C00131,bronze,2021-06-28,S19,65+,false
C00132,gold,2021-06-28,S02,65+,true
C00133,bronze,2021-07-01,S03,25-34,true
C00134,bronze,2021-07-01,S13,18-24,true
C00135,bronze,2021-07-05,S07,25-34,false
C00136,silver,2021-07-06,WEB,25-34,true
C00137,gold,2021-07-07,WEB,55-64,true
C00138,bronze,2021-07-12,WEB,55-64,true
C00139,bronze,2021-07-14,WEB,18-24,true
C00140,bronze,2021-07-16,S21,65+,true
C00141,bronze,2021-07-17,S02,55-64,true
C00142,gold,2021-07-18,S22,45-54,true
C00143,bronze,2021-07-18,S11,25-34,true
C00144,bronze,2021-07-21,S10,45-54,true
C00145,bronze,2021-07-22,S15,65+,false
C00146,silver,2021-07-23,S13,45-54,false
C00147,silver,2021-07-24,WEB,35-44,true
C00148,gold,2021-07-24,S14,18-24,false
C00149,gold,2021-07-24,S19,35-44,true
C00150,bronze,2021-07-26,S09,35-44,false
C00151,bronze,2021-07-28,WEB,65+,true
C00152,bronze,2021-07-31,WEB,18-24,true
C00153,bronze,2021-08-05,WEB,55-64,true
C00154,silver,2021-08-06,S21,65+,true
C00155,bronze,2021-08-06,S09,18-24,true
C00156,bronze,2021-08-07,S18,55-64,true
C00157,bronze,2021-08-07,S07,65+,false
C00158,silver,2021-08-08,S10,25-34,true
C00159,bronze,2021-08-09,S13,25-34,false
C00160,bronze,2021-08-10,WEB,45-54,true
C00161,bronze,2021-08-11,S22,45-54,true
C00162,bronze,2021-08-13,S03,45-54,true
C00163,silver,2021-08-13,S12,25-34,true
C00164,bronze,2021-08-14,S12,45-54,false
C00165,bronze,2021-08-16,S02,35-44,true
C00166,bronze,2021-08-16,WEB,25-34,true
C00167,silver,2021-08-20,WEB,35-44,true
C00168,bronze,2021-08-21,S02,18-24,false
C00169,silver,2021-08-21,S13,55-64,false
C00170,bronze,2021-08-22,S01,25-34,false
C00171,gold,2021-08-25,S21,18-24,true
C00172,silver,2021-08-27,S23,35-44,true
C00173,bronze,2021-08-28,S21,55-64,true
C00174,bronze,2021-08-28,S14,55-64,true
C00175,silver,2021-08-29,S06,25-34,true
C00176,bronze,2021-08-30,S08,18-24,true
C00177,silver,2021-09-01,S09,25-34,true
C00178,gold,2021-09-03,S02,18-24,true
C00179,bronze,2021-09-05,WEB,35-44,true
C00180,silver,2021-09-09,S22,25-34,true
C00181,bronze,2021-09-10,S07,25-34,true
C00182,bronze,2021-09-10,WEB,25-34,true
C00183,bronze,2021-09-11,S18,35-44,true
C00184,gold,2021-09-14,S20,35-44,false
C00185,bronze,2021-09-14,S03,35-44,true
C00186,silver,2021-09-20,S17,25-34,true
C00187,bronze,2021-09-20,S12,35-44,true
C00188,gold,2021-09-24,S13,25-34,true
C00189,silver,2021-09-25,S01,35-44,false
C00190,bronze,2021-09-26,S08,45-54,false
C00191,bronze,2021-09-27,WEB,45-54,true
C00192,bronze,2021-09-29,S01,35-44,true
C00193,silver,2021-10-04,S19,35-44,true
C00194,bronze,2021-10-04,S02,55-64,true
C00195,bronze,2021-10-06,S06,45-54,true
C00196,bronze,2021-10-07,S03,45-54,false
C00197,silver,2021-10-11,S07,55-64,true
C00198,bronze,2021-10-11,S15,45-54,false
C00199,bronze,2021-10-12,S19,35-44,true
C00200,bronze,2021-10-12,S23,25-34,false
C00201,bronze,2021-10-17,S06,35-44,false
C00202,silver,2021-10-17,S09,55-64,false
C00203,bronze,2021-10-24,S06,35-44,true
C00204,gold,2021-10-26,WEB,35-44,true
C00205,silver,2021-10-28,S05,35-44,false
C00206,bronze,2021-10-28,S07,35-44,true
C00207,silver,2021-10-30,S02,25-34,true
C00208,bronze,2021-10-30,WEB,25-34,true
C00209,gold,2021-11-06,S03,25-34,true
C00210,silver,2021-11-08,S21,25-34,false
C00211,silver,2021-11-09,WEB,25-34,true
C00212,silver,2021-11-10,S13,25-34,true
C00213,silver,2021-11-10,WEB,35-44,false
C00214,silver,2021-11-11,S17,35-44,false
C00215,bronze,2021-11-12,S21,35-44,true
C00216,bronze,2021-11-14,S23,18-24,true
C00217,silver,2021-11-15,S20,35-44,false
C00218,silver,2021-11-18,S05,65+,true
C00219,bronze,2021-11-20,S22,55-64,true
C00220,bronze,2021-11-21,WEB,18-24,true
C00221,gold,2021-11-22,S06,25-34,true
C00222,silver,2021-11-25,S16,65+,false
C00223,bronze,2021-11-29,WEB,35-44,true
C00224,bronze,2021-12-01,S07,18-24,true
C00225,silver,2021-12-02,WEB,25-34,true
C00226,bronze,2021-12-02,S18,65+,true
C00227,silver,2021-12-03,WEB,25-34,true
C00228,gold,2021-12-05,S13,25-34,true
C00229,bronze,2021-12-08,WEB,18-24,true
C00230,bronze,2021-12-08,S11,25-34,true
C00231,bronze,2021-12-08,S19,65+,true
C00232,bronze,2021-12-10,S07,65+,false
C00233,bronze,2021-12-11,S03,55-64,true
C00234,bronze,2021-12-13,S22,25-34,true
C00235,bronze,2021-12-14,S21,45-54,true
C00236,bronze,2021-12-17,S19,45-54,true
C00237,gold,2021-12-18,S08,18-24,true
C00238,bronze,2021-12-19,S07,35-44,false
C00239,bronze,2021-12-20,S03,25-34,true
C00240,silver,2021-12-20,S12,55-64,true
C00241,bronze,2021-12-23,S13,55-64,false
C00242,silver,2021-12-23,WEB,55-64,true
C00243,bronze,2021-12-25,S20,35-44,true
C00244,bronze,2021-12-26,S01,25-34,false
C00245,bronze,2022-01-02,WEB,25-34,true
C00246,bronze,2022-01-05,S09,45-54,true
C00247,silver,2022-01-06,S13,25-34,true
C00248,bronze,2022-01-11,WEB,25-34,true
C00249,gold,2022-01-12,S04,35-44,true
C00250,bronze,2022-01-14,S21,35-44,true
C00251,silver,2022-01-18,S19,55-64,true
C00252,silver,2022-01-19,S05,45-54,false
C00253,bronze,2022-01-20,S11,45-54,true
C00254,gold,2022-01-21,S21,55-64,false
C00255,gold,2022-01-21,S14,25-34,true
C00256,silver,2022-01-23,S04,25-34,true
C00257,bronze,2022-01-23,WEB,65+,false
C00258,silver,2022-01-25,WEB,35-44,false
C00259,silver,2022-01-25,S13,35-44,true
C00260,bronze,2022-01-30,S01,45-54,false
C00261,bronze,2022-01-30,WEB,25-34,true
C00262,bronze,2022-02-01,S07,55-64,true
C00263,bronze,2022-02-02,S06,35-44,false
C00264,silver,2022-02-06,S15,45-54,true
C00265,bronze,2022-02-06,S18,25-34,true
C00266,bronze,2022-02-09,S14,25-34,true
C00267,gold,2022-02-10,S06,25-34,true
C00268,silver,2022-02-12,WEB,35-44,true
C00269,silver,2022-02-12,WEB,55-64,false
C00270,silver,2022-02-12,S01,45-54,true
C00271,bronze,2022-02-14,S11,65+,false
C00272,silver,2022-02-16,S17,25-34,true
C00273,gold,2022-02-16,S23,18-24,false
C00274,bronze,2022-02-22,WEB,25-34,true
C00275,bronze,2022-02-23,S15,55-64,true
C00276,bronze,2022-02-24,S20,45-54,true
C00277,bronze,2022-02-25,S19,45-54,true
C00278,bronze,2022-02-26,S12,35-44,false
C00279,bronze,2022-02-27,S02,25-34,false
C00280,bronze,2022-02-28,S22,35-44,true
C00281,bronze,2022-02-28,S01,65+,true
C00282,bronze,2022-03-05,WEB,25-34,true
C00283,bronze,2022-03-05,WEB,35-44,true
C00284,silver,2022-03-07,S10,35-44,true
C00285,gold,2022-03-10,S03,25-34,true
C00286,silver,2022-03-11,S15,45-54,true
C00287,silver,2022-03-11,S08,18-24,true
C00288,bronze,2022-03-15,WEB,35-44,true
C00289,silver,2022-03-15,S06,45-54,true
C00290,bronze,2022-03-23,S21,18-24,false
C00291,bronze,2022-03-26,S11,18-24,true
C00292,bronze,2022-04-02,S10,55-64,true
C00293,silver,2022-04-03,S17,25-34,true
C00294,bronze,2022-04-04,S01,45-54,false
C00295,bronze,2022-04-05,S17,45-54,true
C00296,gold,2022-04-06,WEB,55-64,true
C00297,gold,2022-04-07,S09,35-44,true
C00298,bronze,2022-04-07,S05,65+,false
C00299,bronze,2022-04-07,S20,25-34,true
C00300,bronze,2022-04-07,S21,45-54,true
C00301,bronze,2022-04-09,S07,35-44,true
C00302,bronze,2022-04-13,S23,35-44,true
C00303,bronze,2022-04-14,S07,25-34,true
C00304,bronze,2022-04-15,S10,65+,false
C00305,silver,2022-04-16,S07,25-34,true
C00306,bronze,2022-04-17,S14,25-34,false
C00307,silver,2022-04-18,S21,65+,true
C00308,bronze,2022-04-20,S07,55-64,true
C00309,bronze,2022-04-24,S05,45-54,true
C00310,bronze,2022-04-25,S19,35-44,true
C00311,bronze,2022-05-01,S10,55-64,true
C00312,bronze,2022-05-02,WEB,25-34,true
C00313,silver,2022-05-04,S06,25-34,false
C00314,bronze,2022-05-05,S21,35-44,true
C00315,gold,2022-05-07,S16,35-44,false
C00316,bronze,2022-05-08,S03,55-64,false
C00317,silver,2022-05-08,S11,65+,true
C00318,bronze,2022-05-09,S04,55-64,true
C00319,bronze,2022-05-10,S21,35-44,false
C00320,silver,2022-05-10,S12,35-44,false
C00321,bronze,2022-05-11,S07,25-34,false
C00322,bronze,2022-05-17,S09,65+,false
C00323,bronze,2022-05-17,S07,18-24,false
C00324,silver,2022-05-20,WEB,45-54,true
C00325,bronze,2022-05-20,WEB,35-44,true
C00326,bronze,2022-05-21,S06,25-34,false
C00327,bronze,2022-05-21,WEB,35-44,true
C00328,silver,2022-05-21,WEB,35-44,true
C00329,bronze,2022-05-22,S03,25-34,true
C00330,silver,2022-05-24,S04,35-44,true
C00331,bronze,2022-05-25,S07,35-44,true
C00332,bronze,2022-05-25,S13,35-44,false
C00333,silver,2022-05-28,S14,45-54,true
C00334,bronze,2022-05-31,S02,25-34,false
C00335,bronze,2022-05-31,S16,18-24,true
C00336,silver,2022-06-03,S18,25-34,false
C00337,silver,2022-06-04,S21,45-54,false
C00338,bronze,2022-06-05,WEB,65+,true
C00339,bronze,2022-06-06,S08,35-44,true
C00340,silver,2022-06-07,WEB,35-44,true
C00341,bronze,2022-06-07,S12,35-44,false
C00342,silver,2022-06-08,S21,45-54,false
C00343,silver,2022-06-12,S10,25-34,true
C00344,bronze,2022-06-13,S01,55-64,true
C00345,bronze,2022-06-14,S08,25-34,false
C00346,silver,2022-06-15,S06,25-34,false
C00347,bronze,2022-06-17,S09,65+,true
C00348,bronze,2022-06-18,S13,18-24,true
C00349,bronze,2022-06-19,S07,25-34,false
C00350,bronze,2022-06-21,S22,55-64,true
C00351,bronze,2022-06-22,S20,25-34,true
C00352,gold,2022-06-26,S15,55-64,true
C00353,silver,2022-06-27,S06,18-24,true
C00354,bronze,2022-06-28,S21,65+,false
C00355,bronze,2022-06-28,S22,25-34,true
C00356,bronze,2022-06-29,WEB,45-54,true
C00357,bronze,2022-06-30,S20,65+,true
C00358,bronze,2022-07-02,WEB,65+,true
C00359,silver,2022-07-03,S21,35-44,true
C00360,bronze,2022-07-05,S08,35-44,true
C00361,silver,2022-07-05,S13,45-54,true
C00362,silver,2022-07-06,S06,25-34,true
C00363,bronze,2022-07-06,S20,35-44,true
C00364,bronze,2022-07-09,S12,35-44,true
C00365,bronze,2022-07-10,S05,35-44,true
C00366,silver,2022-07-12,S15,55-64,true
C00367,silver,2022-07-13,WEB,35-44,true
C00368,silver,2022-07-13,WEB,65+,true
C00369,silver,2022-07-13,S07,35-44,false
C00370,bronze,2022-07-14,S22,35-44,true
C00371,silver,2022-07-17,S03,55-64,true
C00372,bronze,2022-07-17,S15,18-24,false
C00373,gold,2022-07-17,WEB,55-64,true
C00374,silver,2022-07-20,S21,25-34,false
C00375,bronze,2022-07-20,S14,35-44,false
C00376,gold,2022-07-21,S07,45-54,false
C00377,bronze,2022-07-24,S21,25-34,false
C00378,silver,2022-07-25,S18,65+,false
C00379,bronze,2022-07-26,S05,25-34,false
C00380,bronze,2022-07-26,S03,55-64,true
C00381,bronze,2022-07-26,WEB,65+,true
C00382,bronze,2022-07-26,S13,45-54,false
C00383,bronze,2022-07-26,S07,65+,true
C00384,bronze,2022-07-31,S21,18-24,false
C00385,bronze,2022-08-01,S16,55-64,true
C00386,bronze,2022-08-05,S08,25-34,false
C00387,silver,2022-08-05,S15,45-54,true
C00388,gold,2022-08-07,S19,45-54,true
C00389,silver,2022-08-07,S19,35-44,false
C00390,bronze,2022-08-08,S21,25-34,true
C00391,bronze,2022-08-09,S21,65+,true
C00392,bronze,2022-08-13,S07,35-44,false
C00393,silver,2022-08-17,S20,18-24,true
C00394,bronze,2022-08-18,WEB,25-34,true
C00395,bronze,2022-08-18,S13,18-24,false
C00396,bronze,2022-08-19,WEB,18-24,true
C00397,silver,2022-08-21,WEB,45-54,true
C00398,gold,2022-08-22,S06,25-34,true
C00399,gold,2022-08-24,S07,45-54,false
C00400,bronze,2022-08-25,WEB,25-34,true
C00401,bronze,2022-08-26,S19,25-34,false
C00402,bronze,2022-08-27,S09,65+,true
C00403,bronze,2022-08-27,S13,65+,false
C00404,silver,2022-08-29,S23,55-64,true
C00405,bronze,2022-09-02,S03,25-34,true
C00406,bronze,2022-09-05,S01,35-44,true
C00407,gold,2022-09-08,S14,25-34,true
C00408,bronze,2022-09-09,S19,25-34,true
C00409,bronze,2022-09-10,S12,45-54,false
C00410,bronze,2022-09-12,S21,35-44,false
C00411,silver,2022-09-13,WEB,45-54,true
C00412,bronze,2022-09-13,S19,25-34,true
C00413,bronze,2022-09-14,S13,35-44,false
C00414,bronze,2022-09-14,S21,65+,true
C00415,bronze,2022-09-15,S17,35-44,true
C00416,gold,2022-09-17,S21,55-64,false
C00417,bronze,2022-09-17,S14,45-54,true
C00418,silver,2022-09-18,S21,55-64,false
C00419,bronze,2022-09-18,S21,45-54,true
C00420,silver,2022-09-21,S05,35-44,false
C00421,bronze,2022-09-21,S21,65+,true
C00422,gold,2022-09-22,S11,35-44,true
C00423,silver,2022-09-23,S07,35-44,true
C00424,bronze,2022-09-27,S10,35-44,true
C00425,bronze,2022-09-29,S13,35-44,true
C00426,silver,2022-09-29,S21,25-34,true
C00427,silver,2022-09-30,S19,45-54,false
C00428,bronze,2022-09-30,S01,35-44,true
C00429,bronze,2022-09-30,S09,65+,false
C00430,bronze,2022-10-01,S01,25-34,true
C00431,gold,2022-10-04,S10,55-64,true
C00432,bronze,2022-10-05,S09,25-34,true
C00433,silver,2022-10-05,S22,35-44,true
C00434,silver,2022-10-05,S13,65+,false
C00435,gold,2022-10-09,WEB,18-24,true
C00436,silver,2022-10-11,S03,65+,true
C00437,bronze,2022-10-13,S07,55-64,true
C00438,silver,2022-10-15,S08,35-44,false
C00439,gold,2022-10-17,S23,45-54,true
C00440,silver,2022-10-17,WEB,35-44,true
C00441,silver,2022-10-17,S08,65+,true
C00442,silver,2022-10-18,S13,25-34,true
C00443,silver,2022-10-19,S01,35-44,false
C00444,gold,2022-10-19,S16,35-44,true
C00445,gold,2022-10-19,WEB,55-64,true
C00446,bronze,2022-10-22,S01,55-64,true
C00447,silver,2022-10-22,S23,18-24,false
C00448,bronze,2022-10-25,S04,35-44,false
C00449,gold,2022-10-28,S17,55-64,false
C00450,bronze,2022-10-29,WEB,35-44,true
C00451,bronze,2022-10-30,S22,25-34,true
C00452,bronze,2022-10-31,S23,45-54,true
C00453,bronze,2022-10-31,S13,45-54,true
C00454,silver,2022-11-01,S21,45-54,true
C00455,gold,2022-11-03,S20,25-34,false
C00456,gold,2022-11-03,WEB,55-64,true
C00457,gold,2022-11-05,S21,25-34,true
C00458,bronze,2022-11-06,S12,35-44,true
C00459,bronze,2022-11-06,S21,65+,true
C00460,bronze,2022-11-09,S12,65+,true
C00461,bronze,2022-11-10,S21,45-54,true
C00462,silver,2022-11-12,S11,35-44,true
C00463,bronze,2022-11-15,WEB,35-44,true
C00464,silver,2022-11-16,S03,45-54,false
C00465,bronze,2022-11-16,WEB,55-64,true
C00466,bronze,2022-11-18,S01,35-44,true
C00467,silver,2022-11-19,S13,35-44,true
C00468,bronze,2022-11-20,S09,35-44,false
C00469,gold,2022-11-20,WEB,35-44,true
C00470,bronze,2022-11-20,S21,45-54,true
C00471,silver,2022-11-24,S21,35-44,true
C00472,bronze,2022-11-26,WEB,45-54,true
C00473,bronze,2022-11-26,WEB,35-44,true
C00474,bronze,2022-11-27,S13,45-54,true
C00475,bronze,2022-11-28,S15,35-44,false
C00476,bronze,2022-11-29,WEB,45-54,true
C00477,bronze,2022-11-30,WEB,45-54,true
C00478,bronze,2022-12-01,S12,35-44,false
C00479,silver,2022-12-02,S19,55-64,true
C00480,bronze,2022-12-07,S21,65+,false
C00481,bronze,2022-12-09,S05,35-44,true
C00482,gold,2022-12-09,S18,35-44,true
C00483,silver,2022-12-10,WEB,55-64,true
C00484,silver,2022-12-13,S01,35-44,true
C00485,bronze,2022-12-15,S10,18-24,true
C00486,bronze,2022-12-17,WEB,55-64,true
C00487,silver,2022-12-17,S15,55-64,true
C00488,silver,2022-12-18,S23,65+,false
C00489,silver,2022-12-18,S15,55-64,true
C00490,bronze,2022-12-18,S10,65+,false
C00491,bronze,2022-12-21,S22,45-54,false
C00492,gold,2022-12-22,S01,65+,true
C00493,bronze,2022-12-25,S07,18-24,true
C00494,bronze,2022-12-27,WEB,25-34,true
C00495,bronze,2022-12-27,S01,35-44,true
C00496,bronze,2023-01-03,S02,18-24,true
C00497,bronze,2023-01-05,S23,45-54,true
C00498,bronze,2023-01-06,S20,25-34,false
C00499,bronze,2023-01-07,S13,25-34,true
C00500,gold,2023-01-09,WEB,65+,true
C00501,bronze,2023-01-09,WEB,25-34,true
C00502,silver,2023-01-09,WEB,45-54,true
C00503,bronze,2023-01-10,S20,25-34,false
C00504,bronze,2023-01-10,WEB,35-44,true
C00505,bronze,2023-01-13,S11,35-44,true
C00506,bronze,2023-01-14,S13,55-64,true
C00507,bronze,2023-01-15,WEB,25-34,true
C00508,bronze,2023-01-17,S10,55-64,true
C00509,gold,2023-01-18,S13,25-34,true
C00510,bronze,2023-01-22,S06,25-34,false
C00511,bronze,2023-01-23,S22,18-24,false
C00512,silver,2023-01-23,S15,25-34,true
C00513,silver,2023-01-24,S05,18-24,true
C00514,bronze,2023-01-24,S13,55-64,false
C00515,bronze,2023-01-26,S13,45-54,true
C00516,gold,2023-01-28,S06,35-44,true
C00517,bronze,2023-01-29,WEB,35-44,true
C00518,silver,2023-02-01,S05,35-44,true
C00519,bronze,2023-02-01,S16,35-44,false
C00520,silver,2023-02-04,S21,18-24,true
C00521,bronze,2023-02-07,S05,45-54,true
C00522,silver,2023-02-10,S03,25-34,true
C00523,bronze,2023-02-12,S07,18-24,true
C00524,bronze,2023-02-17,S08,25-34,false
C00525,bronze,2023-02-18,S16,45-54,true
C00526,silver,2023-02-18,S19,25-34,false
C00527,silver,2023-02-19,S16,18-24,true
C00528,bronze,2023-02-19,S01,25-34,true
C00529,bronze,2023-02-20,S09,45-54,false
C00530,silver,2023-02-21,WEB,35-44,true
C00531,bronze,2023-02-21,S03,45-54,false
C00532,bronze,2023-02-23,S07,35-44,true
C00533,bronze,2023-02-23,WEB,25-34,true
C00534,bronze,2023-02-24,S01,25-34,true
C00535,bronze,2023-02-25,WEB,45-54,true
C00536,gold,2023-02-26,WEB,55-64,true
C00537,bronze,2023-02-27,WEB,55-64,false
C00538,bronze,2023-02-28,WEB,35-44,true
C00539,bronze,2023-03-05,S12,65+,true
C00540,gold,2023-03-08,WEB,35-44,true
C00541,bronze,2023-03-08,S16,45-54,true
C00542,silver,2023-03-10,WEB,35-44,true
C00543,bronze,2023-03-10,S04,35-44,false
C00544,bronze,2023-03-15,WEB,45-54,true
C00545,silver,2023-03-19,S13,35-44,false
C00546,bronze,2023-03-20,S01,65+,true
C00547,silver,2023-03-22,S15,45-54,false
C00548,gold,2023-03-22,S22,65+,false
C00549,bronze,2023-03-24,S18,35-44,true
C00550,silver,2023-03-26,S21,45-54,true
C00551,bronze,2023-03-26,S07,35-44,true
C00552,bronze,2023-03-26,WEB,18-24,true
C00553,bronze,2023-03-28,WEB,25-34,true
C00554,bronze,2023-04-01,S13,45-54,true
C00555,bronze,2023-04-01,S22,25-34,false
C00556,bronze,2023-04-02,S03,45-54,false
C00557,bronze,2023-04-02,S22,55-64,true
C00558,silver,2023-04-03,S22,45-54,true
C00559,bronze,2023-04-09,S16,65+,false
C00560,silver,2023-04-14,S15,35-44,false
C00561,silver,2023-04-16,S07,18-24,false
C00562,gold,2023-04-20,S01,55-64,true
C00563,bronze,2023-04-23,S15,65+,true
C00564,bronze,2023-04-23,S20,45-54,true
C00565,silver,2023-04-23,S09,45-54,false
C00566,gold,2023-04-24,S22,25-34,true
C00567,bronze,2023-04-25,S16,18-24,false
C00568,silver,2023-04-25,WEB,35-44,true
C00569,bronze,2023-04-29,WEB,55-64,true
C00570,bronze,2023-05-02,S20,25-34,false
C00571,silver,2023-05-02,S21,25-34,false
C00572,bronze,2023-05-02,S20,25-34,true
C00573,silver,2023-05-03,S19,55-64,false
C00574,bronze,2023-05-06,WEB,55-64,true
C00575,gold,2023-05-08,S21,45-54,true
C00576,bronze,2023-05-10,WEB,35-44,true
C00577,bronze,2023-05-12,S03,25-34,true
C00578,silver,2023-05-13,WEB,25-34,true
C00579,silver,2023-05-13,S18,55-64,false
C00580,bronze,2023-05-14,WEB,65+,true
C00581,silver,2023-05-16,S09,25-34,false
C00582,gold,2023-05-18,WEB,45-54,true
C00583,bronze,2023-05-19,S20,25-34,true
C00584,bronze,2023-05-19,WEB,25-34,true
C00585,bronze,2023-05-19,S06,35-44,true
C00586,gold,2023-05-19,S17,25-34,true
C00587,bronze,2023-05-20,S12,45-54,false
C00588,gold,2023-05-23,S12,35-44,false
C00589,silver,2023-05-25,S01,25-34,true
C00590,gold,2023-05-26,WEB,25-34,true
C00591,silver,2023-05-26,S11,25-34,true
C00592,silver,2023-05-28,WEB,25-34,false
C00593,silver,2023-05-30,S08,35-44,true
C00594,silver,2023-05-30,S08,35-44,true
C00595,bronze,2023-05-31,S05,35-44,true
C00596,silver,2023-06-01,WEB,25-34,true
C00597,silver,2023-06-02,S22,55-64,true
C00598,bronze,2023-06-02,S02,25-34,true
C00599,silver,2023-06-02,S01,25-34,true
C00600,bronze,2023-06-03,WEB,35-44,true
C00601,bronze,2023-06-03,S02,55-64,true
C00602,bronze,2023-06-06,S01,35-44,false
C00603,silver,2023-06-08,S21,65+,false
C00604,bronze,2023-06-09,S13,65+,true
C00605,bronze,2023-06-13,S01,35-44,false
C00606,gold,2023-06-17,S12,35-44,true
C00607,silver,2023-06-20,S08,35-44,true
C00608,bronze,2023-06-22,WEB,35-44,true
C00609,bronze,2023-06-23,S08,25-34,true
C00610,silver,2023-06-25,S16,18-24,false
C00611,bronze,2023-06-27,S14,55-64,false
C00612,silver,2023-06-30,S14,45-54,true
C00613,bronze,2023-06-30,S12,35-44,true
C00614,bronze,2023-06-30,WEB,65+,true
C00615,silver,2023-07-03,S14,25-34,false
C00616,silver,2023-07-07,S13,45-54,true
C00617,silver,2023-07-08,S21,45-54,false
C00618,bronze,2023-07-13,WEB,65+,true
C00619,bronze,2023-07-18,S21,45-54,true
C00620,bronze,2023-07-20,WEB,35-44,true
C00621,bronze,2023-07-21,S21,45-54,false
C00622,bronze,2023-07-22,S17,35-44,false
C00623,bronze,2023-07-24,S06,55-64,false
C00624,bronze,2023-07-26,S23,35-44,true
C00625,bronze,2023-07-27,S09,45-54,true
C00626,bronze,2023-07-27,S23,45-54,true
C00627,bronze,2023-07-27,S21,35-44,false
C00628,silver,2023-07-31,S07,65+,true
C00629,bronze,2023-08-05,WEB,25-34,true
C00630,bronze,2023-08-05,S15,45-54,true
C00631,bronze,2023-08-05,S09,18-24,true
C00632,bronze,2023-08-06,S11,25-34,true
C00633,bronze,2023-08-09,S20,35-44,true
C00634,silver,2023-08-11,S21,65+,true
C00635,bronze,2023-08-12,S20,35-44,true
C00636,silver,2023-08-12,S01,45-54,true
C00637,gold,2023-08-13,S07,25-34,true
C00638,gold,2023-08-15,S13,45-54,true
C00639,bronze,2023-08-16,WEB,25-34,false
C00640,silver,2023-08-18,S08,25-34,true
C00641,bronze,2023-08-19,WEB,55-64,true
C00642,gold,2023-08-19,S09,35-44,true
C00643,gold,2023-08-19,S02,25-34,true
C00644,bronze,2023-08-20,WEB,55-64,true
C00645,bronze,2023-08-20,S17,55-64,false
C00646,bronze,2023-08-25,WEB,25-34,true
C00647,silver,2023-08-26,S06,18-24,false
C00648,bronze,2023-08-26,WEB,25-34,true
C00649,silver,2023-08-27,WEB,35-44,true
C00650,bronze,2023-08-27,S23,65+,true
C00651,bronze,2023-08-28,S07,35-44,true
C00652,gold,2023-08-28,WEB,35-44,true
C00653,bronze,2023-08-30,S10,18-24,true
C00654,bronze,2023-08-31,S21,35-44,false
C00655,bronze,2023-09-02,S03,35-44,true
C00656,bronze,2023-09-04,WEB,35-44,true
C00657,bronze,2023-09-06,S01,35-44,true
C00658,silver,2023-09-08,S01,25-34,false
C00659,gold,2023-09-13,S23,65+,false
C00660,bronze,2023-09-17,WEB,25-34,true
C00661,bronze,2023-09-18,S23,25-34,false
C00662,silver,2023-09-25,S01,35-44,false
C00663,bronze,2023-09-26,S04,35-44,true
C00664,bronze,2023-09-27,S21,55-64,true
C00665,gold,2023-09-28,S04,65+,true
C00666,bronze,2023-09-29,WEB,18-24,true
C00667,bronze,2023-09-29,S02,45-54,true
C00668,bronze,2023-09-29,S09,25-34,true
C00669,bronze,2023-09-30,S23,65+,true
C00670,silver,2023-09-30,S05,65+,true
C00671,bronze,2023-10-02,S16,25-34,true
C00672,gold,2023-10-06,S01,25-34,false
C00673,silver,2023-10-11,S07,18-24,true
C00674,bronze,2023-10-17,WEB,55-64,true
C00675,silver,2023-10-17,S13,55-64,true
C00676,bronze,2023-10-18,S23,25-34,true
C00677,silver,2023-10-18,S07,45-54,true
C00678,bronze,2023-10-18,WEB,35-44,true
C00679,bronze,2023-10-19,S05,35-44,true
C00680,silver,2023-10-19,S07,25-34,true
C00681,bronze,2023-10-23,S15,55-64,true
C00682,silver,2023-10-23,WEB,65+,true
C00683,bronze,2023-10-26,S10,25-34,true
C00684,bronze,2023-10-29,S13,35-44,true
C00685,silver,2023-10-29,S07,35-44,true
C00686,bronze,2023-10-29,S13,55-64,false
C00687,silver,2023-11-03,WEB,35-44,true
C00688,silver,2023-11-03,S05,45-54,true
C00689,bronze,2023-11-04,S18,45-54,false
C00690,bronze,2023-11-06,WEB,45-54,true
C00691,bronze,2023-11-07,WEB,55-64,false
C00692,bronze,2023-11-10,S21,45-54,true
C00693,bronze,2023-11-11,S05,25-34,true
C00694,silver,2023-11-11,S07,65+,false
C00695,bronze,2023-11-12,S09,55-64,true
C00696,bronze,2023-11-14,WEB,25-34,true
C00697,bronze,2023-11-15,S08,25-34,true
C00698,bronze,2023-11-16,S13,18-24,true
C00699,gold,2023-11-18,S21,35-44,false
C00700,bronze,2023-11-18,S20,55-64,false
C00701,silver,2023-11-20,S13,35-44,true
C00702,silver,2023-11-21,S01,45-54,false
C00703,bronze,2023-11-24,S21,65+,true
C00704,bronze,2023-11-25,S13,25-34,false
C00705,silver,2023-11-26,WEB,65+,true
C00706,gold,2023-11-28,WEB,35-44,true
C00707,silver,2023-11-30,S07,25-34,true
C00708,bronze,2023-12-01,S13,55-64,true
C00709,bronze,2023-12-04,S13,45-54,true
C00710,bronze,2023-12-05,S09,25-34,false
C00711,bronze,2023-12-12,WEB,45-54,true
C00712,silver,2023-12-16,WEB,35-44,true
C00713,silver,2023-12-18,S10,35-44,true
C00714,bronze,2023-12-19,WEB,65+,true
C00715,bronze,2023-12-20,S21,35-44,false
C00716,bronze,2023-12-21,WEB,25-34,true
C00717,bronze,2023-12-21,S21,18-24,false
C00718,silver,2023-12-23,WEB,18-24,true
C00719,bronze,2023-12-24,S21,18-24,true
C00720,gold,2023-12-24,S03,35-44,true
C00721,bronze,2023-12-26,S23,35-44,true
C00722,bronze,2023-12-28,S12,35-44,true
C00723,gold,2023-12-29,S07,35-44,true
C00724,silver,2023-12-30,WEB,45-54,true
C00725,gold,2024-01-03,S03,25-34,false
C00726,silver,2024-01-04,WEB,55-64,true
C00727,gold,2024-01-06,S17,18-24,false
C00728,silver,2024-01-06,S21,55-64,true
C00729,silver,2024-01-07,S02,45-54,false
C00730,silver,2024-01-08,S07,65+,true
C00731,gold,2024-01-13,S20,55-64,true
C00732,bronze,2024-01-15,S21,25-34,true
C00733,silver,2024-01-17,S07,35-44,false
C00734,bronze,2024-01-19,S04,25-34,true
C00735,gold,2024-01-19,S21,18-24,true
C00736,bronze,2024-01-20,S07,25-34,true
C00737,bronze,2024-01-24,WEB,55-64,true
C00738,bronze,2024-01-25,S10,25-34,true
C00739,bronze,2024-01-25,S07,25-34,true
C00740,bronze,2024-01-28,S15,45-54,false
C00741,bronze,2024-02-03,S21,35-44,false
C00742,gold,2024-02-04,S15,45-54,true
C00743,bronze,2024-02-04,S21,55-64,false
C00744,bronze,2024-02-04,S20,18-24,true
C00745,silver,2024-02-05,S07,18-24,true
C00746,bronze,2024-02-08,S06,25-34,true
C00747,gold,2024-02-08,WEB,35-44,true
C00748,bronze,2024-02-11,S23,55-64,true
C00749,silver,2024-02-13,S10,35-44,true
C00750,bronze,2024-02-13,S13,25-34,true
C00751,gold,2024-02-14,WEB,55-64,true
C00752,bronze,2024-02-16,S22,25-34,true
C00753,bronze,2024-02-17,S22,25-34,true
C00754,bronze,2024-02-17,S07,35-44,false
C00755,silver,2024-02-18,S04,35-44,false
C00756,bronze,2024-02-18,WEB,35-44,true
C00757,silver,2024-02-21,S06,25-34,true
C00758,silver,2024-02-21,S03,45-54,true
C00759,bronze,2024-02-21,S13,45-54,true
C00760,gold,2024-02-23,S12,35-44,true
C00761,bronze,2024-02-25,S13,45-54,true
C00762,bronze,2024-02-25,WEB,25-34,true
C00763,bronze,2024-03-02,WEB,25-34,true
C00764,silver,2024-03-04,S17,65+,true
C00765,gold,2024-03-05,S03,25-34,true
C00766,bronze,2024-03-06,S20,25-34,true
C00767,gold,2024-03-06,S10,25-34,true
C00768,bronze,2024-03-09,WEB,25-34,false
C00769,bronze,2024-03-11,S13,18-24,false
C00770,silver,2024-03-11,S22,65+,true
C00771,bronze,2024-03-11,S02,45-54,false
C00772,silver,2024-03-12,S19,65+,false
C00773,bronze,2024-03-14,WEB,65+,true
C00774,silver,2024-03-14,S10,55-64,true
C00775,gold,2024-03-15,WEB,45-54,true
C00776,gold,2024-03-15,WEB,55-64,false
C00777,bronze,2024-03-16,S11,25-34,true
C00778,bronze,2024-03-21,S20,18-24,false
C00779,gold,2024-03-23,WEB,45-54,true
C00780,silver,2024-03-26,S06,65+,true
C00781,gold,2024-03-28,S19,65+,false
C00782,bronze,2024-03-29,S13,35-44,true
C00783,gold,2024-04-01,S09,35-44,false
C00784,gold,2024-04-05,S14,55-64,false
C00785,bronze,2024-04-06,S13,35-44,true
C00786,silver,2024-04-06,S01,45-54,true
C00787,bronze,2024-04-06,S21,35-44,true
C00788,bronze,2024-04-07,WEB,25-34,false
C00789,silver,2024-04-10,S09,45-54,false
C00790,gold,2024-04-16,WEB,45-54,true
C00791,silver,2024-04-18,S19,35-44,true
C00792,silver,2024-04-18,WEB,25-34,true
C00793,bronze,2024-04-18,S13,35-44,true
C00794,silver,2024-04-20,S07,18-24,true
C00795,silver,2024-04-23,S03,45-54,true
C00796,bronze,2024-04-25,S17,35-44,true
C00797,bronze,2024-04-26,WEB,65+,true
C00798,silver,2024-04-27,S16,35-44,true
C00799,bronze,2024-04-30,S19,25-34,true
C00800,bronze,2024-05-01,S21,45-54,true
C00801,silver,2024-05-02,S13,25-34,true
C00802,silver,2024-05-05,S22,25-34,true
C00803,bronze,2024-05-05,S06,35-44,true
C00804,silver,2024-05-07,S21,35-44,true
C00805,gold,2024-05-07,S15,65+,true
C00806,bronze,2024-05-08,WEB,55-64,true
C00807,bronze,2024-05-08,S20,45-54,true
C00808,bronze,2024-05-09,S13,65+,true
C00809,bronze,2024-05-10,S07,35-44,false
C00810,silver,2024-05-11,S01,25-34,true
C00811,silver,2024-05-12,S22,18-24,true
C00812,bronze,2024-05-14,S17,25-34,true
C00813,gold,2024-05-16,S21,45-54,true
C00814,bronze,2024-05-17,S21,18-24,true
C00815,bronze,2024-05-18,S15,65+,false
C00816,bronze,2024-05-19,S01,18-24,false
C00817,bronze,2024-05-20,S07,25-34,true
C00818,bronze,2024-05-23,S07,35-44,true
C00819,bronze,2024-05-23,WEB,18-24,true
C00820,bronze,2024-05-24,S22,25-34,true
C00821,bronze,2024-05-25,WEB,45-54,false
C00822,bronze,2024-05-26,S22,25-34,false
C00823,bronze,2024-05-27,S23,35-44,true
C00824,bronze,2024-05-27,S18,35-44,true
C00825,bronze,2024-05-30,WEB,18-24,true
C00826,bronze,2024-05-31,S10,35-44,true
C00827,silver,2024-05-31,S07,65+,true
C00828,bronze,2024-05-31,WEB,45-54,false
C00829,bronze,2024-06-01,S08,65+,true
C00830,silver,2024-06-01,S07,25-34,true
C00831,silver,2024-06-01,S22,45-54,true
C00832,gold,2024-06-01,S07,45-54,true
C00833,gold,2024-06-02,S01,25-34,false
C00834,bronze,2024-06-02,S13,55-64,true
C00835,bronze,2024-06-03,S07,35-44,true
C00836,silver,2024-06-04,S21,65+,true
C00837,gold,2024-06-06,WEB,25-34,true
C00838,gold,2024-06-08,WEB,35-44,false
C00839,silver,2024-06-09,S13,55-64,true
C00840,bronze,2024-06-10,S06,55-64,true
C00841,gold,2024-06-11,S01,65+,false
C00842,silver,2024-06-12,WEB,35-44,true
C00843,bronze,2024-06-13,S09,18-24,true
C00844,silver,2024-06-17,S20,35-44,false
C00845,bronze,2024-06-17,WEB,55-64,false
C00846,bronze,2024-06-18,S07,25-34,true
C00847,bronze,2024-06-18,S07,25-34,true
C00848,gold,2024-06-20,S05,25-34,false
C00849,gold,2024-06-21,S13,25-34,false
C00850,bronze,2024-06-24,S08,25-34,true
C00851,bronze,2024-07-01,S22,25-34,true
C00852,gold,2024-07-02,WEB,65+,true
C00853,bronze,2024-07-03,S13,25-34,true
C00854,silver,2024-07-06,S15,25-34,true
C00855,bronze,2024-07-06,WEB,45-54,true
C00856,bronze,2024-07-11,S10,25-34,true
C00857,bronze,2024-07-12,S01,25-34,true
C00858,bronze,2024-07-13,S21,35-44,true
C00859,bronze,2024-07-14,WEB,35-44,true
C00860,bronze,2024-07-15,S13,55-64,false
C00861,bronze,2024-07-19,S10,45-54,true
C00862,bronze,2024-07-21,S02,18-24,true
C00863,bronze,2024-07-22,S12,45-54,true
C00864,silver,2024-07-24,S19,65+,true
C00865,bronze,2024-07-24,S10,45-54,true
C00866,bronze,2024-07-26,WEB,25-34,true
C00867,bronze,2024-07-28,S03,25-34,true
C00868,bronze,2024-07-29,S13,45-54,true
C00869,bronze,2024-07-30,S17,25-34,false
C00870,bronze,2024-07-31,S21,25-34,true
C00871,silver,2024-07-31,S01,55-64,false
C00872,bronze,2024-08-01,S01,35-44,true
C00873,bronze,2024-08-01,S07,35-44,true
C00874,bronze,2024-08-02,WEB,35-44,true
C00875,bronze,2024-08-05,WEB,25-34,true
C00876,silver,2024-08-05,S22,35-44,true
C00877,gold,2024-08-06,S21,18-24,true
C00878,bronze,2024-08-07,WEB,35-44,true
C00879,bronze,2024-08-08,S08,55-64,true
C00880,gold,2024-08-09,WEB,65+,true
C00881,bronze,2024-08-09,S12,25-34,false
C00882,bronze,2024-08-10,WEB,25-34,true
C00883,bronze,2024-08-11,S06,18-24,true
C00884,bronze,2024-08-11,WEB,45-54,true
C00885,silver,2024-08-12,WEB,25-34,true
C00886,gold,2024-08-16,S07,55-64,true
C00887,silver,2024-08-20,S13,25-34,true
C00888,silver,2024-08-22,S03,35-44,true
C00889,bronze,2024-08-22,WEB,65+,false
C00890,bronze,2024-08-23,S05,25-34,false
C00891,bronze,2024-08-24,S07,55-64,false
C00892,bronze,2024-08-24,S13,25-34,false
C00893,silver,2024-08-25,S22,45-54,true
C00894,bronze,2024-08-28,S20,35-44,false
C00895,bronze,2024-08-29,S07,25-34,true
C00896,bronze,2024-08-31,WEB,65+,false
C00897,bronze,2024-09-01,S07,25-34,false
C00898,bronze,2024-09-04,S17,55-64,false
C00899,gold,2024-09-05,S09,18-24,true
C00900,bronze,2024-09-07,S06,45-54,true
C00901,bronze,2024-09-09,S15,65+,true
C00902,silver,2024-09-13,S07,55-64,true
C00903,gold,2024-09-15,S06,55-64,true
C00904,silver,2024-09-16,S02,35-44,true
C00905,gold,2024-09-18,S02,35-44,false
C00906,bronze,2024-09-18,WEB,25-34,true
C00907,bronze,2024-09-18,S13,35-44,true
C00908,silver,2024-09-20,WEB,25-34,true
C00909,bronze,2024-09-25,S21,55-64,true
C00910,bronze,2024-09-26,S03,35-44,true
C00911,gold,2024-09-29,S07,55-64,false
C00912,bronze,2024-09-30,S19,45-54,false
C00913,bronze,2024-09-30,WEB,35-44,true
C00914,bronze,2024-10-01,S06,25-34,true
C00915,bronze,2024-10-02,WEB,25-34,true
C00916,bronze,2024-10-03,S21,25-34,false
C00917,silver,2024-10-03,S01,65+,true
C00918,bronze,2024-10-05,WEB,35-44,true
C00919,bronze,2024-10-05,S21,55-64,true
C00920,silver,2024-10-06,S12,35-44,true
C00921,bronze,2024-10-08,WEB,25-34,true
C00922,silver,2024-10-11,S04,18-24,true
C00923,bronze,2024-10-14,S14,35-44,false
C00924,gold,2024-10-17,S05,45-54,true
C00925,bronze,2024-10-17,S20,45-54,true
C00926,silver,2024-10-17,S11,25-34,true
C00927,bronze,2024-10-17,S21,35-44,true
C00928,bronze,2024-10-18,WEB,18-24,true
C00929,bronze,2024-10-18,S10,45-54,true
C00930,bronze,2024-10-18,WEB,35-44,true
C00931,silver,2024-10-19,S14,45-54,false
C00932,bronze,2024-10-19,S09,25-34,false
C00933,bronze,2024-10-20,WEB,25-34,true
C00934,bronze,2024-10-20,S07,65+,true
C00935,bronze,2024-10-22,S01,45-54,false
C00936,gold,2024-10-24,S03,35-44,true
C00937,silver,2024-10-25,S18,45-54,true
C00938,bronze,2024-10-28,S06,35-44,true
C00939,bronze,2024-10-28,S13,65+,false
C00940,bronze,2024-11-01,S07,65+,false
C00941,bronze,2024-11-01,S18,25-34,true
C00942,silver,2024-11-02,S03,25-34,false
C00943,bronze,2024-11-04,S04,35-44,true
C00944,silver,2024-11-04,S21,25-34,true
C00945,silver,2024-11-07,WEB,35-44,false
C00946,silver,2024-11-09,WEB,55-64,true
C00947,bronze,2024-11-10,S03,35-44,true
C00948,bronze,2024-11-10,S20,35-44,true
C00949,bronze,2024-11-11,S07,45-54,false
C00950,gold,2024-11-12,S19,55-64,true
C00951,gold,2024-11-14,S20,65+,true
C00952,bronze,2024-11-15,S12,35-44,true
C00953,bronze,2024-11-15,S18,55-64,false
C00954,bronze,2024-11-23,S14,55-64,true
C00955,bronze,2024-11-24,S21,45-54,false
C00956,bronze,2024-11-26,S07,55-64,false
C00957,bronze,2024-11-27,S21,35-44,true
C00958,silver,2024-11-29,S21,25-34,false
C00959,silver,2024-12-01,S13,55-64,true
C00960,bronze,2024-12-04,S22,25-34,false
C00961,gold,2024-12-05,S13,45-54,true
C00962,silver,2024-12-07,S19,25-34,true
C00963,silver,2024-12-07,WEB,45-54,true
C00964,gold,2024-12-07,S07,55-64,false
C00965,silver,2024-12-07,S21,65+,true
C00966,bronze,2024-12-08,S10,25-34,true
C00967,silver,2024-12-08,S06,45-54,false
C00968,bronze,2024-12-10,S23,25-34,false
C00969,gold,2024-12-11,S21,35-44,true
C00970,gold,2024-12-12,WEB,25-34,true
C00971,silver,2024-12-13,WEB,35-44,true
C00972,silver,2024-12-16,S17,18-24,true
C00973,bronze,2024-12-16,S21,55-64,true
C00974,bronze,2024-12-19,WEB,45-54,true
C00975,silver,2024-12-25,S13,45-54,false
C00976,bronze,2024-12-29,S21,35-44,true
C00977,bronze,2024-12-30,S20,25-34,true
C00978,silver,2024-12-31,S07,25-34,true
C00979,bronze,2025-01-05,S02,35-44,true
C00980,bronze,2025-01-07,S12,55-64,false
C00981,bronze,2025-01-07,WEB,25-34,true
C00982,bronze,2025-01-08,S18,65+,false
C00983,bronze,2025-01-10,WEB,18-24,true
C00984,silver,2025-01-12,S07,35-44,true
C00985,silver,2025-01-18,WEB,25-34,true
C00986,bronze,2025-01-18,S10,25-34,false
C00987,silver,2025-01-21,S03,35-44,true
C00988,bronze,2025-01-23,S09,45-54,true
C00989,bronze,2025-01-24,S02,35-44,true
C00990,bronze,2025-01-28,WEB,25-34,true
C00991,bronze,2025-01-29,S06,45-54,false
C00992,silver,2025-01-29,S16,35-44,false
C00993,bronze,2025-02-01,S19,25-34,true
C00994,bronze,2025-02-03,S01,25-34,true
C00995,silver,2025-02-07,WEB,35-44,true
C00996,silver,2025-02-07,WEB,55-64,true
C00997,bronze,2025-02-08,S10,18-24,true
C00998,silver,2025-02-10,S01,45-54,true
C00999,silver,2025-02-11,S23,25-34,true
C01000,bronze,2025-02-14,S07,35-44,true
C01001,gold,2025-02-15,WEB,65+,true
C01002,silver,2025-02-15,S03,35-44,false
C01003,gold,2025-02-20,S03,35-44,true
C01004,silver,2025-02-22,WEB,35-44,true
C01005,bronze,2025-02-23,S03,65+,true
C01006,bronze,2025-02-24,WEB,35-44,false
C01007,bronze,2025-02-28,WEB,45-54,true
C01008,silver,2025-03-02,S22,35-44,true
C01009,bronze,2025-03-04,WEB,25-34,true
C01010,bronze,2025-03-05,S14,35-44,true
C01011,silver,2025-03-06,S08,35-44,true
C01012,bronze,2025-03-06,S23,35-44,false
C01013,gold,2025-03-07,S13,25-34,false
C01014,bronze,2025-03-09,S03,45-54,false
C01015,silver,2025-03-10,WEB,65+,true
C01016,bronze,2025-03-11,WEB,45-54,false
C01017,bronze,2025-03-13,S01,65+,true
C01018,bronze,2025-03-14,S22,25-34,true
C01019,bronze,2025-03-14,S11,55-64,true
C01020,gold,2025-03-17,WEB,45-54,true
C01021,bronze,2025-03-17,S01,25-34,true
C01022,bronze,2025-03-17,S14,45-54,true
C01023,bronze,2025-03-18,WEB,55-64,true
C01024,bronze,2025-03-18,S07,25-34,false
C01025,bronze,2025-03-18,S15,35-44,false
C01026,bronze,2025-03-21,S14,65+,false
C01027,silver,2025-03-22,S07,25-34,false
C01028,bronze,2025-03-22,S06,25-34,true
C01029,bronze,2025-03-22,S21,25-34,false
C01030,bronze,2025-03-23,S01,18-24,true
C01031,bronze,2025-03-25,S05,18-24,false
C01032,silver,2025-03-27,S20,45-54,true
C01033,bronze,2025-03-27,S20,25-34,true
C01034,bronze,2025-03-30,S09,35-44,false
C01035,bronze,2025-03-30,S09,18-24,true
C01036,bronze,2025-04-25,S22,45-54,true
C01037,bronze,2025-04-27,WEB,25-34,true
C01038,bronze,2025-05-23,WEB,25-34,true
C01039,bronze,2025-05-28,S08,35-44,true
C01040,silver,2025-06-01,S03,55-64,true
C01041,silver,2025-06-05,S21,55-64,true
C01042,bronze,2025-06-06,S04,35-44,false
C01043,bronze,2025-06-07,S01,65+,true
C01044,bronze,2025-06-12,S21,25-34,true
C01045,bronze,2025-06-14,S05,65+,true
C01046,silver,2025-06-21,S06,35-44,true
C01047,silver,2025-06-25,S12,35-44,true
C01048,bronze,2025-07-01,S21,45-54,false
C01049,bronze,2025-07-02,S15,55-64,false
C01050,silver,2025-07-03,S15,45-54,false
C01051,gold,2025-07-04,S06,25-34,true
C01052,bronze,2025-07-12,S21,18-24,true
C01053,bronze,2025-07-12,S23,55-64,true
C01054,silver,2025-07-16,S21,45-54,true
C01055,silver,2025-07-19,S11,35-44,true
C01056,silver,2025-07-20,S08,25-34,true
C01057,gold,2025-07-24,WEB,45-54,true
C01058,bronze,2025-08-02,S23,25-34,true
C01059,silver,2025-08-02,S19,45-54,true
C01060,silver,2025-08-03,S01,18-24,false
C01061,gold,2025-08-05,WEB,35-44,true
C01062,bronze,2025-08-07,S13,35-44,false
C01063,bronze,2025-08-09,WEB,55-64,true
C01064,bronze,2025-08-09,S16,35-44,true
C01065,bronze,2025-08-10,S10,35-44,true
C01066,silver,2025-08-11,S10,45-54,false
C01067,silver,2025-08-11,S14,45-54,true
C01068,gold,2025-08-12,S13,25-34,true
C01069,bronze,2025-08-18,S05,55-64,false
C01070,silver,2025-08-20,S14,25-34,false
C01071,silver,2025-08-22,S01,55-64,true
C01072,bronze,2025-08-30,WEB,25-34,true
C01073,bronze,2025-08-31,S09,55-64,false
C01074,bronze,2025-09-01,S01,35-44,true
C01075,bronze,2025-09-02,S03,55-64,true
C01076,gold,2025-09-03,S09,45-54,true
C01077,bronze,2025-09-03,S13,55-64,true
C01078,bronze,2025-09-04,S07,25-34,true
C01079,bronze,2025-09-11,S13,25-34,true
C01080,bronze,2025-09-12,S06,45-54,true
C01081,gold,2025-09-14,S07,35-44,true
C01082,bronze,2025-09-14,S20,65+,true
C01083,bronze,2025-09-15,S21,35-44,true
C01084,bronze,2025-09-16,S08,25-34,true
C01085,bronze,2025-09-17,S04,45-54,false
C01086,bronze,2025-09-18,WEB,25-34,true
C01087,silver,2025-09-20,S24,55-64,true
C01088,silver,2025-09-21,S13,35-44,true
C01089,bronze,2025-09-23,S01,18-24,false
C01090,bronze,2025-09-27,S09,45-54,false
C01091,silver,2025-10-01,WEB,18-24,true
C01092,bronze,2025-10-01,S22,65+,true
C01093,silver,2025-10-02,WEB,18-24,true
C01094,bronze,2025-10-05,S13,25-34,true
C01095,bronze,2025-10-05,WEB,25-34,true
C01096,bronze,2025-10-09,S23,55-64,true
C01097,bronze,2025-10-09,S21,35-44,true
C01098,silver,2025-10-09,S23,45-54,false
C01099,bronze,2025-10-10,S07,65+,true
C01100,bronze,2025-10-13,WEB,35-44,false
C01101,silver,2025-10-18,S12,25-34,true
C01102,silver,2025-10-19,S16,25-34,false
C01103,bronze,2025-10-20,S20,55-64,true
C01104,silver,2025-10-20,S13,65+,true
C01105,silver,2025-10-21,WEB,25-34,true
C01106,bronze,2025-10-21,WEB,65+,true
C01107,bronze,2025-10-21,S09,25-34,false
C01108,silver,2025-10-25,S19,25-34,false
C01109,bronze,2025-10-25,S13,35-44,true
C01110,gold,2025-10-27,S22,35-44,true
C01111,bronze,2025-10-27,WEB,65+,true
C01112,bronze,2025-10-28,WEB,25-34,true
C01113,bronze,2025-10-28,S20,25-34,true
C01114,bronze,2025-10-28,S24,45-54,true
C01115,bronze,2025-11-01,S12,25-34,true
C01116,silver,2025-11-03,S21,35-44,false
C01117,bronze,2025-11-04,S21,45-54,true
C01118,bronze,2025-11-05,WEB,25-34,true
C01119,bronze,2025-11-06,S11,65+,true
C01120,silver,2025-11-09,S07,25-34,false
C01121,bronze,2025-11-09,S08,55-64,false
C01122,gold,2025-11-09,WEB,18-24,true
C01123,bronze,2025-11-10,WEB,65+,true
C01124,bronze,2025-11-10,WEB,25-34,true
C01125,gold,2025-11-10,S01,65+,true
C01126,bronze,2025-11-11,WEB,18-24,true
C01127,silver,2025-11-11,S05,25-34,true
C01128,silver,2025-11-12,S03,35-44,true
C01129,bronze,2025-11-13,S14,45-54,false
C01130,silver,2025-11-15,S01,35-44,false
C01131,bronze,2025-11-15,S06,25-34,true
C01132,silver,2025-11-16,WEB,35-44,true
C01133,bronze,2025-11-16,WEB,18-24,false
C01134,silver,2025-11-16,S21,25-34,true
C01135,silver,2025-11-17,S03,25-34,true
C01136,bronze,2025-11-18,S21,65+,false
C01137,bronze,2025-11-18,S05,55-64,true
C01138,bronze,2025-11-19,S11,25-34,true
C01139,bronze,2025-11-21,S08,35-44,false
C01140,bronze,2025-11-23,S09,55-64,true
C01141,bronze,2025-11-23,WEB,55-64,true
C01142,silver,2025-11-24,S11,25-34,true
C01143,bronze,2025-11-25,S07,25-34,true
C01144,bronze,2025-11-26,WEB,35-44,true
C01145,bronze,2025-11-27,S04,45-54,true
C01146,gold,2025-11-27,S24,25-34,true
C01147,bronze,2025-11-27,S21,55-64,false
C01148,bronze,2025-11-27,S16,45-54,true
C01149,bronze,2025-11-29,S23,25-34,true
C01150,bronze,2025-11-29,WEB,45-54,false
C01151,gold,2025-11-30,S16,65+,false
C01152,silver,2025-12-01,S01,18-24,true
C01153,bronze,2025-12-03,S14,35-44,true
C01154,gold,2025-12-03,WEB,35-44,true
C01155,bronze,2025-12-03,S01,25-34,true
C01156,silver,2025-12-04,S24,35-44,true
C01157,bronze,2025-12-04,S21,35-44,true
C01158,bronze,2025-12-04,WEB,45-54,true
C01159,gold,2025-12-04,S09,25-34,true
C01160,bronze,2025-12-05,WEB,25-34,true
C01161,silver,2025-12-06,S02,65+,true
C01162,silver,2025-12-07,S16,25-34,false
C01163,gold,2025-12-08,S02,25-34,true
C01164,bronze,2025-12-09,S13,45-54,false
C01165,bronze,2025-12-11,S05,35-44,true
C01166,bronze,2025-12-11,S11,35-44,false
C01167,silver,2025-12-14,WEB,35-44,true
C01168,bronze,2025-12-15,S15,25-34,true
C01169,bronze,2025-12-17,WEB,25-34,false
C01170,bronze,2025-12-17,S02,35-44,true
C01171,bronze,2025-12-18,S14,25-34,false
C01172,bronze,2025-12-19,S06,65+,false
C01173,gold,2025-12-20,S18,18-24,false
C01174,silver,2025-12-20,S22,18-24,true
C01175,silver,2025-12-21,S17,65+,false
C01176,bronze,2025-12-21,S07,18-24,true
C01177,silver,2025-12-23,WEB,35-44,true
C01178,bronze,2025-12-29,S05,25-34,true
C01179,bronze,2025-12-30,S11,35-44,true
C01180,bronze,2025-12-31,WEB,35-44,true
C01181,bronze,2026-01-01,S13,25-34,true
C01182,silver,2026-01-02,S04,45-54,false
C01183,silver,2026-01-02,S12,55-64,true
C01184,bronze,2026-01-02,S07,25-34,true
C01185,silver,2026-01-04,S11,45-54,true
C01186,bronze,2026-01-06,S11,45-54,false
C01187,silver,2026-01-08,S06,25-34,true
C01188,bronze,2026-01-08,S07,45-54,false
C01189,bronze,2026-01-08,S05,35-44,true
C01190,bronze,2026-01-09,S05,25-34,false
C01191,bronze,2026-01-09,S05,45-54,true
C01192,bronze,2026-01-10,S22,25-34,false
C01193,silver,2026-01-12,S09,35-44,false
C01194,silver,2026-01-13,S17,55-64,true
C01195,gold,2026-01-15,WEB,55-64,true
C01196,bronze,2026-01-15,S12,45-54,false
C01197,bronze,2026-01-16,WEB,35-44,true
C01198,silver,2026-01-17,S06,65+,true
C01199,bronze,2026-01-17,S07,45-54,false
C01200,bronze,2026-01-18,S21,45-54,true
C01201,bronze,2026-01-21,WEB,35-44,true
C01202,bronze,2026-01-24,S18,35-44,true
C01203,bronze,2026-01-25,S11,25-34,true
C01204,gold,2026-01-27,S24,45-54,true
C01205,silver,2026-01-29,S13,35-44,true
C01206,bronze,2026-01-29,S11,35-44,false
C01207,bronze,2026-01-30,S24,35-44,true
C01208,silver,2026-01-30,S05,55-64,true
C01209,bronze,2026-01-31,S16,55-64,true
C01210,silver,2026-01-31,S01,55-64,false
C01211,silver,2026-01-31,S13,25-34,false
C01212,bronze,2026-02-02,S05,45-54,false
C01213,bronze,2026-02-03,WEB,25-34,true
C01214,bronze,2026-02-04,WEB,18-24,true
C01215,bronze,2026-02-04,S11,35-44,true
C01216,bronze,2026-02-04,WEB,35-44,true
C01217,bronze,2026-02-05,S16,45-54,true
C01218,bronze,2026-02-05,S23,35-44,false
C01219,gold,2026-02-06,S12,35-44,true
C01220,silver,2026-02-07,S20,35-44,true
C01221,gold,2026-02-08,S13,55-64,true
C01222,silver,2026-02-09,S22,18-24,true
C01223,silver,2026-02-09,S05,25-34,true
C01224,silver,2026-02-09,WEB,45-54,true
C01225,bronze,2026-02-14,WEB,25-34,true
C01226,bronze,2026-02-17,WEB,35-44,true
C01227,bronze,2026-02-18,WEB,55-64,true
C01228,silver,2026-02-18,S13,35-44,false
C01229,bronze,2026-02-18,S12,45-54,true
C01230,gold,2026-02-18,WEB,35-44,true
C01231,bronze,2026-02-18,S05,25-34,true
C01232,bronze,2026-02-20,S21,45-54,true
C01233,gold,2026-02-23,WEB,45-54,true
C01234,bronze,2026-02-23,S07,55-64,true
C01235,bronze,2026-02-25,WEB,45-54,true
C01236,silver,2026-02-25,S21,25-34,false
C01237,bronze,2026-02-26,S08,25-34,true
C01238,bronze,2026-02-28,WEB,55-64,false
C01239,gold,2026-02-28,S07,35-44,true
C01240,bronze,2026-03-01,S22,25-34,true
C01241,bronze,2026-03-03,WEB,25-34,true
C01242,bronze,2026-03-04,WEB,18-24,true
C01243,bronze,2026-03-05,S19,25-34,false
C01244,bronze,2026-03-06,S17,25-34,true
C01245,bronze,2026-03-06,S19,18-24,true
C01246,gold,2026-03-08,S06,55-64,false
C01247,bronze,2026-03-09,S05,25-34,true
C01248,bronze,2026-03-10,WEB,55-64,true
C01249,silver,2026-03-10,S17,65+,false
C01250,bronze,2026-03-12,S12,35-44,true
C01251,bronze,2026-03-13,S19,25-34,true
C01252,bronze,2026-03-13,WEB,35-44,true
C01253,bronze,2026-03-14,S21,35-44,true
C01254,silver,2026-03-15,S24,65+,true
C01255,silver,2026-03-15,S06,35-44,true
C01256,gold,2026-03-16,S11,25-34,true
C01257,bronze,2026-03-17,S13,18-24,false
C01258,bronze,2026-03-18,S15,25-34,true
C01259,bronze,2026-03-19,S20,55-64,true
C01260,bronze,2026-03-19,WEB,45-54,true
C01261,gold,2026-03-20,WEB,55-64,true
C01262,silver,2026-03-23,S22,45-54,true
C01263,silver,2026-03-24,S14,25-34,false
C01264,bronze,2026-03-25,S19,45-54,false
C01265,bronze,2026-03-26,S21,55-64,true
C01266,bronze,2026-03-26,S21,45-54,true
C01267,silver,2026-03-27,S03,25-34,true
C01268,silver,2026-03-27,WEB,18-24,false
C01269,bronze,2026-03-27,WEB,65+,true
C01270,bronze,2026-03-28,S08,25-34,false
C01271,bronze,2026-03-29,S09,25-34,false
C01272,bronze,2026-03-30,WEB,35-44,true
C01273,bronze,2026-04-01,WEB,25-34,true
C01274,silver,2026-04-04,S16,65+,true
C01275,silver,2026-04-05,S21,25-34,true
C01276,silver,2026-04-06,S18,55-64,false
C01277,bronze,2026-04-07,WEB,45-54,true
C01278,silver,2026-04-07,S07,45-54,true
C01279,silver,2026-04-11,S06,45-54,true
C01280,silver,2026-04-11,S22,18-24,true
C01281,bronze,2026-04-12,S21,25-34,false
C01282,bronze,2026-04-13,S05,25-34,true
C01283,silver,2026-04-13,S19,65+,true
C01284,silver,2026-04-13,S07,65+,false
C01285,silver,2026-04-14,WEB,25-34,true
C01286,bronze,2026-04-14,WEB,18-24,true
C01287,bronze,2026-04-14,S16,35-44,false
C01288,bronze,2026-04-15,S22,45-54,true
C01289,silver,2026-04-15,S22,65+,true
C01290,bronze,2026-04-16,S21,18-24,true
C01291,bronze,2026-04-16,WEB,25-34,true
C01292,bronze,2026-04-17,S01,25-34,true
C01293,bronze,2026-04-17,S17,45-54,true
C01294,silver,2026-04-18,S11,35-44,false
C01295,bronze,2026-04-19,WEB,25-34,true
C01296,silver,2026-04-20,S04,35-44,true
C01297,silver,2026-04-21,WEB,35-44,true
C01298,bronze,2026-04-21,S21,25-34,true
C01299,silver,2026-04-21,S03,25-34,true
C01300,silver,2026-04-22,S21,18-24,true
C01301,silver,2026-04-24,S21,45-54,true
C01302,bronze,2026-04-25,S21,65+,false
C01303,bronze,2026-04-25,WEB,25-34,true
C01304,bronze,2026-04-25,S22,45-54,false
C01305,bronze,2026-04-28,S05,55-64,true
C01306,bronze,2026-04-29,S21,45-54,false
C01307,bronze,2026-04-30,S13,45-54,false
C01308,silver,2026-05-06,S23,65+,true
C01309,bronze,2026-05-07,S21,25-34,true
C01310,bronze,2026-05-07,S21,45-54,true
C01311,bronze,2026-05-09,S21,45-54,true
C01312,silver,2026-05-09,S19,25-34,true
C01313,bronze,2026-05-09,S21,18-24,false
C01314,silver,2026-05-10,S21,45-54,true
C01315,silver,2026-05-10,S14,25-34,false
C01316,bronze,2026-05-11,S21,55-64,true
C01317,silver,2026-05-11,S02,18-24,true
C01318,bronze,2026-05-12,S06,18-24,true
C01319,silver,2026-05-12,WEB,35-44,true
C01320,bronze,2026-05-13,WEB,18-24,true
C01321,silver,2026-05-13,WEB,45-54,true
C01322,bronze,2026-05-13,S13,25-34,true
C01323,bronze,2026-05-15,S10,45-54,true
C01324,silver,2026-05-15,S22,35-44,false
C01325,silver,2026-05-15,S20,45-54,false
C01326,bronze,2026-05-16,S21,45-54,true
C01327,bronze,2026-05-17,S06,45-54,true
C01328,bronze,2026-05-17,S11,55-64,true
C01329,bronze,2026-05-17,S23,35-44,false
C01330,bronze,2026-05-17,S23,25-34,true
C01331,silver,2026-05-18,S04,55-64,true
C01332,silver,2026-05-18,S05,45-54,true
C01333,bronze,2026-05-18,S14,45-54,false
C01334,bronze,2026-05-18,S10,18-24,true
C01335,bronze,2026-05-18,S14,45-54,true
C01336,bronze,2026-05-19,S06,25-34,true
C01337,bronze,2026-05-20,WEB,55-64,true
C01338,bronze,2026-05-20,S13,45-54,false
C01339,silver,2026-05-21,S13,35-44,false
C01340,silver,2026-05-22,S08,25-34,false
C01341,bronze,2026-05-23,WEB,25-34,true
C01342,bronze,2026-05-23,WEB,35-44,false
C01343,bronze,2026-05-23,S05,25-34,false
C01344,bronze,2026-05-23,S16,35-44,true
C01345,silver,2026-05-23,S13,35-44,true
C01346,bronze,2026-05-24,S20,65+,true
C01347,bronze,2026-05-24,S14,25-34,false
C01348,bronze,2026-05-24,S16,18-24,false
C01349,silver,2026-05-25,WEB,18-24,true
C01350,bronze,2026-05-26,S13,45-54,false
C01351,bronze,2026-05-26,WEB,55-64,true
C01352,silver,2026-05-27,S07,65+,true
C01353,silver,2026-05-28,S03,55-64,false
C01354,bronze,2026-05-29,S18,55-64,true
C01355,bronze,2026-05-30,S22,25-34,true
C01356,bronze,2026-05-30,S12,45-54,true
C01357,silver,2026-05-31,S01,55-64,true
C01358,bronze,2026-05-31,S13,25-34,false
C01359,bronze,2026-06-01,WEB,65+,true
C01360,silver,2026-06-01,WEB,35-44,true
C01361,bronze,2026-06-02,S17,25-34,true
C01362,bronze,2026-06-02,WEB,55-64,true
C01363,bronze,2026-06-03,S23,25-34,true
C01364,bronze,2026-06-05,S20,55-64,true
C01365,silver,2026-06-06,S22,35-44,false
C01366,bronze,2026-06-08,S05,45-54,true
C01367,bronze,2026-06-09,S23,18-24,false
C01368,bronze,2026-06-09,S04,25-34,true
C01369,bronze,2026-06-09,S22,35-44,true
C01370,bronze,2026-06-10,S13,55-64,true
C01371,bronze,2026-06-11,S12,18-24,true
C01372,silver,2026-06-11,S07,45-54,true
C01373,silver,2026-06-11,S05,18-24,true
C01374,bronze,2026-06-13,WEB,45-54,true
C01375,bronze,2026-06-14,S21,45-54,true
C01376,silver,2026-06-15,S09,25-34,true
C01377,bronze,2026-06-15,S23,25-34,true
C01378,silver,2026-06-16,S06,25-34,false
C01379,silver,2026-06-16,WEB,35-44,true
C01380,bronze,2026-06-16,S13,55-64,true
C01381,silver,2026-06-18,S21,35-44,true
C01382,bronze,2026-06-18,WEB,45-54,true
C01383,silver,2026-06-18,S23,65+,true
C01384,silver,2026-06-18,WEB,25-34,false
C01385,bronze,2026-06-20,S19,35-44,true
C01386,bronze,2026-06-20,S21,55-64,true
C01387,bronze,2026-06-20,S03,25-34,false
C01388,bronze,2026-06-22,S12,18-24,true
C01389,bronze,2026-06-23,S13,45-54,true
C01390,bronze,2026-06-24,S07,55-64,true
C01391,bronze,2026-06-25,S22,25-34,true
C01392,silver,2026-06-25,S13,35-44,true
C01393,bronze,2026-06-26,S06,35-44,true
C01394,bronze,2026-06-26,S13,35-44,true
C01395,bronze,2026-06-26,S10,65+,true
C01396,bronze,2026-06-27,S15,55-64,true
C01397,bronze,2026-06-28,S02,65+,true
C01398,silver,2026-06-28,S22,45-54,true
C01399,bronze,2026-06-30,S05,55-64,false
C01400,silver,2026-07-01,S12,25-34,true
C01401,bronze,2026-07-01,S01,25-34,true
C01402,silver,2026-07-03,S16,18-24,true
C01403,silver,2026-07-03,WEB,35-44,true
C01404,silver,2026-07-03,S24,45-54,true
C01405,bronze,2026-07-03,S09,55-64,false
C01406,silver,2026-07-04,S10,55-64,true
C01407,silver,2026-07-04,WEB,25-34,true
C01408,bronze,2026-07-05,S07,65+,false
C01409,silver,2026-07-05,WEB,55-64,false
C01410,silver,2026-07-05,S01,35-44,true
C01411,bronze,2026-07-06,S02,65+,true
C01412,bronze,2026-07-06,S03,45-54,true
C01413,silver,2026-07-07,S06,45-54,true
C01414,bronze,2026-07-07,S05,35-44,true
C01415,bronze,2026-07-09,WEB,65+,true
C01416,bronze,2026-07-11,S21,65+,false
C01417,bronze,2026-07-11,S17,55-64,true
C01418,silver,2026-07-12,S03,45-54,true
C01419,silver,2026-07-13,S20,45-54,true
C01420,silver,2026-07-13,WEB,55-64,true
C01421,bronze,2026-07-14,S20,35-44,true
C01422,bronze,2026-07-14,S16,25-34,false
C01423,silver,2026-07-14,S15,45-54,false
C01424,bronze,2026-07-15,S08,45-54,false
C01425,bronze,2026-07-17,S22,45-54,false
C01426,bronze,2026-07-18,S12,35-44,true
C01427,silver,2026-07-20,WEB,25-34,true
C01428,silver,2026-07-20,S05,25-34,true
C01429,silver,2026-07-20,S19,55-64,true
C01430,bronze,2026-07-20,WEB,65+,true
C01431,silver,2026-07-21,S01,18-24,true
C01432,bronze,2026-07-22,S06,35-44,false
C01433,bronze,2026-07-25,S23,55-64,true
C01434,silver,2026-07-25,S24,18-24,false
C01435,bronze,2026-07-28,S05,35-44,false
C01436,bronze,2026-07-28,S11,45-54,true
C01437,bronze,2026-07-28,S07,25-34,true
C01438,silver,2026-07-29,S07,18-24,false
C01439,bronze,2026-07-30,S23,65+,true
C01440,bronze,2026-07-30,S18,55-64,true
C01441,silver,2026-07-30,S05,25-34,true
C01442,bronze,2026-08-03,S09,45-54,false
C01443,bronze,2026-08-04,WEB,25-34,false
C01444,bronze,2026-08-04,S21,18-24,true
C01445,bronze,2026-08-04,S21,35-44,true
C01446,bronze,2026-08-04,S04,55-64,true
C01447,bronze,2026-08-05,S21,35-44,true
C01448,bronze,2026-08-06,S20,55-64,false
C01449,bronze,2026-08-06,S11,35-44,true
C01450,bronze,2026-08-08,S21,65+,true
C01451,bronze,2026-08-08,WEB,25-34,true
C01452,bronze,2026-08-09,S17,35-44,true
C01453,bronze,2026-08-10,WEB,65+,true
C01454,bronze,2026-08-11,S01,65+,true
C01455,bronze,2026-08-12,S21,55-64,false
C01456,bronze,2026-08-13,WEB,18-24,true
C01457,bronze,2026-08-14,S01,35-44,true
C01458,bronze,2026-08-15,S22,25-34,true
C01459,bronze,2026-08-16,S13,35-44,true
C01460,bronze,2026-08-17,S15,65+,false
C01461,bronze,2026-08-18,S19,65+,false
C01462,bronze,2026-08-18,S01,25-34,true
C01463,bronze,2026-08-18,S01,35-44,true
C01464,bronze,2026-08-19,WEB,35-44,true
C01465,bronze,2026-08-20,S01,25-34,false
C01466,bronze,2026-08-21,S19,35-44,true
C01467,bronze,2026-08-21,S07,18-24,true
C01468,bronze,2026-08-21,S15,25-34,true
C01469,bronze,2026-08-22,S03,25-34,true
C01470,bronze,2026-08-22,S22,25-34,true
C01471,bronze,2026-08-22,S07,55-64,true
C01472,bronze,2026-08-22,S23,35-44,true
C01473,bronze,2026-08-23,WEB,45-54,true
C01474,bronze,2026-08-23,S13,55-64,true
C01475,bronze,2026-08-24,S21,45-54,false
C01476,bronze,2026-08-25,S16,25-34,false
C01477,bronze,2026-08-26,S15,35-44,false
C01478,bronze,2026-08-27,S13,25-34,false
C01479,bronze,2026-08-27,WEB,45-54,true
C01480,bronze,2026-08-27,WEB,35-44,true
C01481,bronze,2026-08-27,S03,35-44,true
C01482,bronze,2026-08-28,S21,18-24,false
C01483,bronze,2026-08-28,WEB,55-64,true
C01484,bronze,2026-08-28,S10,25-34,true
C01485,bronze,2026-08-29,S21,65+,true
C01486,bronze,2026-08-30,S21,55-64,false
C01487,bronze,2026-08-30,S20,55-64,true
C01488,bronze,2026-08-30,WEB,45-54,true
C01489,bronze,2026-08-30,S21,55-64,true
C01490,bronze,2026-08-31,S13,55-64,true
C01491,bronze,2026-09-01,S06,45-54,false
C01492,bronze,2026-09-03,S04,35-44,true
C01493,bronze,2026-09-03,S01,35-44,false
C01494,bronze,2026-09-04,S24,18-24,false
C01495,bronze,2026-09-04,WEB,25-34,true
C01496,bronze,2026-09-06,WEB,45-54,false
C01497,bronze,2026-09-06,S16,18-24,false
C01498,bronze,2026-09-07,WEB,25-34,true
C01499,bronze,2026-09-08,WEB,55-64,true
C01500,bronze,2026-09-09,S22,35-44,true
