product_id,sku,product_name,category,subcategory,brand,supplier,list_price,unit_cost
P001,LRG-ELE-1037,Voltara Smart Speaker Mini,Electronics,Smart Speaker,Voltara,Voltara Devices,49.99,35.37
P002,LRG-ELE-1074,Voltara Smart Speaker Standard,Electronics,Smart Speaker,Voltara,Voltara Devices,89.99,62.51
P003,LRG-ELE-1111,Voltara Smart Speaker Max,Electronics,Smart Speaker,Voltara,Voltara Devices,129.99,93.3
P004,LRG-ELE-1148,Auralis Soundbar 2.1,Electronics,Soundbar,Auralis,Auralis Audio Works,129.99,87.58
P005,LRG-ELE-1185,Lumen Living Soundbar 3.1 with Subwoofer,Electronics,Soundbar,Lumen Living,Auralis Audio Works,349.99,236.19
P006,LRG-ELE-1222,Lumen Living Wireless Earbuds Lite,Electronics,Wireless Earbuds,Lumen Living,Auralis Audio Works,39.99,28.38
P007,LRG-ELE-1259,Auralis Wireless Earbuds Pro,Electronics,Wireless Earbuds,Auralis,Auralis Audio Works,149.99,100.12
P008,LRG-ELE-1296,Auralis Over-Ear Headphones Studio,Electronics,Over-Ear Headphones,Auralis,Auralis Audio Works,79.99,59.22
P009,LRG-ELE-1333,Lumen Living Over-Ear Headphones Travel,Electronics,Over-Ear Headphones,Lumen Living,Auralis Audio Works,299.99,213.1
P010,LRG-ELE-1370,Lumen Living Smart Display 8-inch,Electronics,Smart Display,Lumen Living,Voltara Devices,89.99,69.49
P011,LRG-ELE-1407,Voltara Smart Display 10-inch,Electronics,Smart Display,Voltara,Voltara Devices,229.99,157.79
P012,LRG-ELE-1444,Voltara 4K Streaming Stick Standard,Electronics,4K Streaming Stick,Voltara,Voltara Devices,43.99,27.74
P013,LRG-ELE-1481,Voltara Portable Projector HD,Electronics,Portable Projector,Voltara,Voltara Devices,149.99,94.81
P014,LRG-ELE-1518,Voltara Portable Projector Full HD,Electronics,Portable Projector,Voltara,Voltara Devices,449.99,289.99
P015,LRG-ELE-1555,Voltara Robot Vacuum Core,Electronics,Robot Vacuum,Voltara,Voltara Devices,199.99,139.55
P016,LRG-ELE-1592,Voltara Robot Vacuum Plus,Electronics,Robot Vacuum,Voltara,Voltara Devices,399.99,251.98
P017,LRG-ELE-1629,Voltara Robot Vacuum Max,Electronics,Robot Vacuum,Voltara,Voltara Devices,599.99,422.47
P018,LRG-ELE-1666,Lumen Living Air Purifier Small Room,Electronics,Air Purifier,Lumen Living,Voltara Devices,89.99,70.17
P019,LRG-ELE-1703,Voltara Air Purifier Large Room,Electronics,Air Purifier,Voltara,Voltara Devices,299.99,214.3
P020,LRG-ELE-1740,Voltara Smart Thermostat Standard,Electronics,Smart Thermostat,Voltara,Voltara Devices,79.99,52.71
P021,LRG-ELE-1777,Voltara Smart Thermostat Pro,Electronics,Smart Thermostat,Voltara,Voltara Devices,179.99,112.39
P022,LRG-ELE-1814,Voltara Video Doorbell Wired,Electronics,Video Doorbell,Voltara,Voltara Devices,69.99,45.68
P023,LRG-ELE-1851,Voltara Video Doorbell Battery,Electronics,Video Doorbell,Voltara,Voltara Devices,199.99,140.9
P024,LRG-ELE-1888,Auralis Bluetooth Speaker Pocket,Electronics,Bluetooth Speaker,Auralis,Auralis Audio Works,29.99,20.44
P025,LRG-ELE-1925,Auralis Bluetooth Speaker Party,Electronics,Bluetooth Speaker,Auralis,Auralis Audio Works,119.99,85.37
P026,LRG-ELE-1962,Voltara Smart LED Light Kit Starter,Electronics,Smart LED Light Kit,Voltara,Voltara Devices,24.99,19.09
P027,LRG-ELE-1999,Voltara Smart LED Light Kit Whole Room,Electronics,Smart LED Light Kit,Voltara,Voltara Devices,89.99,57.63
P028,LRG-ELE-2036,Lumen Living Wireless Charging Pad Single,Electronics,Wireless Charging Pad,Lumen Living,Voltara Devices,19.99,13.16
P029,LRG-ELE-2073,Voltara Wireless Charging Pad Triple,Electronics,Wireless Charging Pad,Voltara,Voltara Devices,49.99,38.67
P030,LRG-ELE-2110,Voltara Digital Photo Frame 10-inch,Electronics,Digital Photo Frame,Voltara,Voltara Devices,59.99,40.35
P031,LRG-ELE-2147,Lumen Living Digital Photo Frame 15-inch,Electronics,Digital Photo Frame,Lumen Living,Voltara Devices,139.99,90.69
P032,LRG-ELE-2184,Auralis Sleep Sound Machine Classic,Electronics,Sleep Sound Machine,Auralis,Auralis Audio Works,29.99,21.03
P033,LRG-ELE-2221,Auralis Sleep Sound Machine Smart,Electronics,Sleep Sound Machine,Auralis,Auralis Audio Works,79.99,57.48
P034,LRG-FUR-2258,Hearthwood 3-Seat Sofa Slate,Furniture,3-Seat Sofa,Hearthwood,Hearthwood Furniture Co.,699.99,370.49
P035,LRG-FUR-2295,Lumen Living 3-Seat Sofa Linen,Furniture,3-Seat Sofa,Lumen Living,Hearthwood Furniture Co.,999.99,597.18
P036,LRG-FUR-2332,Lumen Living 3-Seat Sofa Oat,Furniture,3-Seat Sofa,Lumen Living,Hearthwood Furniture Co.,1299.99,803.24
P037,LRG-FUR-2369,Cedarline Armchair Slate,Furniture,Armchair,Cedarline,Cedarline Home Furnishings,329.99,143.94
P038,LRG-FUR-2406,Cedarline Armchair Rust,Furniture,Armchair,Cedarline,Cedarline Home Furnishings,599.99,373.09
P039,LRG-FUR-2443,Hearthwood Coffee Table Oak,Furniture,Coffee Table,Hearthwood,Hearthwood Furniture Co.,169.99,77.39
P040,LRG-FUR-2480,Hearthwood Coffee Table Walnut,Furniture,Coffee Table,Hearthwood,Hearthwood Furniture Co.,399.99,176.18
P041,LRG-FUR-2517,Cedarline Dining Table 6-Seat,Furniture,Dining Table,Cedarline,Cedarline Home Furnishings,449.99,205.77
P042,LRG-FUR-2554,Cedarline Dining Table 8-Seat,Furniture,Dining Table,Cedarline,Cedarline Home Furnishings,899.99,505.05
P043,LRG-FUR-2591,Lumen Living Dining Chair Set Set of 2,Furniture,Dining Chair Set,Lumen Living,Cedarline Home Furnishings,189.99,99.48
P044,LRG-FUR-2628,Cedarline Dining Chair Set Set of 4,Furniture,Dining Chair Set,Cedarline,Cedarline Home Furnishings,399.99,181.45
P045,LRG-FUR-2665,Hearthwood Bookshelf 4-Shelf,Furniture,Bookshelf,Hearthwood,Hearthwood Furniture Co.,129.99,56.8
P046,LRG-FUR-2702,Lumen Living Bookshelf 5-Shelf,Furniture,Bookshelf,Lumen Living,Hearthwood Furniture Co.,349.99,173.57
P047,LRG-FUR-2739,Hearthwood TV Stand 55-inch,Furniture,TV Stand,Hearthwood,Hearthwood Furniture Co.,149.99,78.57
P048,LRG-FUR-2776,Hearthwood TV Stand 65-inch,Furniture,TV Stand,Hearthwood,Hearthwood Furniture Co.,449.99,233.81
P049,LRG-FUR-2813,Lumen Living Queen Bed Frame Upholstered,Furniture,Queen Bed Frame,Lumen Living,Cedarline Home Furnishings,349.99,223.02
P050,LRG-FUR-2850,Lumen Living Queen Bed Frame Platform,Furniture,Queen Bed Frame,Lumen Living,Cedarline Home Furnishings,799.99,374.51
P051,LRG-FUR-2887,Lumen Living Nightstand 1-Drawer,Furniture,Nightstand,Lumen Living,Cedarline Home Furnishings,89.99,47.36
P052,LRG-FUR-2924,Cedarline Nightstand 2-Drawer,Furniture,Nightstand,Cedarline,Cedarline Home Furnishings,229.99,116.55
P053,LRG-FUR-2961,Hearthwood Dresser 6-Drawer,Furniture,Dresser,Hearthwood,Hearthwood Furniture Co.,299.99,165.63
P054,LRG-FUR-2998,Hearthwood Dresser 8-Drawer,Furniture,Dresser,Hearthwood,Hearthwood Furniture Co.,649.99,290.62
P055,LRG-FUR-3035,Cedarline Writing Desk Compact,Furniture,Writing Desk,Cedarline,Cedarline Home Furnishings,179.99,93.21
P056,LRG-FUR-3072,Lumen Living Writing Desk Standard,Furniture,Writing Desk,Lumen Living,Cedarline Home Furnishings,449.99,279.19
P057,LRG-FUR-3109,Lumen Living Office Chair Mesh,Furniture,Office Chair,Lumen Living,Cedarline Home Furnishings,149.99,73.36
P058,LRG-FUR-3146,Cedarline Office Chair Leather,Furniture,Office Chair,Cedarline,Cedarline Home Furnishings,379.99,207.28
P059,LRG-FUR-3183,Hearthwood Accent Bench Entryway,Furniture,Accent Bench,Hearthwood,Hearthwood Furniture Co.,183.99,90.74
P060,LRG-FUR-3220,Hearthwood Console Table Narrow,Furniture,Console Table,Hearthwood,Hearthwood Furniture Co.,139.99,82.5
P061,LRG-FUR-3257,Lumen Living Console Table Wide,Furniture,Console Table,Lumen Living,Hearthwood Furniture Co.,329.99,186.6
P062,LRG-HOM-3294,Lumen Living Throw Pillow Set Sage,Home Decor,Throw Pillow Set,Lumen Living,Brightmoor Decor,24.99,15.33
P063,LRG-HOM-3331,Brightmoor Throw Pillow Set Terracotta,Home Decor,Throw Pillow Set,Brightmoor,Brightmoor Decor,39.99,18.79
P064,LRG-HOM-3368,Brightmoor Throw Pillow Set Ink,Home Decor,Throw Pillow Set,Brightmoor,Brightmoor Decor,59.99,28.78
P065,LRG-HOM-3405,Lumen Living Framed Wall Art Botanical,Home Decor,Framed Wall Art,Lumen Living,Brightmoor Decor,39.99,17.05
P066,LRG-HOM-3442,Lumen Living Framed Wall Art Abstract,Home Decor,Framed Wall Art,Lumen Living,Brightmoor Decor,94.99,43.95
P067,LRG-HOM-3479,Brightmoor Framed Wall Art Coastal,Home Decor,Framed Wall Art,Brightmoor,Brightmoor Decor,149.99,92.3
P068,LRG-HOM-3516,Brightmoor Table Lamp Ceramic,Home Decor,Table Lamp,Brightmoor,Brightmoor Decor,39.99,18.04
P069,LRG-HOM-3553,Lumen Living Table Lamp Brass,Home Decor,Table Lamp,Lumen Living,Brightmoor Decor,119.99,58.1
P070,LRG-HOM-3590,Meridian Floor Lamp Arc,Home Decor,Floor Lamp,Meridian,Meridian Home Goods,69.99,37.95
P071,LRG-HOM-3627,Meridian Floor Lamp Tripod,Home Decor,Floor Lamp,Meridian,Meridian Home Goods,189.99,94.73
P072,LRG-HOM-3664,Meridian Area Rug 5x8 Geometric,Home Decor,Area Rug,Meridian,Meridian Home Goods,89.99,41.55
P073,LRG-HOM-3701,Meridian Area Rug 8x10 Woven,Home Decor,Area Rug,Meridian,Meridian Home Goods,349.99,166.66
P074,LRG-HOM-3738,Brightmoor Vase Set Glass,Home Decor,Vase Set,Brightmoor,Brightmoor Decor,19.99,11.62
P075,LRG-HOM-3775,Brightmoor Vase Set Stoneware,Home Decor,Vase Set,Brightmoor,Brightmoor Decor,69.99,34.46
P076,LRG-HOM-3812,Brightmoor Wall Mirror Round,Home Decor,Wall Mirror,Brightmoor,Brightmoor Decor,49.99,23.55
P077,LRG-HOM-3849,Brightmoor Wall Mirror Arched,Home Decor,Wall Mirror,Brightmoor,Brightmoor Decor,199.99,110.88
P078,LRG-HOM-3886,Lumen Living Scented Candle Set Linen,Home Decor,Scented Candle Set,Lumen Living,Meridian Home Goods,14.99,7.56
P079,LRG-HOM-3923,Lumen Living Scented Candle Set Cedar,Home Decor,Scented Candle Set,Lumen Living,Meridian Home Goods,49.99,31.01
P080,LRG-HOM-3960,Brightmoor Picture Frame Set Gallery 7-Piece,Home Decor,Picture Frame Set,Brightmoor,Brightmoor Decor,38.99,23.52
P081,LRG-HOM-3997,Meridian Wall Clock Oversized,Home Decor,Wall Clock,Meridian,Meridian Home Goods,58.99,33.55
P082,LRG-HOM-4034,Meridian Curtain Panels Blackout,Home Decor,Curtain Panels,Meridian,Meridian Home Goods,29.99,18.11
P083,LRG-HOM-4071,Meridian Curtain Panels Sheer,Home Decor,Curtain Panels,Meridian,Meridian Home Goods,99.99,63.49
P084,LRG-HOM-4108,Brightmoor Decorative Tray Marble,Home Decor,Decorative Tray,Brightmoor,Brightmoor Decor,14.99,9.08
P085,LRG-HOM-4145,Brightmoor Decorative Tray Rattan,Home Decor,Decorative Tray,Brightmoor,Brightmoor Decor,39.99,22.14
P086,LRG-KIT-4182,Copperkettle Cookware Set 10-Piece,Kitchen & Dining,Cookware Set,Copperkettle,Copperkettle Kitchenware,129.99,72.51
P087,LRG-KIT-4219,Lumen Living Cookware Set 14-Piece,Kitchen & Dining,Cookware Set,Lumen Living,Copperkettle Kitchenware,349.99,197.42
P088,LRG-KIT-4256,Copperkettle Chef's Knife 8-inch,Kitchen & Dining,Chef's Knife,Copperkettle,Copperkettle Kitchenware,83.99,50.46
P089,LRG-KIT-4293,Meridian Dinnerware Set 12-Piece,Kitchen & Dining,Dinnerware Set,Meridian,Meridian Home Goods,59.99,28.85
P090,LRG-KIT-4330,Meridian Dinnerware Set 16-Piece,Kitchen & Dining,Dinnerware Set,Meridian,Meridian Home Goods,189.99,111.98
P091,LRG-KIT-4367,Meridian Glassware Set Tumblers,Kitchen & Dining,Glassware Set,Meridian,Meridian Home Goods,19.99,8.51
P092,LRG-KIT-4404,Meridian Glassware Set Stemware,Kitchen & Dining,Glassware Set,Meridian,Meridian Home Goods,69.99,43.92
P093,LRG-KIT-4441,Copperkettle Air Fryer 4-Quart,Kitchen & Dining,Air Fryer,Copperkettle,Copperkettle Kitchenware,59.99,37.28
P094,LRG-KIT-4478,Lumen Living Air Fryer 6-Quart,Kitchen & Dining,Air Fryer,Lumen Living,Copperkettle Kitchenware,179.99,113.27
P095,LRG-KIT-4515,Copperkettle Stand Mixer Tilt-Head,Kitchen & Dining,Stand Mixer,Copperkettle,Copperkettle Kitchenware,199.99,110.64
P096,LRG-KIT-4552,Lumen Living Stand Mixer Bowl-Lift,Kitchen & Dining,Stand Mixer,Lumen Living,Copperkettle Kitchenware,449.99,255.31
P097,LRG-KIT-4589,Copperkettle Coffee Maker 12-Cup,Kitchen & Dining,Coffee Maker,Copperkettle,Copperkettle Kitchenware,49.99,21.02
P098,LRG-KIT-4626,Lumen Living Coffee Maker Single Serve,Kitchen & Dining,Coffee Maker,Lumen Living,Copperkettle Kitchenware,199.99,121.55
P099,LRG-KIT-4663,Copperkettle Electric Kettle Glass,Kitchen & Dining,Electric Kettle,Copperkettle,Copperkettle Kitchenware,29.99,17.85
P100,LRG-KIT-4700,Copperkettle Electric Kettle Steel,Kitchen & Dining,Electric Kettle,Copperkettle,Copperkettle Kitchenware,79.99,33.6
P101,LRG-KIT-4737,Copperkettle Countertop Blender Personal,Kitchen & Dining,Countertop Blender,Copperkettle,Copperkettle Kitchenware,49.99,21.81
P102,LRG-KIT-4774,Lumen Living Countertop Blender Pro,Kitchen & Dining,Countertop Blender,Lumen Living,Copperkettle Kitchenware,169.99,92.4
P103,LRG-KIT-4811,Lumen Living Cutting Board Set Bamboo,Kitchen & Dining,Cutting Board Set,Lumen Living,Meridian Home Goods,19.99,9.23
P104,LRG-KIT-4848,Meridian Cutting Board Set Walnut,Kitchen & Dining,Cutting Board Set,Meridian,Meridian Home Goods,59.99,30.74
P105,LRG-KIT-4885,Lumen Living Food Storage Set Glass 12-Piece,Kitchen & Dining,Food Storage Set,Lumen Living,Meridian Home Goods,38.99,24.88
P106,LRG-KIT-4922,Lumen Living Flatware Set 20-Piece,Kitchen & Dining,Flatware Set,Lumen Living,Meridian Home Goods,29.99,15.45
P107,LRG-KIT-4959,Meridian Flatware Set 45-Piece,Kitchen & Dining,Flatware Set,Meridian,Meridian Home Goods,99.99,46.01
P108,LRG-KIT-4996,Copperkettle Cast Iron Skillet 10-inch,Kitchen & Dining,Cast Iron Skillet,Copperkettle,Copperkettle Kitchenware,24.99,12.79
P109,LRG-KIT-5033,Copperkettle Cast Iron Skillet 12-inch,Kitchen & Dining,Cast Iron Skillet,Copperkettle,Copperkettle Kitchenware,79.99,36.82
P110,LRG-KIT-5070,Copperkettle Toaster 2-Slice,Kitchen & Dining,Toaster,Copperkettle,Copperkettle Kitchenware,29.99,13.28
P111,LRG-KIT-5107,Lumen Living Toaster 4-Slice,Kitchen & Dining,Toaster,Lumen Living,Copperkettle Kitchenware,99.99,54.58
P112,LRG-BED-5144,Softfold Sheet Set Queen Percale,Bedding & Bath,Sheet Set,Softfold,Softfold Textiles,39.99,17.99
P113,LRG-BED-5181,Softfold Sheet Set King Percale,Bedding & Bath,Sheet Set,Softfold,Softfold Textiles,84.99,41.95
P114,LRG-BED-5218,Lumen Living Sheet Set Queen Sateen,Bedding & Bath,Sheet Set,Lumen Living,Softfold Textiles,129.99,62.32
P115,LRG-BED-5255,Softfold Duvet Cover Queen,Bedding & Bath,Duvet Cover,Softfold,Softfold Textiles,49.99,25.0
P116,LRG-BED-5292,Softfold Duvet Cover King,Bedding & Bath,Duvet Cover,Softfold,Softfold Textiles,149.99,71.81
P117,LRG-BED-5329,Softfold Comforter All-Season Queen,Bedding & Bath,Comforter,Softfold,Softfold Textiles,69.99,39.69
P118,LRG-BED-5366,Softfold Comforter Down-Alt King,Bedding & Bath,Comforter,Softfold,Softfold Textiles,219.99,100.01
P119,LRG-BED-5403,Softfold Bed Pillow 2-Pack Standard,Bedding & Bath,Bed Pillow 2-Pack,Softfold,Softfold Textiles,29.99,16.67
P120,LRG-BED-5440,Softfold Bed Pillow 2-Pack Cooling,Bedding & Bath,Bed Pillow 2-Pack,Softfold,Softfold Textiles,89.99,50.02
P121,LRG-BED-5477,Softfold Mattress Topper Memory Foam Queen,Bedding & Bath,Mattress Topper,Softfold,Softfold Textiles,128.99,64.11
P122,LRG-BED-5514,Softfold Bath Towel Set 6-Piece,Bedding & Bath,Bath Towel Set,Softfold,Softfold Textiles,29.99,16.46
P123,LRG-BED-5551,Softfold Bath Towel Set 8-Piece,Bedding & Bath,Bath Towel Set,Softfold,Softfold Textiles,99.99,63.9
P124,LRG-BED-5588,Lumen Living Bath Mat Plush,Bedding & Bath,Bath Mat,Lumen Living,Softfold Textiles,14.99,9.58
P125,LRG-BED-5625,Softfold Bath Mat Cotton,Bedding & Bath,Bath Mat,Softfold,Softfold Textiles,49.99,22.03
P126,LRG-BED-5662,Lumen Living Shower Curtain Waffle,Bedding & Bath,Shower Curtain,Lumen Living,Softfold Textiles,19.99,9.58
P127,LRG-BED-5699,Softfold Shower Curtain Printed,Bedding & Bath,Shower Curtain,Softfold,Softfold Textiles,49.99,21.5
P128,LRG-BED-5736,Softfold Weighted Blanket 15 lb,Bedding & Bath,Weighted Blanket,Softfold,Softfold Textiles,59.99,35.5
P129,LRG-BED-5773,Lumen Living Weighted Blanket 20 lb,Bedding & Bath,Weighted Blanket,Lumen Living,Softfold Textiles,149.99,74.72
P130,LRG-BED-5810,Softfold Throw Blanket Chunky Knit,Bedding & Bath,Throw Blanket,Softfold,Softfold Textiles,24.99,10.98
P131,LRG-BED-5847,Softfold Throw Blanket Fleece,Bedding & Bath,Throw Blanket,Softfold,Softfold Textiles,79.99,48.15
P132,LRG-APP-5884,Lumen Living Lounge Set Women's,Apparel,Lounge Set,Lumen Living,Tamarack Apparel Group,39.99,23.16
P133,LRG-APP-5921,Tamarack Lounge Set Men's,Apparel,Lounge Set,Tamarack,Tamarack Apparel Group,99.99,56.98
P134,LRG-APP-5958,Lumen Living Linen Shirt Women's,Apparel,Linen Shirt,Lumen Living,Tamarack Apparel Group,34.99,19.35
P135,LRG-APP-5995,Tamarack Linen Shirt Men's,Apparel,Linen Shirt,Tamarack,Tamarack Apparel Group,79.99,46.84
P136,LRG-APP-6032,Lumen Living Knit Cardigan Women's,Apparel,Knit Cardigan,Lumen Living,Tamarack Apparel Group,44.99,20.28
P137,LRG-APP-6069,Tamarack Knit Cardigan Men's,Apparel,Knit Cardigan,Tamarack,Tamarack Apparel Group,109.99,60.37
P138,LRG-APP-6106,Tamarack Fleece Pullover Women's,Apparel,Fleece Pullover,Tamarack,Tamarack Apparel Group,39.99,22.28
P139,LRG-APP-6143,Tamarack Fleece Pullover Men's,Apparel,Fleece Pullover,Tamarack,Tamarack Apparel Group,89.99,52.14
P140,LRG-APP-6180,Tamarack Cotton Robe Waffle,Apparel,Cotton Robe,Tamarack,Tamarack Apparel Group,39.99,19.26
P141,LRG-APP-6217,Tamarack Cotton Robe Terry,Apparel,Cotton Robe,Tamarack,Tamarack Apparel Group,99.99,60.56
P142,LRG-APP-6254,Tamarack House Slippers Shearling,Apparel,House Slippers,Tamarack,Tamarack Apparel Group,19.99,9.74
P143,LRG-APP-6291,Tamarack House Slippers Knit,Apparel,House Slippers,Tamarack,Tamarack Apparel Group,49.99,30.32
P144,LRG-APP-6328,Tamarack Everyday Joggers Women's,Apparel,Everyday Joggers,Tamarack,Tamarack Apparel Group,29.99,14.48
P145,LRG-APP-6365,Tamarack Everyday Joggers Men's,Apparel,Everyday Joggers,Tamarack,Tamarack Apparel Group,69.99,39.18
P146,LRG-APP-6402,Tamarack Cotton Tee 3-Pack Women's,Apparel,Cotton Tee 3-Pack,Tamarack,Tamarack Apparel Group,24.99,13.14
P147,LRG-APP-6439,Tamarack Cotton Tee 3-Pack Men's,Apparel,Cotton Tee 3-Pack,Tamarack,Tamarack Apparel Group,54.99,28.65
P148,LRG-APP-6476,Lumen Living Denim Jacket Classic,Apparel,Denim Jacket,Lumen Living,Tamarack Apparel Group,59.99,28.44
P149,LRG-APP-6513,Lumen Living Denim Jacket Cropped,Apparel,Denim Jacket,Lumen Living,Tamarack Apparel Group,129.99,56.8
P150,LRG-APP-6550,Lumen Living Canvas Tote Everyday,Apparel,Canvas Tote,Lumen Living,Tamarack Apparel Group,25.99,15.29
P151,LRG-OUT-6587,Wildfern Patio Dining Set 4-Seat,Outdoor & Garden,Patio Dining Set,Wildfern,Wildfern Outdoor Supply,399.99,183.93
P152,LRG-OUT-6624,Wildfern Patio Dining Set 6-Seat,Outdoor & Garden,Patio Dining Set,Wildfern,Wildfern Outdoor Supply,899.99,437.97
P153,LRG-OUT-6661,Lumen Living Lounge Chair Teak,Outdoor & Garden,Lounge Chair,Lumen Living,Wildfern Outdoor Supply,129.99,76.89
P154,LRG-OUT-6698,Wildfern Lounge Chair Woven,Outdoor & Garden,Lounge Chair,Wildfern,Wildfern Outdoor Supply,349.99,186.82
P155,LRG-OUT-6735,Wildfern Patio Umbrella 9-ft,Outdoor & Garden,Patio Umbrella,Wildfern,Wildfern Outdoor Supply,79.99,37.11
P156,LRG-OUT-6772,Wildfern Patio Umbrella 11-ft,Outdoor & Garden,Patio Umbrella,Wildfern,Wildfern Outdoor Supply,249.99,145.24
P157,LRG-OUT-6809,Wildfern Fire Pit Steel,Outdoor & Garden,Fire Pit,Wildfern,Wildfern Outdoor Supply,149.99,90.47
P158,LRG-OUT-6846,Wildfern Fire Pit Cast Iron,Outdoor & Garden,Fire Pit,Wildfern,Wildfern Outdoor Supply,449.99,199.57
P159,LRG-OUT-6883,Wildfern Ceramic Planter Set 3-Piece,Outdoor & Garden,Ceramic Planter Set,Wildfern,Wildfern Outdoor Supply,55.99,27.31
P160,LRG-OUT-6920,Lumen Living Solar String Lights 24-ft,Outdoor & Garden,Solar String Lights,Lumen Living,Wildfern Outdoor Supply,19.99,8.45
P161,LRG-OUT-6957,Lumen Living Solar String Lights 48-ft,Outdoor & Garden,Solar String Lights,Lumen Living,Wildfern Outdoor Supply,59.99,35.96
P162,LRG-OUT-6994,Wildfern Garden Tool Kit 5-Piece,Outdoor & Garden,Garden Tool Kit,Wildfern,Wildfern Outdoor Supply,29.99,17.39
P163,LRG-OUT-7031,Wildfern Garden Tool Kit 9-Piece,Outdoor & Garden,Garden Tool Kit,Wildfern,Wildfern Outdoor Supply,89.99,52.47
P164,LRG-OUT-7068,Wildfern Garden Hose 50-ft,Outdoor & Garden,Garden Hose,Wildfern,Wildfern Outdoor Supply,29.99,18.85
P165,LRG-OUT-7105,Lumen Living Garden Hose 100-ft,Outdoor & Garden,Garden Hose,Lumen Living,Wildfern Outdoor Supply,79.99,43.4
P166,LRG-OUT-7142,Wildfern Grill Cover Medium,Outdoor & Garden,Grill Cover,Wildfern,Wildfern Outdoor Supply,24.99,11.64
P167,LRG-OUT-7179,Wildfern Grill Cover Large,Outdoor & Garden,Grill Cover,Wildfern,Wildfern Outdoor Supply,59.99,29.08
P168,LRG-OUT-7216,Lumen Living Hammock Single,Outdoor & Garden,Hammock,Lumen Living,Wildfern Outdoor Supply,49.99,24.13
P169,LRG-OUT-7253,Wildfern Hammock Double,Outdoor & Garden,Hammock,Wildfern,Wildfern Outdoor Supply,169.99,78.67
P170,LRG-OUT-7290,Wildfern Raised Garden Bed 4x4,Outdoor & Garden,Raised Garden Bed,Wildfern,Wildfern Outdoor Supply,79.99,40.25
P171,LRG-OUT-7327,Lumen Living Raised Garden Bed 4x8,Outdoor & Garden,Raised Garden Bed,Lumen Living,Wildfern Outdoor Supply,199.99,104.06
