return_id,order_item_id,order_id,customer_id,product_id,store_id,returned_at,quantity,returned_amount,condition,reason
R00001,OI000014,O000009,C00185,P103,S03,2025-04-06 16:09:07,1,19.99,opened,Changed mind
R00002,OI000018,O000012,C00360,P083,S08,2025-04-06 19:48:16,1,99.99,opened,Found a better price
R00003,OI000039,O000026,C00255,P153,S14,2025-04-08 12:04:06,1,129.99,opened,Not as described
R00004,OI000013,O000008,C00442,P126,WEB,2025-04-09 10:02:20,1,19.99,defective,Missing parts
R00005,OI000091,O000058,C00483,P079,WEB,2025-04-10 18:14:51,1,49.99,opened,Gift duplicate
R00006,OI000083,O000053,C00411,P083,WEB,2025-04-10 18:33:46,1,99.99,opened,Changed mind
R00007,OI000001,O000001,C00196,P003,S03,2025-04-12 14:26:43,1,129.99,defective,Stopped working
R00008,OI000096,O000061,C00251,P103,S19,2025-04-14 11:01:31,1,19.99,opened,Did not fit the space
R00009,OI000088,O000056,C00557,P082,S22,2025-04-14 17:55:04,1,29.99,opened,Found a better price
R00010,OI000107,O000067,C00280,P148,S22,2025-04-15 09:48:13,2,119.98,opened,Changed mind
R00011,OI000036,O000024,C00656,P127,WEB,2025-04-15 11:58:21,1,49.99,unopened,Gift duplicate
R00012,OI000100,O000064,C00268,P092,WEB,2025-04-15 12:57:35,1,69.99,defective,Missing parts
R00013,OI000179,O000113,C00444,P008,S16,2025-04-20 11:16:54,1,79.99,unopened,Gift duplicate
R00014,OI000186,O000116,C00926,P155,S11,2025-04-20 14:52:56,2,159.98,unopened,Delivery arrived late
R00015,OI000144,O000092,C00255,P087,S14,2025-04-20 16:18:31,1,349.99,opened,Gift duplicate
R00016,OI000148,O000095,C00404,P121,S22,2025-04-20 19:00:55,1,128.99,unopened,Changed mind
R00017,OI000047,O000030,C00729,P128,S02,2025-04-20 20:57:12,1,59.99,unopened,Changed mind
R00018,OI000301,O000194,C00263,P112,S06,2025-04-21 13:12:27,1,39.99,unopened,Changed mind
R00019,OI000248,O000158,C00087,P128,WEB,2025-04-23 10:18:07,1,59.99,opened,Not as described
R00020,OI000142,O000090,C00250,P005,S21,2025-04-23 11:42:04,1,349.99,opened,Did not fit the space
R00021,OI000027,O000018,C00905,P142,S02,2025-04-24 19:36:50,1,19.99,opened,Gift duplicate
R00022,OI000267,O000170,C01015,P104,WEB,2025-04-25 14:01:42,1,59.99,opened,Found a better price
R00023,OI000347,O000222,C00572,P167,S20,2025-04-27 17:58:49,1,59.99,unopened,Delivery arrived late
R00024,OI000331,O000213,C00435,P101,WEB,2025-04-28 10:04:15,1,49.99,opened,Gift duplicate
R00025,OI000383,O000249,C00377,P007,S21,2025-04-28 15:05:43,1,149.99,opened,Gift duplicate
R00026,OI000279,O000178,C00087,P066,WEB,2025-04-29 17:30:34,1,80.74,opened,Not as described
R00027,OI000280,O000178,C00087,P103,WEB,2025-04-29 18:46:01,1,19.99,opened,Not as described
R00028,OI000081,O000051,C00485,P130,WEB,2025-04-29 20:36:25,1,24.99,opened,Gift duplicate
R00029,OI000187,O000116,C00926,P156,S11,2025-04-30 18:55:56,1,249.99,unopened,Changed mind
R00030,OI000151,O000097,C00932,P052,S09,2025-04-30 20:28:30,1,229.99,opened,Did not fit the space
R00031,OI000376,O000242,C00952,P005,S12,2025-05-01 18:40:20,1,349.99,opened,Gift duplicate
R00032,OI000395,O000258,C00444,P056,S16,2025-05-02 15:18:42,1,449.99,defective,Missing parts
R00033,OI000299,O000193,C00080,P153,S19,2025-05-02 16:05:15,1,129.99,opened,Found a better price
R00034,OI000143,O000091,C00034,P103,WEB,2025-05-02 17:24:12,1,19.99,opened,Changed mind
R00035,OI000431,O000287,C00175,P155,S06,2025-05-03 13:11:56,1,79.99,opened,Gift duplicate
R00036,OI000319,O000205,C00701,P132,S13,2025-05-03 14:49:19,1,39.99,defective,Arrived damaged
R00037,OI000397,O000260,C00228,P143,S13,2025-05-03 19:35:14,1,49.99,opened,Changed mind
R00038,OI000417,O000275,C00297,P142,S09,2025-05-04 16:46:05,2,39.98,opened,Changed mind
R00039,OI000307,O000197,C00349,P116,WEB,2025-05-04 17:00:03,1,149.99,unopened,Delivery arrived late
R00040,OI000274,O000175,C00297,P009,WEB,2025-05-05 11:20:20,1,299.99,unopened,Delivery arrived late
R00041,OI000452,O000301,C00324,P120,WEB,2025-05-05 19:01:59,2,179.98,unopened,Delivery arrived late
R00042,OI000277,O000177,C00347,P167,WEB,2025-05-05 20:37:33,1,59.99,unopened,Delivery arrived late
R00043,OI000527,O000347,C00464,P064,S03,2025-05-06 13:51:31,1,59.99,unopened,Ordered by mistake
R00044,OI000276,O000176,C00216,P103,S21,2025-05-06 16:31:54,2,39.98,opened,Did not fit the space
R00045,OI000540,O000355,C00548,P067,S22,2025-05-08 12:08:05,1,149.99,opened,Changed mind
R00046,OI000552,O000364,C00221,P159,S06,2025-05-10 11:12:56,1,55.99,unopened,Ordered by mistake
R00047,OI000531,O000350,C00962,P149,S19,2025-05-10 11:44:34,1,129.99,unopened,Delivery arrived late
R00048,OI000342,O000220,C00465,P128,WEB,2025-05-11 15:51:49,1,59.99,opened,Gift duplicate
R00049,OI000460,O000309,C00014,P166,S20,2025-05-12 10:00:09,1,24.99,unopened,Delivery arrived late
R00050,OI000528,O000348,C00132,P039,S02,2025-05-12 13:52:45,1,169.99,defective,Stopped working
R00051,OI000612,O000404,C00638,P154,S13,2025-05-13 11:56:42,1,349.99,defective,Stopped working
R00052,OI000537,O000352,C00285,P080,S03,2025-05-13 19:06:15,1,38.99,opened,Did not fit the space
R00053,OI000438,O000289,C00257,P079,WEB,2025-05-15 09:40:07,1,49.99,opened,Changed mind
R00054,OI000443,O000294,C00773,P138,WEB,2025-05-15 12:12:41,1,39.99,opened,Found a better price
R00055,OI000622,O000411,C00331,P002,S08,2025-05-16 09:57:34,1,89.99,defective,Arrived damaged
R00056,OI000631,O000415,C00914,P118,S06,2025-05-16 12:08:05,1,219.99,unopened,Delivery arrived late
R00057,OI000590,O000392,C00750,P030,S13,2025-05-16 13:45:15,1,59.99,unopened,Changed mind
R00058,OI000665,O000436,C00599,P155,S01,2025-05-16 15:38:08,1,79.99,opened,Gift duplicate
R00059,OI000675,O000442,C00286,P013,S15,2025-05-17 16:48:41,1,149.99,defective,Stopped working
R00060,OI000571,O000374,C00350,P135,S22,2025-05-17 16:50:47,1,79.99,opened,Changed mind
R00061,OI000679,O000445,C00642,P155,S09,2025-05-19 20:54:10,2,159.98,unopened,Gift duplicate
R00062,OI000683,O000448,C00926,P162,S11,2025-05-22 19:28:35,1,29.99,unopened,Delivery arrived late
R00063,OI000759,O000492,C00285,P015,S02,2025-05-23 15:59:47,1,199.99,opened,Not as described
R00064,OI000725,O000471,C00325,P142,WEB,2025-05-23 18:08:02,1,19.99,defective,Missing parts
R00065,OI000684,O000449,C00373,P155,WEB,2025-05-23 20:45:29,1,79.99,unopened,Changed mind
R00066,OI000486,O000324,C00269,P079,WEB,2025-05-25 09:12:28,2,99.98,unopened,Ordered by mistake
R00067,OI000773,O000499,C00444,P134,S16,2025-05-25 13:41:24,1,34.99,unopened,Gift duplicate
R00068,OI000666,O000436,C00599,P092,S01,2025-05-26 13:02:49,1,61.59,opened,Not as described
R00069,OI000748,O000487,C00175,P142,S06,2025-05-27 09:45:25,1,19.99,unopened,Changed mind
R00070,OI000793,O000513,C00908,P120,WEB,2025-05-29 15:08:22,1,89.99,unopened,Ordered by mistake
R00071,OI000878,O000572,C00255,P015,S17,2025-05-29 18:32:36,1,199.99,unopened,Gift duplicate
R00072,OI000691,O000451,C00620,P015,WEB,2025-05-30 13:12:33,1,199.99,unopened,Ordered by mistake
R00073,OI000704,O000460,C00877,P081,S21,2025-05-31 11:35:47,1,58.99,unopened,Changed mind
R00074,OI000814,O000528,C00433,P118,S22,2025-05-31 12:06:19,1,219.99,unopened,Ordered by mistake
R00075,OI000841,O000545,C00889,P103,WEB,2025-05-31 15:27:11,1,15.99,opened,Gift duplicate
R00076,OI000879,O000573,C00457,P076,S22,2025-05-31 15:43:02,1,49.99,opened,Found a better price
R00077,OI000937,O000612,C00342,P016,WEB,2025-06-01 10:01:19,1,399.99,defective,Missing parts
R00078,OI000729,O000473,C00387,P112,S15,2025-06-01 15:17:52,1,39.99,unopened,Delivery arrived late
R00079,OI000810,O000524,C00087,P072,WEB,2025-06-02 09:39:02,1,89.99,unopened,Changed mind
R00080,OI000643,O000423,C00445,P096,WEB,2025-06-03 12:33:14,1,449.99,unopened,Gift duplicate
R00081,OI000939,O000614,C00142,P118,S22,2025-06-03 14:07:09,1,219.99,opened,Gift duplicate
R00082,OI000975,O000641,C00791,P126,S19,2025-06-03 14:14:16,1,19.99,opened,Changed mind
R00083,OI000749,O000488,C00189,P167,S01,2025-06-03 15:52:50,1,59.99,unopened,Delivery arrived late
R00084,OI000760,O000492,C00285,P098,S02,2025-06-03 18:23:41,1,199.99,unopened,Gift duplicate
R00085,OI000912,O000594,C00336,P011,S18,2025-06-04 15:36:35,1,229.99,unopened,Delivery arrived late
R00086,OI000545,O000359,C00642,P016,WEB,2025-06-05 17:55:58,1,399.99,unopened,Ordered by mistake
R00087,OI001035,O000683,C00303,P126,S07,2025-06-06 13:43:52,1,19.99,opened,Found a better price
R00088,OI000958,O000629,C00891,P155,S07,2025-06-06 15:38:32,1,79.99,opened,Not as described
R00089,OI000870,O000565,C00352,P159,S15,2025-06-06 17:06:49,1,55.99,opened,Gift duplicate
R00090,OI000945,O000618,C00669,P155,S20,2025-06-06 19:09:41,1,79.99,opened,Found a better price
R00091,OI001040,O000687,C00399,P167,S07,2025-06-07 17:46:20,1,59.99,opened,Found a better price
R00092,OI000965,O000636,C00262,P130,S07,2025-06-08 13:11:51,1,24.99,opened,Did not fit the space
R00093,OI000957,O000629,C00891,P021,S07,2025-06-08 18:22:23,1,179.99,opened,Gift duplicate
R00094,OI001020,O000673,C01008,P064,S22,2025-06-09 14:50:55,1,59.99,opened,Did not fit the space
R00095,OI001047,O000688,C00668,P078,S09,2025-06-09 16:29:08,1,14.99,opened,Did not fit the space
R00096,OI000971,O000639,C00825,P004,WEB,2025-06-11 16:12:32,1,129.99,unopened,Gift duplicate
R00097,OI001033,O000681,C00255,P147,S14,2025-06-14 16:04:53,1,54.99,opened,Found a better price
R00098,OI000642,O000423,C00445,P142,WEB,2025-06-15 11:26:24,2,39.98,opened,Found a better price
R00099,OI000849,O000551,C00831,P100,S22,2025-06-17 11:35:37,1,63.99,unopened,Changed mind
R00100,OI001007,O000663,C00003,P148,S07,2025-06-18 20:32:39,1,59.99,opened,Changed mind
R00101,OI001030,O000678,C00217,P052,S20,2025-06-19 09:37:44,1,229.99,opened,Found a better price
R00102,OI000809,O000524,C00087,P005,WEB,2025-06-20 09:56:25,1,349.99,opened,Gift duplicate
R00103,OI001251,O000817,C00531,P142,S03,2025-06-20 20:29:57,1,19.99,unopened,Ordered by mistake
R00104,OI001187,O000784,C00254,P015,S21,2025-06-21 10:16:31,1,199.99,defective,Missing parts
R00105,OI001200,O000790,C00677,P159,S07,2025-06-21 10:44:22,1,44.79,opened,Did not fit the space
R00106,OI001258,O000822,C00257,P003,S05,2025-06-21 14:01:08,1,129.99,opened,Not as described
R00107,OI000811,O000525,C00418,P103,S21,2025-06-21 16:51:56,1,19.99,unopened,Delivery arrived late
R00108,OI001268,O000831,C00259,P013,S13,2025-06-21 17:45:11,1,149.99,opened,Not as described
R00109,OI001256,O000821,C00463,P158,WEB,2025-06-22 11:39:41,1,359.99,defective,Stopped working
R00110,OI001253,O000819,C00354,P155,S21,2025-06-22 12:05:31,1,63.99,unopened,Changed mind
R00111,OI001052,O000691,C00453,P153,S13,2025-06-22 17:50:59,1,129.99,unopened,Gift duplicate
R00112,OI001036,O000683,C00303,P101,S07,2025-06-23 12:05:06,1,49.99,unopened,Gift duplicate
R00113,OI001304,O000856,C00180,P015,S22,2025-06-23 15:05:08,1,199.99,unopened,Changed mind
R00114,OI001048,O000689,C00586,P091,S17,2025-06-23 18:25:18,1,19.99,unopened,Ordered by mistake
R00115,OI001190,O000786,C00213,P120,WEB,2025-06-25 09:29:27,1,89.99,defective,Missing parts
R00116,OI001113,O000733,C01020,P151,WEB,2025-06-25 16:32:25,1,319.99,opened,Found a better price
R00117,OI001212,O000795,C00705,P021,WEB,2025-06-25 18:18:03,1,179.99,opened,Found a better price
R00118,OI001205,O000792,C00231,P133,S19,2025-06-25 18:36:57,1,99.99,opened,Gift duplicate
R00119,OI001281,O000840,C00167,P154,WEB,2025-06-27 17:22:39,1,279.99,opened,Gift duplicate
R00120,OI001216,O000799,C00956,P064,S07,2025-06-27 18:15:13,1,59.99,unopened,Gift duplicate
R00121,OI001310,O000860,C00926,P084,WEB,2025-06-28 09:25:00,1,14.99,defective,Missing parts
R00122,OI000762,O000493,C00237,P143,S08,2025-06-28 17:42:53,1,49.99,opened,Changed mind
R00123,OI001363,O000899,C00257,P155,WEB,2025-06-29 17:47:42,1,63.99,opened,Not as described
R00124,OI001326,O000873,C00228,P130,S13,2025-06-30 19:57:21,1,24.99,opened,Gift duplicate
R00125,OI001435,O000946,C00765,P171,S03,2025-07-01 20:05:33,1,199.99,opened,Gift duplicate
R00126,OI001318,O000865,C00404,P083,S22,2025-07-02 13:06:19,1,99.99,defective,Missing parts
R00127,OI001415,O000933,C00444,P006,S16,2025-07-02 14:36:45,1,39.99,opened,Not as described
R00128,OI001410,O000930,C00267,P103,S06,2025-07-03 19:57:58,1,19.99,opened,Did not fit the space
R00129,OI001444,O000952,C00055,P081,S06,2025-07-04 13:38:28,1,58.99,defective,Missing parts
R00130,OI001347,O000887,C00373,P064,WEB,2025-07-05 13:29:22,1,59.99,unopened,Ordered by mistake
R00131,OI001298,O000852,C00802,P167,S22,2025-07-06 17:24:51,1,59.99,defective,Stopped working
R00132,OI001128,O000743,C00285,P103,S03,2025-07-06 18:57:12,1,19.99,defective,Missing parts
R00133,OI001290,O000847,C00297,P168,S09,2025-07-07 18:55:37,2,79.98,opened,Changed mind
R00134,OI001544,O001014,C00292,P121,S10,2025-07-09 09:08:59,1,128.99,opened,Changed mind
R00135,OI001428,O000942,C00444,P036,S16,2025-07-09 14:19:37,1,1299.99,opened,Did not fit the space
R00136,OI001453,O000956,C00463,P091,WEB,2025-07-09 17:48:53,1,19.99,defective,Missing parts
R00137,OI001422,O000939,C00153,P087,S02,2025-07-10 11:42:04,1,349.99,opened,Changed mind
R00138,OI001427,O000942,C00444,P097,S16,2025-07-10 14:45:43,1,49.99,unopened,Ordered by mistake
R00139,OI001562,O001026,C00963,P003,WEB,2025-07-10 19:28:22,1,129.99,opened,Found a better price
R00140,OI001521,O001000,C00087,P129,S21,2025-07-11 09:23:40,1,149.99,opened,Found a better price
R00141,OI001411,O000930,C00267,P071,S06,2025-07-11 16:46:57,2,379.98,unopened,Ordered by mistake
R00142,OI001484,O000978,C00137,P082,WEB,2025-07-12 11:02:00,1,29.99,unopened,Changed mind
R00143,OI001522,O001000,C00087,P002,S21,2025-07-12 12:48:54,1,89.99,unopened,Changed mind
R00144,OI001497,O000985,C00444,P130,S16,2025-07-12 15:22:51,1,24.99,opened,Found a better price
R00145,OI001518,O000998,C00623,P003,S06,2025-07-12 15:42:16,1,129.99,opened,Found a better price
R00146,OI001193,O000787,C00963,P028,S03,2025-07-13 09:12:23,1,19.99,opened,Not as described
R00147,OI001406,O000928,C00087,P017,WEB,2025-07-13 09:52:59,1,599.99,opened,Did not fit the space
R00148,OI001466,O000968,C00332,P120,S13,2025-07-13 17:58:32,1,89.99,unopened,Changed mind
R00149,OI001490,O000981,C00354,P155,S21,2025-07-13 18:07:31,1,79.99,opened,Not as described
R00150,OI001446,O000952,C00055,P142,S06,2025-07-13 18:36:46,1,19.99,unopened,Delivery arrived late
R00151,OI001450,O000954,C00321,P117,S07,2025-07-14 18:06:07,1,69.99,unopened,Gift duplicate
R00152,OI001370,O000905,C00841,P121,S01,2025-07-15 17:19:34,1,128.99,unopened,Delivery arrived late
R00153,OI001628,O001072,C00142,P031,WEB,2025-07-15 17:28:25,1,139.99,opened,Did not fit the space
R00154,OI001610,O001061,C00482,P117,S18,2025-07-17 15:59:17,1,69.99,unopened,Gift duplicate
R00155,OI001525,O001002,C00903,P106,S06,2025-07-18 15:57:41,1,29.99,opened,Changed mind
R00156,OI001456,O000959,C00770,P148,S22,2025-07-19 15:37:42,1,59.99,unopened,Ordered by mistake
R00157,OI001626,O001072,C00142,P134,S22,2025-07-19 17:29:12,1,34.99,unopened,Delivery arrived late
R00158,OI001565,O001029,C00837,P005,WEB,2025-07-20 14:19:01,1,349.99,defective,Missing parts
R00159,OI001637,O001079,C00903,P162,S06,2025-07-20 15:32:34,1,29.99,opened,Gift duplicate
R00160,OI001424,O000940,C00880,P144,WEB,2025-07-23 16:37:44,1,29.99,opened,Changed mind
R00161,OI001615,O001065,C00285,P120,S03,2025-07-23 16:47:26,1,89.99,unopened,Ordered by mistake
R00162,OI001400,O000926,C00189,P148,S01,2025-07-23 19:50:01,1,59.99,opened,Changed mind
R00163,OI001643,O001081,C00742,P020,S13,2025-07-24 20:10:09,1,79.99,opened,Did not fit the space
R00164,OI001760,O001165,C00087,P148,WEB,2025-07-25 15:48:01,1,59.99,unopened,Changed mind
R00165,OI001494,O000984,C00030,P057,S19,2025-07-25 18:48:57,1,149.99,unopened,Ordered by mistake
R00166,OI001542,O001014,C00292,P112,S10,2025-07-26 11:10:44,1,39.99,opened,Not as described
R00167,OI001519,O000998,C00623,P061,S06,2025-07-27 09:39:39,1,329.99,defective,Quality below expectation
R00168,OI001845,O001222,C00953,P020,S15,2025-07-27 15:15:48,1,79.99,opened,Changed mind
R00169,OI001586,O001044,C00772,P097,S19,2025-07-28 12:45:27,1,49.99,unopened,Delivery arrived late
R00170,OI001799,O001190,C00680,P076,S07,2025-07-28 20:51:32,1,49.99,opened,Not as described
R00171,OI001787,O001184,C01008,P019,S22,2025-07-29 12:49:44,1,299.99,opened,Found a better price
R00172,OI001859,O001233,C00267,P120,S06,2025-07-29 18:30:48,2,179.98,defective,Arrived damaged
R00173,OI001733,O001151,C00534,P023,S01,2025-07-30 20:52:39,1,169.99,opened,Gift duplicate
R00174,OI001346,O000887,C00373,P157,WEB,2025-07-31 12:17:07,2,299.98,opened,Changed mind
R00175,OI001837,O001215,C00328,P054,WEB,2025-07-31 14:25:10,1,649.99,opened,Found a better price
R00176,OI001775,O001176,C00688,P153,S05,2025-08-02 17:52:52,1,129.99,defective,Missing parts
R00177,OI001913,O001270,C00076,P126,S20,2025-08-03 15:45:35,1,19.99,opened,Not as described
R00178,OI001875,O001241,C00469,P117,WEB,2025-08-04 20:55:25,1,69.99,unopened,Gift duplicate
R00179,OI001946,O001292,C00687,P150,WEB,2025-08-07 12:53:28,1,25.99,opened,Changed mind
R00180,OI001876,O001242,C00132,P097,S02,2025-08-07 13:26:26,2,99.98,opened,Not as described
R00181,OI001966,O001305,C00767,P167,WEB,2025-08-07 14:01:20,1,59.99,unopened,Gift duplicate
R00182,OI001897,O001259,C00893,P016,S22,2025-08-07 18:29:51,1,399.99,defective,Stopped working
R00183,OI001473,O000972,C00670,P068,S06,2025-08-08 15:13:05,1,39.99,unopened,Ordered by mistake
R00184,OI001860,O001233,C00267,P052,S06,2025-08-08 18:34:58,1,229.99,opened,Gift duplicate
R00185,OI002066,O001379,C00942,P132,S01,2025-08-09 10:50:38,1,39.99,unopened,Gift duplicate
R00186,OI001963,O001302,C00479,P002,S19,2025-08-09 11:16:01,1,89.99,opened,Not as described
R00187,OI001354,O000892,C00695,P087,S09,2025-08-09 17:18:48,1,349.99,opened,Not as described
R00188,OI001786,O001184,C01008,P031,S22,2025-08-11 12:00:53,1,139.99,unopened,Ordered by mistake
R00189,OI001902,O001263,C00110,P019,S06,2025-08-11 12:49:36,1,299.99,unopened,Delivery arrived late
R00190,OI002101,O001405,C00368,P060,S05,2025-08-13 11:28:41,1,139.99,opened,Did not fit the space
R00191,OI001745,O001158,C00034,P148,WEB,2025-08-14 11:07:34,1,59.99,unopened,Gift duplicate
R00192,OI002095,O001399,C01064,P088,S16,2025-08-14 16:59:53,1,83.99,defective,Missing parts
R00193,OI002051,O001368,C00469,P008,WEB,2025-08-14 19:27:44,1,79.99,opened,Changed mind
R00194,OI002072,O001384,C00186,P155,S17,2025-08-14 19:43:16,1,79.99,opened,Gift duplicate
R00195,OI002154,O001438,C00802,P149,S21,2025-08-15 17:19:46,1,129.99,defective,Missing parts
R00196,OI002047,O001365,C00618,P120,WEB,2025-08-15 19:10:52,2,152.98,defective,Arrived damaged
R00197,OI001771,O001173,C00433,P147,S22,2025-08-16 09:43:56,1,54.99,opened,Did not fit the space
R00198,OI002046,O001364,C00903,P019,S04,2025-08-18 09:00:33,1,299.99,opened,Found a better price
R00199,OI002162,O001443,C00558,P131,S22,2025-08-18 14:17:20,1,67.99,unopened,Ordered by mistake
R00200,OI002176,O001451,C00567,P120,S16,2025-08-19 13:07:29,1,76.49,opened,Changed mind
R00201,OI002164,O001444,C00852,P113,WEB,2025-08-19 13:40:17,1,72.24,opened,Changed mind
R00202,OI002099,O001403,C00089,P048,S11,2025-08-19 14:52:59,1,449.99,unopened,Delivery arrived late
R00203,OI002016,O001343,C00029,P144,S07,2025-08-19 15:04:16,1,29.99,opened,Found a better price
R00204,OI002110,O001410,C00255,P139,S14,2025-08-19 17:16:00,1,89.99,unopened,Ordered by mistake
R00205,OI002105,O001406,C00315,P052,S16,2025-08-19 19:42:19,1,229.99,defective,Stopped working
R00206,OI002035,O001357,C00458,P128,S12,2025-08-20 11:06:40,1,59.99,opened,Not as described
R00207,OI001816,O001201,C00728,P101,S22,2025-08-21 18:36:11,1,49.99,unopened,Changed mind
R00208,OI002234,O001492,C00838,P155,WEB,2025-08-23 09:56:57,1,79.99,defective,Quality below expectation
R00209,OI002244,O001499,C00795,P107,S03,2025-08-23 18:46:31,1,99.99,unopened,Ordered by mistake
R00210,OI002300,O001529,C00071,P129,S21,2025-08-24 12:34:12,1,149.99,opened,Did not fit the space
R00211,OI002172,O001450,C00333,P008,S15,2025-08-25 10:20:28,1,79.99,opened,Did not fit the space
R00212,OI002320,O001542,C00098,P144,S06,2025-08-26 11:05:30,1,29.99,opened,Gift duplicate
R00213,OI002190,O001463,C00596,P008,WEB,2025-08-26 11:47:14,2,159.98,opened,Changed mind
R00214,OI002207,O001476,C00566,P020,S22,2025-08-26 18:59:50,1,79.99,opened,Found a better price
R00215,OI002243,O001498,C00715,P073,S20,2025-08-26 20:11:39,3,1049.97,opened,Found a better price
R00216,OI002145,O001435,C00610,P129,S16,2025-08-27 17:47:42,3,382.47,unopened,Delivery arrived late
R00217,OI002338,O001554,C00870,P120,S21,2025-08-28 10:22:38,1,89.99,defective,Stopped working
R00218,OI002319,O001541,C00714,P165,WEB,2025-08-28 16:04:26,1,79.99,opened,Changed mind
R00219,OI002217,O001481,C00087,P103,WEB,2025-08-28 17:04:43,2,39.98,opened,Did not fit the space
R00220,OI002356,O001566,C00286,P003,S15,2025-08-30 19:02:20,1,129.99,unopened,Gift duplicate
R00221,OI002420,O001603,C00679,P076,S05,2025-08-31 12:40:52,1,49.99,unopened,Changed mind
R00222,OI002344,O001559,C00837,P075,WEB,2025-08-31 14:19:19,1,69.99,opened,Changed mind
R00223,OI002328,O001547,C00802,P004,S22,2025-08-31 16:20:10,1,129.99,opened,Gift duplicate
R00224,OI002465,O001637,C00033,P011,S07,2025-09-01 11:48:23,1,229.99,unopened,Delivery arrived late
R00225,OI002326,O001545,C00586,P081,S17,2025-09-01 17:53:33,1,58.99,opened,Changed mind
R00226,OI002451,O001626,C00527,P155,S16,2025-09-01 19:56:37,1,79.99,opened,Not as described
R00227,OI002348,O001562,C00919,P152,S19,2025-09-02 11:18:05,1,899.99,defective,Arrived damaged
R00228,OI002271,O001513,C00810,P133,S01,2025-09-02 13:45:17,1,99.99,opened,Found a better price
R00229,OI002084,O001390,C00870,P143,S21,2025-09-02 16:31:34,1,49.99,opened,Gift duplicate
R00230,OI002082,O001389,C00961,P016,S13,2025-09-02 17:06:24,1,399.99,unopened,Changed mind
R00231,OI002329,O001547,C00802,P101,S22,2025-09-02 20:24:55,1,49.99,unopened,Changed mind
R00232,OI002364,O001572,C00610,P155,S16,2025-09-04 10:44:31,1,79.99,opened,Gift duplicate
R00233,OI002330,O001548,C00958,P159,S21,2025-09-04 14:12:02,1,55.99,opened,Not as described
R00234,OI002361,O001571,C00735,P147,S21,2025-09-05 09:11:44,1,54.99,opened,Gift duplicate
R00235,OI002500,O001658,C00171,P063,S21,2025-09-05 14:10:37,1,31.99,unopened,Changed mind
R00236,OI002240,O001496,C00089,P100,S11,2025-09-05 17:49:08,1,79.99,unopened,Changed mind
R00237,OI002461,O001633,C00252,P131,S05,2025-09-05 18:15:10,1,79.99,unopened,Changed mind
R00238,OI002496,O001656,C00196,P149,S03,2025-09-06 13:12:01,1,103.99,opened,Did not fit the space
R00239,OI001987,O001319,C00640,P003,S08,2025-09-06 14:02:57,1,129.99,opened,Changed mind
R00240,OI002490,O001652,C00297,P020,S09,2025-09-06 20:16:10,1,63.99,unopened,Ordered by mistake
R00241,OI002315,O001539,C00590,P108,WEB,2025-09-07 15:02:14,1,24.99,opened,Changed mind
R00242,OI002485,O001650,C00883,P019,S06,2025-09-07 19:27:03,1,239.99,opened,Not as described
R00243,OI002402,O001592,C00903,P018,S06,2025-09-07 20:03:55,1,89.99,defective,Arrived damaged
R00244,OI002248,O001501,C00981,P142,WEB,2025-09-08 12:10:29,1,19.99,opened,Did not fit the space
R00245,OI002508,O001663,C00775,P155,WEB,2025-09-08 13:45:34,1,79.99,unopened,Changed mind
R00246,OI002410,O001598,C00597,P142,S22,2025-09-08 20:53:59,1,19.99,opened,Gift duplicate
R00247,OI002522,O001673,C00056,P073,S22,2025-09-09 10:49:16,1,349.99,unopened,Gift duplicate
R00248,OI002590,O001724,C00402,P141,S07,2025-09-09 12:33:31,1,79.99,opened,Not as described
R00249,OI002442,O001620,C00682,P081,WEB,2025-09-09 12:57:58,1,58.99,opened,Gift duplicate
R00250,OI001736,O001152,C00582,P123,WEB,2025-09-10 11:01:22,1,99.99,opened,Found a better price
R00251,OI002449,O001624,C00878,P009,WEB,2025-09-10 13:39:54,1,299.99,opened,Changed mind
R00252,OI002353,O001564,C00539,P123,S12,2025-09-11 20:38:53,1,84.99,opened,Not as described
R00253,OI002416,O001600,C00017,P149,S06,2025-09-12 12:15:47,3,389.97,unopened,Ordered by mistake
R00254,OI002659,O001764,C00730,P105,S07,2025-09-12 14:00:28,1,31.19,opened,Gift duplicate
R00255,OI002578,O001716,C00411,P026,WEB,2025-09-12 14:26:39,1,24.99,opened,Gift duplicate
R00256,OI002456,O001631,C00597,P120,WEB,2025-09-13 12:34:13,1,89.99,opened,Found a better price
R00257,OI002687,O001783,C01064,P128,WEB,2025-09-14 16:31:34,1,59.99,unopened,Changed mind
R00258,OI002695,O001787,C00977,P076,WEB,2025-09-15 09:03:51,1,49.99,unopened,Gift duplicate
R00259,OI002394,O001588,C00880,P004,WEB,2025-09-15 13:25:27,1,129.99,opened,Gift duplicate
R00260,OI002567,O001708,C00848,P143,S05,2025-09-15 14:46:14,1,39.99,opened,Gift duplicate
R00261,OI002550,O001694,C00758,P087,S03,2025-09-16 09:33:54,1,349.99,defective,Arrived damaged
R00262,OI002581,O001717,C00989,P060,S02,2025-09-16 10:26:48,1,139.99,unopened,Ordered by mistake
R00263,OI002713,O001800,C00465,P120,WEB,2025-09-16 15:20:38,1,89.99,opened,Gift duplicate
R00264,OI002624,O001743,C00519,P090,S16,2025-09-16 17:33:18,1,151.99,opened,Gift duplicate
R00265,OI002430,O001610,C00547,P103,S15,2025-09-17 11:56:19,1,19.99,unopened,Gift duplicate
R00266,OI002517,O001671,C00958,P148,S22,2025-09-17 12:14:21,1,59.99,unopened,Gift duplicate
R00267,OI002745,O001823,C00790,P144,WEB,2025-09-18 10:34:35,1,29.99,opened,Did not fit the space
R00268,OI002495,O001656,C00196,P018,S03,2025-09-18 14:17:00,1,71.99,unopened,Gift duplicate
R00269,OI002739,O001819,C00467,P148,S13,2025-09-18 15:07:14,1,59.99,unopened,Ordered by mistake
R00270,OI002630,O001747,C00968,P062,S23,2025-09-18 20:41:01,1,19.99,unopened,Delivery arrived late
R00271,OI002493,O001655,C00033,P020,S07,2025-09-19 13:56:23,1,79.99,defective,Arrived damaged
R00272,OI002503,O001659,C00126,P041,WEB,2025-09-19 16:45:17,1,359.99,unopened,Gift duplicate
R00273,OI002728,O001810,C00540,P016,WEB,2025-09-19 20:25:49,1,399.99,unopened,Changed mind
R00274,OI002648,O001758,C00567,P132,S16,2025-09-20 12:51:21,3,119.97,unopened,Gift duplicate
R00275,OI002755,O001830,C00747,P087,WEB,2025-09-20 12:55:09,1,349.99,defective,Missing parts
R00276,OI002701,O001791,C00573,P101,S19,2025-09-21 10:26:47,1,49.99,opened,Did not fit the space
R00277,OI002702,O001791,C00573,P137,S19,2025-09-21 19:30:18,1,109.99,unopened,Ordered by mistake
R00278,OI002653,O001759,C00963,P018,WEB,2025-09-22 11:14:08,1,89.99,opened,Found a better price
R00279,OI002787,O001854,C01040,P148,S03,2025-09-22 16:22:14,1,59.99,opened,Not as described
R00280,OI002605,O001731,C00978,P083,S07,2025-09-25 09:23:38,1,79.99,opened,Changed mind
R00281,OI002541,O001686,C00439,P045,S23,2025-09-25 16:07:45,1,129.99,defective,Missing parts
R00282,OI002705,O001793,C00886,P138,S07,2025-09-27 16:25:17,1,39.99,opened,Changed mind
R00283,OI002840,O001891,C00913,P134,WEB,2025-09-28 11:33:27,1,34.99,unopened,Ordered by mistake
R00284,OI002785,O001852,C00027,P062,S13,2025-09-28 12:10:02,1,24.99,defective,Arrived damaged
R00285,OI002928,O001941,C00802,P092,S22,2025-09-28 16:33:16,1,69.99,unopened,Changed mind
R00286,OI002854,O001901,C00610,P148,S16,2025-09-28 18:06:08,1,59.99,defective,Arrived damaged
R00287,OI002773,O001844,C00969,P079,S21,2025-09-29 10:37:41,1,49.99,unopened,Delivery arrived late
R00288,OI002925,O001938,C00996,P031,WEB,2025-09-29 13:22:23,1,139.99,opened,Not as described
R00289,OI002690,O001785,C01027,P015,S07,2025-09-29 17:16:45,1,199.99,unopened,Ordered by mistake
R00290,OI002749,O001826,C00502,P070,WEB,2025-09-29 17:32:24,1,69.99,opened,Did not fit the space
R00291,OI002926,O001939,C00303,P103,S07,2025-09-29 19:22:35,1,19.99,defective,Stopped working
R00292,OI002965,O001966,C00444,P149,S16,2025-09-30 11:03:18,1,129.99,defective,Arrived damaged
R00293,OI002865,O001907,C00469,P103,WEB,2025-09-30 11:13:30,1,19.99,unopened,Changed mind
R00294,OI002964,O001966,C00444,P019,S16,2025-10-03 10:30:05,1,299.99,opened,Changed mind
R00295,OI002806,O001868,C00880,P103,WEB,2025-10-03 10:42:41,1,19.99,opened,Found a better price
R00296,OI002498,O001656,C00196,P033,S03,2025-10-03 19:17:20,1,63.99,opened,Changed mind
R00297,OI002855,O001901,C00610,P128,S16,2025-10-03 19:28:04,1,59.99,opened,Found a better price
R00298,OI002954,O001957,C00537,P148,WEB,2025-10-03 20:06:01,1,59.99,unopened,Ordered by mistake
R00299,OI002497,O001656,C00196,P115,S03,2025-10-04 19:17:51,1,39.99,opened,Changed mind
R00300,OI003041,O002012,C00328,P068,WEB,2025-10-05 10:11:34,1,39.99,opened,Not as described
R00301,OI003017,O001998,C00642,P131,S09,2025-10-05 14:13:58,1,79.99,unopened,Delivery arrived late
R00302,OI002876,O001912,C00642,P120,S09,2025-10-05 14:20:06,1,89.99,opened,Not as described
R00303,OI002712,O001799,C00030,P065,S19,2025-10-06 16:02:30,3,119.97,opened,Did not fit the space
R00304,OI002897,O001923,C00171,P003,S21,2025-10-06 20:12:52,1,129.99,unopened,Delivery arrived late
R00305,OI003023,O002002,C00504,P135,WEB,2025-10-07 15:28:56,1,79.99,opened,Not as described
R00306,OI003055,O002021,C00849,P113,S13,2025-10-07 16:18:03,1,84.99,opened,Found a better price
R00307,OI002963,O001966,C00444,P088,S16,2025-10-08 13:22:24,1,83.99,defective,Missing parts
R00308,OI003028,O002006,C01091,P148,WEB,2025-10-08 15:44:46,1,59.99,unopened,Ordered by mistake
R00309,OI002707,O001795,C00098,P133,S06,2025-10-10 11:32:04,1,99.99,opened,Found a better price
R00310,OI003097,O002050,C00919,P012,S20,2025-10-10 18:36:05,1,43.99,opened,Changed mind
R00311,OI003124,O002064,C00961,P003,S13,2025-10-12 13:43:15,1,129.99,opened,Not as described
R00312,OI003130,O002068,C00645,P148,S17,2025-10-12 18:33:38,1,59.99,opened,Found a better price
R00313,OI003144,O002077,C00417,P146,S14,2025-10-13 11:46:00,1,24.99,opened,Gift duplicate
R00314,OI003104,O002054,C00427,P084,S19,2025-10-13 14:32:13,1,14.99,opened,Not as described
R00315,OI003108,O002056,C00939,P079,S13,2025-10-13 17:07:04,1,42.49,opened,Gift duplicate
R00316,OI002874,O001912,C00642,P101,S09,2025-10-13 18:33:34,1,49.99,unopened,Gift duplicate
R00317,OI003116,O002061,C00370,P155,S22,2025-10-13 18:43:20,1,79.99,opened,Gift duplicate
R00318,OI003137,O002072,C00368,P135,S22,2025-10-14 15:25:34,3,239.97,opened,Did not fit the space
R00319,OI003096,O002049,C00945,P069,WEB,2025-10-16 13:56:41,1,101.99,unopened,Ordered by mistake
R00320,OI003180,O002101,C01097,P081,S21,2025-10-16 18:43:54,1,50.14,unopened,Gift duplicate
R00321,OI003086,O002040,C00628,P103,S07,2025-10-16 19:33:48,1,19.99,opened,Found a better price
R00322,OI003175,O002097,C00802,P021,S22,2025-10-17 15:07:11,1,179.99,opened,Found a better price
R00323,OI002932,O001944,C00548,P052,S22,2025-10-17 19:03:56,1,229.99,opened,Gift duplicate
R00324,OI003273,O002164,C01016,P122,WEB,2025-10-18 18:13:59,1,29.99,unopened,Gift duplicate
R00325,OI003267,O002159,C00548,P142,WEB,2025-10-20 10:57:45,1,19.99,opened,Gift duplicate
R00326,OI003191,O002108,C00830,P097,S07,2025-10-20 12:55:39,2,99.98,defective,Quality below expectation
R00327,OI003265,O002157,C00747,P132,WEB,2025-10-21 16:17:34,1,39.99,opened,Gift duplicate
R00328,OI003289,O002173,C00227,P052,WEB,2025-10-21 17:05:30,1,229.99,defective,Stopped working
R00329,OI003246,O002144,C00527,P156,S13,2025-10-22 15:08:37,1,249.99,opened,Gift duplicate
R00330,OI003334,O002207,C00145,P123,S15,2025-10-23 14:30:19,1,99.99,unopened,Changed mind
R00331,OI003070,O002030,C00563,P098,S15,2025-10-23 14:42:15,1,199.99,opened,Did not fit the space
R00332,OI003231,O002133,C01066,P106,WEB,2025-10-24 10:06:17,1,29.99,defective,Missing parts
R00333,OI003236,O002136,C00990,P084,WEB,2025-10-24 10:56:42,1,14.99,opened,Found a better price
R00334,OI003318,O002195,C00884,P065,WEB,2025-10-24 19:18:17,1,33.99,opened,Found a better price
R00335,OI003040,O002011,C01092,P113,S22,2025-10-25 18:23:33,1,84.99,opened,Found a better price
R00336,OI003255,O002150,C00404,P155,S21,2025-10-25 18:26:16,1,79.99,unopened,Ordered by mistake
R00337,OI002994,O001987,C00581,P013,S09,2025-10-26 09:19:33,1,149.99,opened,Not as described
R00338,OI003398,O002251,C00296,P084,WEB,2025-10-26 13:12:59,1,14.99,defective,Quality below expectation
R00339,OI003047,O002014,C00318,P144,S04,2025-10-26 18:03:44,1,29.99,opened,Changed mind
R00340,OI003379,O002238,C00447,P137,WEB,2025-10-27 16:51:23,1,109.99,defective,Missing parts
R00341,OI003365,O002229,C00439,P112,S23,2025-10-28 15:03:32,2,79.98,unopened,Changed mind
R00342,OI003314,O002194,C00776,P133,WEB,2025-10-28 18:57:34,1,99.99,opened,Gift duplicate
R00343,OI003415,O002262,C00543,P019,S04,2025-10-29 14:03:07,1,299.99,opened,Gift duplicate
R00344,OI003174,O002097,C00802,P150,S22,2025-10-29 14:06:59,1,25.99,unopened,Changed mind
R00345,OI003368,O002231,C01008,P081,S22,2025-10-29 14:31:55,1,58.99,opened,Found a better price
R00346,OI003301,O002184,C00841,P030,S01,2025-10-29 15:01:58,1,59.99,unopened,Ordered by mistake
R00347,OI003370,O002231,C01008,P023,S22,2025-10-29 17:54:33,1,199.99,defective,Missing parts
R00348,OI003445,O002280,C00798,P101,S16,2025-10-30 12:24:43,1,49.99,opened,Did not fit the space
R00349,OI003432,O002272,C00699,P088,S21,2025-10-30 17:02:53,1,83.99,defective,Missing parts
R00350,OI003208,O002120,C00641,P147,WEB,2025-10-31 13:28:23,1,54.99,defective,Arrived damaged
R00351,OI003125,O002065,C00459,P146,S22,2025-11-01 16:32:42,1,24.99,unopened,Gift duplicate
R00352,OI003263,O002155,C00045,P060,S14,2025-11-02 19:48:40,1,139.99,opened,Did not fit the space
R00353,OI003503,O002319,C01114,P153,S24,2025-11-03 15:50:37,1,129.99,defective,Missing parts
R00354,OI003469,O002297,C00691,P069,WEB,2025-11-03 16:17:02,1,119.99,opened,Not as described
R00355,OI003224,O002129,C00296,P120,WEB,2025-11-03 18:23:43,1,89.99,opened,Found a better price
R00356,OI003565,O002355,C01028,P098,S06,2025-11-04 10:12:34,1,199.99,opened,Did not fit the space
R00357,OI003234,O002135,C00416,P008,S21,2025-11-04 13:13:10,1,79.99,unopened,Changed mind
R00358,OI003369,O002231,C01008,P148,S22,2025-11-04 18:41:41,1,59.99,unopened,Gift duplicate
R00359,OI003337,O002208,C00782,P015,S13,2025-11-04 19:23:57,1,199.99,unopened,Changed mind
R00360,OI003528,O002334,C00795,P072,S03,2025-11-06 19:19:31,1,89.99,opened,Not as described
R00361,OI003559,O002352,C00991,P013,S06,2025-11-08 18:40:08,1,149.99,opened,Not as described
R00362,OI003605,O002385,C00296,P135,S06,2025-11-09 13:23:39,1,79.99,unopened,Delivery arrived late
R00363,OI003665,O002422,C00964,P028,S07,2025-11-10 17:53:17,1,19.99,unopened,Delivery arrived late
R00364,OI003380,O002239,C00886,P139,S07,2025-11-11 09:05:32,1,89.99,unopened,Gift duplicate
R00365,OI003360,O002225,C01008,P143,S22,2025-11-11 12:21:34,1,49.99,opened,Did not fit the space
R00366,OI003541,O002341,C00160,P149,WEB,2025-11-11 13:47:48,1,129.99,opened,Found a better price
R00367,OI003598,O002378,C00439,P001,S23,2025-11-11 20:01:29,1,49.99,opened,Not as described
R00368,OI003553,O002348,C01080,P064,S06,2025-11-13 17:13:34,1,59.99,opened,Did not fit the space
R00369,OI003527,O002333,C00497,P144,S23,2025-11-14 17:51:29,1,29.99,opened,Found a better price
R00370,OI003477,O002304,C00952,P126,S12,2025-11-15 10:12:28,1,19.99,opened,Changed mind
R00371,OI003723,O002458,C00842,P148,WEB,2025-11-15 11:43:52,1,59.99,unopened,Ordered by mistake
R00372,OI003590,O002373,C00126,P122,WEB,2025-11-15 12:51:00,1,29.99,opened,Not as described
R00373,OI003604,O002384,C00346,P027,S06,2025-11-16 16:20:45,1,89.99,unopened,Delivery arrived late
R00374,OI003458,O002289,C00444,P104,S16,2025-11-17 13:15:31,1,59.99,unopened,Changed mind
R00375,OI003777,O002492,C00724,P092,WEB,2025-11-17 17:16:17,1,69.99,opened,Not as described
R00376,OI003578,O002365,C00386,P146,S08,2025-11-17 19:40:59,1,24.99,opened,Did not fit the space
R00377,OI003437,O002276,C01108,P087,S19,2025-11-18 17:55:19,1,349.99,opened,Found a better price
R00378,OI003509,O002324,C00476,P069,WEB,2025-11-18 18:38:36,1,119.99,opened,Found a better price
R00379,OI003636,O002406,C01117,P073,S21,2025-11-18 19:04:08,1,349.99,opened,Not as described
R00380,OI003718,O002454,C00444,P128,S16,2025-11-20 13:08:54,1,59.99,unopened,Ordered by mistake
R00381,OI003812,O002513,C00871,P120,S01,2025-11-20 15:15:02,1,89.99,unopened,Delivery arrived late
R00382,OI003871,O002548,C00706,P118,WEB,2025-11-20 16:08:01,1,219.99,unopened,Changed mind
R00383,OI003655,O002417,C01119,P008,S11,2025-11-21 09:58:00,1,79.99,unopened,Gift duplicate
R00384,OI003849,O002537,C00548,P126,S22,2025-11-21 14:22:39,1,19.99,unopened,Delivery arrived late
R00385,OI003829,O002524,C00969,P019,S22,2025-11-21 14:52:58,1,299.99,opened,Found a better price
R00386,OI003891,O002563,C00606,P090,S12,2025-11-24 09:32:25,1,189.99,defective,Quality below expectation
R00387,OI003873,O002550,C00865,P121,S07,2025-11-24 16:58:49,1,128.99,unopened,Ordered by mistake
R00388,OI003842,O002535,C01010,P031,S14,2025-11-24 17:27:41,1,139.99,defective,Quality below expectation
R00389,OI003895,O002566,C00878,P150,WEB,2025-11-25 15:35:02,1,25.99,opened,Did not fit the space
R00390,OI004007,O002637,C00575,P124,S22,2025-11-28 12:20:12,1,14.99,unopened,Ordered by mistake
R00391,OI003205,O002117,C00573,P148,S20,2025-11-29 13:09:10,1,59.99,opened,Changed mind
R00392,OI003824,O002522,C00893,P142,S21,2025-11-29 14:52:55,1,19.99,defective,Stopped working
R00393,OI003903,O002571,C00142,P009,S22,2025-11-29 16:45:42,1,299.99,defective,Arrived damaged
R00394,OI003795,O002502,C00186,P139,S14,2025-11-30 09:10:29,1,89.99,unopened,Gift duplicate
R00395,OI004048,O002665,C00879,P101,S08,2025-11-30 11:49:03,1,49.99,defective,Arrived damaged
R00396,OI003908,O002574,C00983,P068,WEB,2025-11-30 12:28:18,1,39.99,unopened,Delivery arrived late
R00397,OI003916,O002579,C00861,P068,S10,2025-11-30 15:20:00,2,79.98,unopened,Gift duplicate
R00398,OI004013,O002642,C00482,P070,S18,2025-11-30 16:10:27,1,69.99,opened,Not as described
R00399,OI003984,O002621,C00762,P103,WEB,2025-11-30 17:37:10,1,19.99,defective,Arrived damaged
R00400,OI003883,O002557,C00172,P092,S23,2025-12-01 11:44:08,1,69.99,defective,Missing parts
R00401,OI003892,O002563,C00606,P008,S12,2025-12-01 15:14:25,1,79.99,opened,Changed mind
R00402,OI003606,O002386,C00707,P002,S07,2025-12-01 18:16:17,1,89.99,defective,Arrived damaged
R00403,OI003989,O002624,C00456,P052,WEB,2025-12-02 18:21:22,1,229.99,defective,Missing parts
R00404,OI004034,O002655,C01003,P103,S03,2025-12-02 18:30:13,1,19.99,defective,Missing parts
R00405,OI003800,O002506,C00444,P015,S16,2025-12-02 20:32:55,1,199.99,opened,Gift duplicate
R00406,OI003992,O002625,C01073,P083,S09,2025-12-02 20:36:24,1,99.99,opened,Did not fit the space
R00407,OI004097,O002704,C00464,P166,S03,2025-12-03 12:36:49,1,18.74,defective,Stopped working
R00408,OI003619,O002397,C00945,P149,WEB,2025-12-03 15:40:44,1,129.99,opened,Changed mind
R00409,OI003814,O002515,C00068,P011,S21,2025-12-04 09:18:10,1,229.99,opened,Did not fit the space
R00410,OI003688,O002438,C00548,P134,S22,2025-12-04 11:38:12,1,34.99,opened,Changed mind
R00411,OI003865,O002546,C00225,P003,WEB,2025-12-04 17:10:11,1,129.99,opened,Not as described
R00412,OI003771,O002488,C00963,P120,WEB,2025-12-04 18:18:38,1,89.99,unopened,Ordered by mistake
R00413,OI004017,O002644,C00776,P071,WEB,2025-12-05 14:05:24,1,189.99,opened,Did not fit the space
R00414,OI004040,O002659,C00921,P019,WEB,2025-12-05 16:08:13,1,299.99,opened,Gift duplicate
R00415,OI003790,O002500,C00299,P138,S20,2025-12-05 18:24:13,1,39.99,opened,Changed mind
R00416,OI003719,O002455,C00696,P001,WEB,2025-12-05 18:57:25,1,49.99,opened,Not as described
R00417,OI004115,O002714,C00959,P120,S13,2025-12-06 09:20:10,1,67.49,unopened,Delivery arrived late
R00418,OI004123,O002721,C00559,P143,S16,2025-12-06 15:46:59,2,74.98,opened,Changed mind
R00419,OI003983,O002621,C00762,P142,WEB,2025-12-07 17:51:45,1,19.99,unopened,Gift duplicate
R00420,OI004050,O002667,C00151,P063,WEB,2025-12-08 09:07:39,1,39.99,opened,Not as described
R00421,OI004222,O002786,C01077,P146,WEB,2025-12-08 14:08:20,1,19.99,opened,Did not fit the space
R00422,OI004058,O002673,C00527,P103,S16,2025-12-08 14:17:07,1,14.99,defective,Stopped working
R00423,OI003998,O002630,C00239,P099,S03,2025-12-08 20:09:28,1,29.99,unopened,Ordered by mistake
R00424,OI003911,O002576,C00548,P088,S22,2025-12-09 09:45:31,1,83.99,opened,Changed mind
R00425,OI003735,O002465,C01125,P016,S01,2025-12-09 13:49:32,1,399.99,opened,Not as described
R00426,OI004046,O002665,C00879,P125,S08,2025-12-09 16:50:29,1,49.99,opened,Not as described
R00427,OI004118,O002717,C00963,P126,WEB,2025-12-10 10:33:43,1,14.99,opened,Gift duplicate
R00428,OI004215,O002780,C01051,P128,S06,2025-12-10 15:09:24,1,59.99,opened,Not as described
R00429,OI004249,O002804,C00252,P139,S05,2025-12-10 16:01:18,1,89.99,unopened,Delivery arrived late
R00430,OI004233,O002794,C00426,P060,S21,2025-12-10 17:29:28,1,139.99,defective,Arrived damaged
R00431,OI004180,O002758,C00062,P103,S21,2025-12-12 15:39:03,1,19.99,opened,Not as described
R00432,OI004189,O002761,C00597,P023,S22,2025-12-12 17:31:48,1,149.99,opened,Changed mind
R00433,OI004280,O002826,C00841,P122,S04,2025-12-13 19:54:21,1,29.99,unopened,Ordered by mistake
R00434,OI004131,O002727,C00260,P076,S01,2025-12-13 20:22:11,1,49.99,opened,Not as described
R00435,OI003880,O002554,C01135,P003,S03,2025-12-14 10:06:06,1,129.99,opened,Not as described
R00436,OI004119,O002718,C00901,P113,S15,2025-12-14 12:25:20,1,63.74,opened,Not as described
R00437,OI004204,O002772,C00727,P071,S17,2025-12-15 09:32:29,1,189.99,opened,Changed mind
R00438,OI004426,O002921,C00558,P115,S22,2025-12-15 09:59:34,1,49.99,unopened,Gift duplicate
R00439,OI004129,O002726,C01051,P010,S06,2025-12-15 11:28:42,1,67.49,opened,Changed mind
R00440,OI004364,O002876,C00010,P120,S07,2025-12-15 18:13:40,1,89.99,opened,Changed mind
R00441,OI003830,O002525,C00727,P149,S17,2025-12-16 15:06:04,1,129.99,opened,Gift duplicate
R00442,OI003879,O002553,C00838,P137,WEB,2025-12-16 15:15:17,1,109.99,unopened,Ordered by mistake
R00443,OI004293,O002836,C00447,P092,S23,2025-12-16 18:59:16,1,69.99,opened,Changed mind
R00444,OI004462,O002949,C00189,P015,S01,2025-12-17 09:27:29,1,175.99,unopened,Changed mind
R00445,OI004385,O002892,C00536,P121,WEB,2025-12-17 13:29:02,1,128.99,defective,Quality below expectation
R00446,OI004227,O002789,C00877,P112,S21,2025-12-17 18:44:51,1,39.99,unopened,Gift duplicate
R00447,OI004411,O002911,C00354,P063,WEB,2025-12-18 18:13:02,1,39.99,unopened,Gift duplicate
R00448,OI004400,O002903,C00802,P117,S22,2025-12-18 18:43:27,1,69.99,opened,Found a better price
R00449,OI004231,O002792,C01153,P073,S14,2025-12-19 16:33:01,1,349.99,unopened,Changed mind
R00450,OI004563,O003012,C00758,P085,S03,2025-12-19 18:17:02,1,39.99,unopened,Ordered by mistake
R00451,OI004370,O002880,C01162,P015,S16,2025-12-20 09:11:45,1,175.99,opened,Not as described
R00452,OI004571,O003015,C00975,P027,S17,2025-12-20 09:43:28,1,89.99,opened,Did not fit the space
R00453,OI004448,O002939,C01165,P066,WEB,2025-12-20 14:53:59,1,94.99,opened,Not as described
R00454,OI004520,O002984,C00883,P164,S06,2025-12-21 12:28:10,1,29.99,defective,Stopped working
R00455,OI004580,O003019,C00963,P126,WEB,2025-12-22 09:34:40,1,19.99,opened,Gift duplicate
R00456,OI004493,O002965,C01107,P133,S09,2025-12-22 10:49:04,1,99.99,opened,Found a better price
R00457,OI004401,O002903,C00802,P094,S22,2025-12-22 11:28:58,1,179.99,opened,Did not fit the space
R00458,OI004373,O002883,C00164,P003,S12,2025-12-22 13:52:53,1,129.99,defective,Missing parts
R00459,OI004151,O002743,C00527,P003,S16,2025-12-22 14:13:25,1,97.49,defective,Stopped working
R00460,OI004315,O002847,C00027,P067,WEB,2025-12-22 18:11:51,1,149.99,defective,Arrived damaged
R00461,OI004584,O003021,C00789,P019,S09,2025-12-22 18:22:12,1,299.99,defective,Missing parts
R00462,OI004645,O003057,C00745,P103,S07,2025-12-23 10:50:10,1,19.99,opened,Changed mind
R00463,OI004291,O002834,C00606,P115,S12,2025-12-23 14:45:24,3,149.97,defective,Arrived damaged
R00464,OI004492,O002964,C00267,P125,S06,2025-12-23 20:41:53,2,99.98,opened,Changed mind
R00465,OI004606,O003032,C01168,P154,S15,2025-12-24 12:45:16,1,349.99,defective,Missing parts
R00466,OI004181,O002759,C00782,P090,S13,2025-12-24 14:48:50,1,142.49,opened,Changed mind
R00467,OI004683,O003075,C00961,P021,S16,2025-12-25 09:54:09,1,158.39,opened,Gift duplicate
R00468,OI003993,O002626,C00668,P014,S11,2025-12-25 11:51:34,1,449.99,defective,Quality below expectation
R00469,OI004442,O002935,C01064,P015,S16,2025-12-25 18:30:46,1,175.99,opened,Changed mind
R00470,OI004632,O003048,C00289,P020,S06,2025-12-26 12:06:51,1,70.39,defective,Stopped working
R00471,OI004664,O003066,C00004,P150,WEB,2025-12-26 14:05:45,1,25.99,unopened,Gift duplicate
R00472,OI004527,O002987,C00030,P104,S19,2025-12-26 15:14:30,1,59.99,unopened,Changed mind
R00473,OI004628,O003046,C01171,P146,S14,2025-12-26 15:28:34,1,24.99,opened,Not as described
R00474,OI004598,O003030,C00884,P128,WEB,2025-12-26 16:48:55,1,59.99,opened,Did not fit the space
R00475,OI004451,O002941,C00373,P068,WEB,2025-12-26 16:59:21,1,39.99,unopened,Gift duplicate
R00476,OI004388,O002895,C00842,P030,WEB,2025-12-27 09:23:37,1,52.79,opened,Found a better price
R00477,OI004489,O002964,C00267,P021,S06,2025-12-28 09:27:34,1,158.39,opened,Found a better price
R00478,OI004753,O003122,C00997,P077,S07,2025-12-28 10:32:31,1,199.99,opened,Did not fit the space
R00479,OI004708,O003092,C01134,P148,S21,2025-12-28 16:59:59,1,59.99,unopened,Gift duplicate
R00480,OI003839,O002532,C00536,P003,WEB,2025-12-28 19:58:25,1,129.99,unopened,Changed mind
R00481,OI004617,O003039,C00267,P027,S06,2025-12-28 20:59:24,1,79.19,opened,Gift duplicate
R00482,OI004519,O002983,C00444,P155,S16,2025-12-29 09:47:02,1,79.99,opened,Found a better price
R00483,OI003847,O002537,C00548,P080,S22,2025-12-29 12:57:25,1,38.99,unopened,Changed mind
R00484,OI004511,O002977,C00013,P027,WEB,2025-12-29 16:34:17,1,79.19,defective,Stopped working
R00485,OI004469,O002952,C00863,P139,S12,2025-12-29 20:07:42,1,89.99,unopened,Delivery arrived late
R00486,OI004558,O003008,C00386,P171,S08,2025-12-30 09:11:18,1,199.99,opened,Gift duplicate
R00487,OI004438,O002932,C01051,P015,S06,2025-12-30 12:31:55,1,175.99,opened,Changed mind
R00488,OI003949,O002600,C00782,P150,S13,2025-12-30 17:14:37,1,25.99,opened,Not as described
R00489,OI004790,O003149,C00760,P099,S12,2025-12-31 19:00:14,1,29.99,opened,Did not fit the space
R00490,OI004723,O003101,C00016,P145,WEB,2025-12-31 20:35:13,1,69.99,unopened,Gift duplicate
R00491,OI004776,O003140,C00713,P065,S10,2026-01-02 11:10:17,2,79.98,defective,Missing parts
R00492,OI004663,O003065,C01030,P146,S01,2026-01-02 16:51:40,1,24.99,unopened,Ordered by mistake
R00493,OI004655,O003061,C01172,P016,S06,2026-01-02 19:32:55,1,399.99,unopened,Ordered by mistake
R00494,OI004506,O002974,C00775,P145,WEB,2026-01-02 20:37:02,1,69.99,opened,Found a better price
R00495,OI004570,O003015,C00975,P007,S17,2026-01-03 10:48:50,1,149.99,defective,Arrived damaged
R00496,OI004435,O002929,C00705,P055,WEB,2026-01-03 11:28:26,1,179.99,opened,Not as described
R00497,OI004599,O003030,C00884,P072,WEB,2026-01-03 19:24:12,1,89.99,opened,Not as described
R00498,OI004748,O003120,C00642,P088,S09,2026-01-06 09:44:32,1,83.99,opened,Changed mind
R00499,OI004787,O003146,C00757,P107,S06,2026-01-06 13:28:58,1,99.99,defective,Stopped working
R00500,OI004693,O003083,C01154,P091,WEB,2026-01-06 19:46:23,1,19.99,opened,Gift duplicate
R00501,OI004828,O003173,C00469,P028,WEB,2026-01-07 09:24:17,1,19.99,opened,Gift duplicate
R00502,OI004277,O002823,C00476,P108,WEB,2026-01-07 11:03:14,1,19.99,opened,Changed mind
R00503,OI004824,O003170,C00817,P125,S07,2026-01-07 16:24:23,1,49.99,defective,Stopped working
R00504,OI004667,O003067,C00724,P019,WEB,2026-01-07 18:43:18,1,263.99,defective,Stopped working
R00505,OI004887,O003212,C00316,P126,S03,2026-01-08 13:52:20,1,19.99,defective,Quality below expectation
R00506,OI004889,O003213,C01142,P148,S11,2026-01-09 10:07:17,1,59.99,unopened,Gift duplicate
R00507,OI004947,O003253,C00087,P147,WEB,2026-01-09 17:42:55,1,54.99,opened,Did not fit the space
R00508,OI004909,O003228,C00665,P024,S03,2026-01-10 09:59:14,1,29.99,defective,Stopped working
R00509,OI004786,O003146,C00757,P072,S06,2026-01-10 16:36:28,1,89.99,opened,Found a better price
R00510,OI004934,O003246,C00536,P086,WEB,2026-01-10 20:56:57,1,129.99,opened,Gift duplicate
R00511,OI004924,O003239,C00455,P130,S20,2026-01-11 17:29:54,1,24.99,opened,Did not fit the space
R00512,OI004949,O003255,C01015,P087,S16,2026-01-13 19:48:31,1,349.99,unopened,Delivery arrived late
R00513,OI004867,O003198,C01085,P129,S04,2026-01-14 12:43:51,2,299.98,defective,Quality below expectation
R00514,OI005036,O003310,C00642,P024,S09,2026-01-15 20:44:36,1,29.99,opened,Not as described
R00515,OI004935,O003246,C00536,P020,WEB,2026-01-16 12:53:16,1,79.99,opened,Did not fit the space
R00516,OI004948,O003254,C00775,P076,WEB,2026-01-16 12:54:08,1,49.99,opened,Not as described
R00517,OI005058,O003324,C00030,P031,S22,2026-01-16 16:42:10,1,104.99,opened,Did not fit the space
R00518,OI004925,O003239,C00455,P104,S20,2026-01-16 18:30:25,1,59.99,defective,Arrived damaged
R00519,OI004936,O003246,C00536,P103,WEB,2026-01-16 20:01:35,1,19.99,opened,Changed mind
R00520,OI004862,O003196,C01026,P120,S14,2026-01-17 09:09:41,1,89.99,opened,Did not fit the space
R00521,OI005071,O003335,C00975,P104,S14,2026-01-17 15:03:28,1,44.99,defective,Quality below expectation
R00522,OI004905,O003225,C01163,P010,S02,2026-01-18 20:54:31,1,89.99,opened,Gift duplicate
R00523,OI004995,O003286,C00652,P103,WEB,2026-01-19 16:39:10,1,14.99,opened,Found a better price
R00524,OI005065,O003330,C00385,P123,S16,2026-01-20 13:09:42,1,99.99,opened,Changed mind
R00525,OI004966,O003265,C00837,P069,WEB,2026-01-21 20:24:35,1,119.99,opened,Did not fit the space
R00526,OI004569,O003015,C00975,P001,S17,2026-01-22 15:51:41,1,49.99,opened,Did not fit the space
R00527,OI005072,O003336,C01154,P002,WEB,2026-01-22 16:29:10,1,67.49,opened,Not as described
R00528,OI004963,O003262,C00735,P099,S21,2026-01-22 17:28:20,1,29.99,opened,Did not fit the space
R00529,OI005011,O003295,C00823,P133,S23,2026-01-23 12:31:49,1,99.99,opened,Found a better price
R00530,OI005042,O003316,C01076,P148,S09,2026-01-23 14:58:25,1,59.99,unopened,Delivery arrived late
R00531,OI005132,O003377,C00802,P087,S22,2026-01-24 13:30:03,2,524.98,defective,Missing parts
R00532,OI005095,O003350,C00411,P130,WEB,2026-01-24 17:37:37,1,24.99,unopened,Delivery arrived late
R00533,OI005099,O003352,C00422,P015,S11,2026-01-24 20:12:25,1,149.99,opened,Not as described
R00534,OI005003,O003290,C00467,P120,S13,2026-01-24 20:20:24,1,89.99,unopened,Delivery arrived late
R00535,OI005134,O003379,C01199,P128,S07,2026-01-26 10:14:17,1,44.99,unopened,Ordered by mistake
R00536,OI005108,O003358,C01187,P083,S06,2026-01-26 20:01:37,1,74.99,opened,Not as described
R00537,OI005161,O003396,C00331,P128,WEB,2026-01-27 12:27:34,1,44.99,unopened,Changed mind
R00538,OI005127,O003373,C00861,P062,WEB,2026-01-27 13:31:59,1,24.99,unopened,Ordered by mistake
R00539,OI005035,O003309,C00087,P073,WEB,2026-01-27 18:53:31,1,262.49,unopened,Changed mind
R00540,OI005023,O003302,C00713,P020,S10,2026-01-28 11:39:02,1,59.99,unopened,Gift duplicate
R00541,OI005100,O003352,C00422,P158,S11,2026-01-28 16:30:01,1,337.49,opened,Did not fit the space
R00542,OI005117,O003366,C01124,P128,WEB,2026-01-28 17:51:41,1,44.99,opened,Found a better price
R00543,OI005165,O003400,C00403,P060,S13,2026-01-29 11:12:35,1,104.99,unopened,Ordered by mistake
R00544,OI004946,O003253,C00087,P148,WEB,2026-01-29 11:16:50,1,59.99,opened,Gift duplicate
R00545,OI005125,O003371,C00199,P062,S24,2026-01-29 13:20:12,1,18.74,opened,Did not fit the space
R00546,OI005218,O003435,C00678,P060,WEB,2026-01-30 13:25:03,1,139.99,opened,Did not fit the space
R00547,OI005281,O003476,C00422,P135,S07,2026-01-30 14:05:25,1,59.99,opened,Not as described
R00548,OI004982,O003277,C00642,P023,S09,2026-01-30 18:09:35,1,149.99,opened,Gift duplicate
R00549,OI005207,O003426,C01040,P086,S03,2026-02-02 13:08:44,1,97.49,opened,Gift duplicate
R00550,OI004971,O003269,C01100,P013,WEB,2026-02-02 16:31:41,1,112.49,defective,Arrived damaged
R00551,OI005220,O003436,C00914,P098,S06,2026-02-03 09:25:03,1,149.99,opened,Not as described
R00552,OI005349,O003525,C01162,P112,S16,2026-02-03 10:04:09,1,29.99,unopened,Ordered by mistake
R00553,OI005285,O003480,C00894,P143,S20,2026-02-03 13:28:55,1,37.49,opened,Did not fit the space
R00554,OI005213,O003430,C00536,P014,WEB,2026-02-03 14:10:36,1,449.99,defective,Missing parts
R00555,OI005184,O003409,C00040,P135,S10,2026-02-03 19:25:19,1,59.99,unopened,Changed mind
R00556,OI005382,O003545,C01008,P093,S22,2026-02-04 11:59:27,1,44.99,opened,Did not fit the space
R00557,OI005391,O003549,C00272,P128,S17,2026-02-04 15:38:02,1,44.99,opened,Not as described
R00558,OI005436,O003576,C00823,P052,S23,2026-02-05 13:57:37,1,229.99,opened,Not as described
R00559,OI005379,O003543,C00354,P081,S21,2026-02-05 18:16:24,2,88.48,unopened,Changed mind
R00560,OI005423,O003570,C00798,P088,S16,2026-02-05 18:46:31,1,83.99,unopened,Ordered by mistake
R00561,OI005204,O003425,C01020,P076,WEB,2026-02-06 09:03:35,1,37.49,opened,Did not fit the space
R00562,OI005312,O003498,C00220,P005,S22,2026-02-06 11:46:34,1,262.49,defective,Missing parts
R00563,OI005120,O003368,C00802,P060,S22,2026-02-06 11:47:57,1,104.99,defective,Missing parts
R00564,OI005309,O003497,C00094,P019,S21,2026-02-06 12:23:00,1,224.99,unopened,Ordered by mistake
R00565,OI005345,O003522,C01073,P074,S09,2026-02-06 15:43:43,2,39.98,opened,Not as described
R00566,OI005252,O003457,C00991,P017,S06,2026-02-06 17:13:25,1,599.99,defective,Stopped working
R00567,OI005239,O003447,C00865,P104,S10,2026-02-07 13:29:16,1,59.99,opened,Gift duplicate
R00568,OI005443,O003582,C00465,P087,WEB,2026-02-08 17:41:00,1,349.99,unopened,Changed mind
R00569,OI005319,O003502,C01020,P155,WEB,2026-02-10 20:24:08,1,79.99,defective,Arrived damaged
R00570,OI005057,O003323,C00286,P135,S15,2026-02-11 13:51:56,1,59.99,opened,Did not fit the space
R00571,OI005339,O003517,C00167,P133,WEB,2026-02-12 13:24:21,1,74.99,opened,Gift duplicate
R00572,OI005508,O003630,C00975,P099,S13,2026-02-13 09:37:41,1,29.99,unopened,Changed mind
R00573,OI005453,O003589,C01137,P031,S06,2026-02-13 17:57:56,1,139.99,unopened,Gift duplicate
R00574,OI005449,O003586,C00795,P128,S03,2026-02-13 20:42:14,1,59.99,opened,Found a better price
R00575,OI005307,O003495,C01123,P084,WEB,2026-02-14 13:06:14,1,11.24,opened,Changed mind
R00576,OI005434,O003576,C00823,P100,S23,2026-02-14 18:08:45,1,79.99,unopened,Delivery arrived late
R00577,OI005565,O003665,C01132,P103,WEB,2026-02-16 12:16:13,1,19.99,unopened,Changed mind
R00578,OI005240,O003448,C00602,P155,S01,2026-02-17 10:26:30,1,59.99,unopened,Changed mind
R00579,OI005481,O003610,C00030,P155,S22,2026-02-17 17:19:14,1,79.99,opened,Changed mind
R00580,OI005550,O003656,C00364,P115,S08,2026-02-17 18:02:14,1,49.99,unopened,Changed mind
R00581,OI005590,O003681,C00342,P140,S21,2026-02-17 20:45:07,1,39.99,opened,Not as described
R00582,OI005630,O003711,C00342,P140,S21,2026-02-18 16:23:03,1,39.99,unopened,Changed mind
R00583,OI005542,O003651,C00467,P148,S13,2026-02-19 09:44:44,1,59.99,unopened,Ordered by mistake
R00584,OI005479,O003608,C01108,P100,WEB,2026-02-19 10:08:21,1,79.99,defective,Arrived damaged
R00585,OI005395,O003552,C01159,P026,WEB,2026-02-20 11:41:44,1,24.99,opened,Found a better price
R00586,OI005206,O003426,C01040,P104,S03,2026-02-22 09:25:57,1,44.99,opened,Not as described
R00587,OI005664,O003732,C00665,P011,S04,2026-02-22 15:52:16,1,229.99,opened,Changed mind
R00588,OI005637,O003715,C00852,P032,WEB,2026-02-22 18:29:59,1,29.99,opened,Gift duplicate
R00589,OI005509,O003631,C00488,P108,S23,2026-02-23 14:46:57,1,24.99,unopened,Ordered by mistake
R00590,OI005516,O003637,C00148,P146,S13,2026-02-24 12:15:27,1,24.99,unopened,Changed mind
R00591,OI005648,O003721,C00921,P136,WEB,2026-02-24 14:28:20,1,44.99,opened,Did not fit the space
R00592,OI005679,O003741,C00931,P062,S14,2026-02-24 19:40:47,1,24.99,unopened,Delivery arrived late
R00593,OI005709,O003764,C00436,P158,S03,2026-02-25 15:58:31,3,1349.97,unopened,Gift duplicate
R00594,OI005579,O003674,C00790,P075,S13,2026-02-25 19:37:27,1,69.99,defective,Quality below expectation
R00595,OI005735,O003778,C00784,P030,S13,2026-02-26 16:34:24,1,59.99,opened,Not as described
R00596,OI005560,O003663,C00435,P023,WEB,2026-02-27 16:27:54,1,199.99,unopened,Changed mind
R00597,OI005642,O003718,C00919,P124,S21,2026-02-27 19:13:14,1,14.99,unopened,Delivery arrived late
R00598,OI005752,O003788,C00904,P063,S02,2026-02-28 10:05:12,1,39.99,opened,Gift duplicate
R00599,OI005633,O003711,C00342,P005,S21,2026-02-28 10:31:00,1,349.99,opened,Found a better price
R00600,OI005718,O003769,C00886,P138,S07,2026-02-28 19:54:18,1,39.99,unopened,Changed mind
R00601,OI005604,O003692,C00267,P057,S06,2026-03-01 12:07:07,1,119.99,defective,Stopped working
R00602,OI005548,O003655,C00237,P148,S08,2026-03-02 09:09:15,1,59.99,opened,Did not fit the space
R00603,OI005750,O003787,C01210,P098,S01,2026-03-02 12:19:53,1,199.99,unopened,Delivery arrived late
R00604,OI005662,O003731,C01188,P072,S07,2026-03-03 12:25:56,1,89.99,unopened,Gift duplicate
R00605,OI005667,O003734,C00110,P149,WEB,2026-03-04 12:23:36,1,129.99,opened,Did not fit the space
R00606,OI005751,O003788,C00904,P044,S02,2026-03-05 14:29:28,1,399.99,defective,Arrived damaged
R00607,OI005727,O003774,C00757,P143,S06,2026-03-05 14:56:59,1,49.99,opened,Gift duplicate
R00608,OI005825,O003843,C00688,P129,S05,2026-03-05 18:28:52,1,149.99,opened,Changed mind
R00609,OI005779,O003806,C00933,P148,WEB,2026-03-06 20:21:17,1,59.99,opened,Found a better price
R00610,OI005678,O003741,C00931,P146,S14,2026-03-07 13:12:11,1,24.99,unopened,Changed mind
R00611,OI005854,O003859,C01105,P013,WEB,2026-03-07 15:54:30,1,149.99,defective,Missing parts
R00612,OI005647,O003720,C00459,P114,S21,2026-03-08 17:34:41,1,129.99,opened,Did not fit the space
R00613,OI005624,O003706,C01040,P081,S03,2026-03-09 12:23:26,1,58.99,opened,Found a better price
R00614,OI005912,O003895,C01007,P108,WEB,2026-03-10 12:52:08,1,24.99,opened,Gift duplicate
R00615,OI005796,O003818,C01217,P150,S16,2026-03-11 15:48:58,1,25.99,unopened,Delivery arrived late
R00616,OI005707,O003762,C00999,P107,S23,2026-03-12 15:01:04,1,99.99,defective,Stopped working
R00617,OI005844,O003853,C00802,P144,S22,2026-03-13 15:37:04,1,29.99,unopened,Delivery arrived late
R00618,OI005789,O003812,C00120,P142,S21,2026-03-14 09:24:16,1,19.99,unopened,Gift duplicate
R00619,OI005721,O003770,C00775,P036,S12,2026-03-14 13:20:45,1,1299.99,opened,Did not fit the space
R00620,OI005973,O003939,C01198,P011,S06,2026-03-16 10:35:43,1,229.99,opened,Gift duplicate
R00621,OI005900,O003886,C00911,P098,S07,2026-03-16 12:32:39,1,199.99,opened,Found a better price
R00622,OI005994,O003948,C00527,P120,S16,2026-03-16 14:09:07,1,89.99,opened,Gift duplicate
R00623,OI005970,O003936,C01020,P016,WEB,2026-03-17 13:49:56,1,399.99,opened,Found a better price
R00624,OI005907,O003891,C01084,P106,S08,2026-03-17 17:27:25,1,29.99,opened,Did not fit the space
R00625,OI005790,O003813,C00603,P123,WEB,2026-03-17 18:18:24,1,99.99,opened,Gift duplicate
R00626,OI005914,O003896,C00532,P030,WEB,2026-03-18 13:27:15,1,59.99,opened,Did not fit the space
R00627,OI005952,O003921,C00765,P009,S03,2026-03-18 14:32:24,1,299.99,opened,Did not fit the space
R00628,OI006020,O003966,C01210,P155,S01,2026-03-19 18:33:13,1,79.99,defective,Stopped working
R00629,OI005843,O003853,C00802,P155,S22,2026-03-21 14:17:41,2,159.98,defective,Arrived damaged
R00630,OI005931,O003906,C00802,P076,S22,2026-03-21 15:31:06,1,49.99,opened,Found a better price
R00631,OI005755,O003791,C00017,P108,S06,2026-03-23 12:54:23,1,24.99,unopened,Ordered by mistake
R00632,OI005868,O003870,C01007,P148,WEB,2026-03-23 17:01:22,2,119.98,opened,Gift duplicate
R00633,OI005995,O003949,C00792,P130,WEB,2026-03-23 20:22:27,1,24.99,opened,Not as described
R00634,OI006021,O003967,C00500,P005,WEB,2026-03-24 10:38:22,1,349.99,unopened,Changed mind
R00635,OI005818,O003837,C01240,P142,S22,2026-03-24 12:12:57,1,19.99,opened,Not as described
R00636,OI005953,O003921,C00765,P121,S03,2026-03-24 12:19:38,1,128.99,defective,Stopped working
R00637,OI005987,O003946,C00293,P143,WEB,2026-03-24 19:25:18,3,149.97,opened,Changed mind
R00638,OI006136,O004042,C00573,P068,S19,2026-03-25 18:58:07,1,39.99,opened,Not as described
R00639,OI006068,O003995,C00953,P072,S18,2026-03-28 16:34:53,1,89.99,defective,Missing parts
R00640,OI005978,O003942,C01076,P125,S09,2026-03-28 19:10:31,1,49.99,unopened,Gift duplicate
R00641,OI006116,O004027,C01260,P166,WEB,2026-03-29 18:04:52,1,24.99,defective,Missing parts
R00642,OI006174,O004069,C00087,P068,WEB,2026-03-29 18:48:11,1,39.99,unopened,Gift duplicate
R00643,OI006118,O004029,C00859,P086,WEB,2026-04-01 20:49:30,1,129.99,opened,Changed mind
R00644,OI006156,O004057,C00903,P114,S06,2026-04-02 11:00:08,1,129.99,opened,Found a better price
R00645,OI006229,O004110,C00505,P086,S11,2026-04-03 09:24:48,1,129.99,unopened,Gift duplicate
R00646,OI006262,O004126,C01271,P163,S09,2026-04-04 10:17:40,1,89.99,unopened,Gift duplicate
R00647,OI006204,O004092,C00176,P167,S08,2026-04-04 10:23:07,1,59.99,defective,Quality below expectation
R00648,OI006128,O004036,C01107,P138,S09,2026-04-04 15:21:35,1,39.99,unopened,Changed mind
R00649,OI006171,O004067,C00378,P136,S18,2026-04-04 17:08:09,1,44.99,opened,Found a better price
R00650,OI006191,O004083,C00610,P155,S16,2026-04-06 09:05:23,1,79.99,unopened,Ordered by mistake
R00651,OI006213,O004099,C00289,P148,S06,2026-04-06 12:26:45,1,59.99,unopened,Gift duplicate
R00652,OI005989,O003947,C00257,P120,WEB,2026-04-06 14:31:22,1,89.99,unopened,Gift duplicate
R00653,OI006103,O004019,C00228,P134,S13,2026-04-06 20:18:37,1,34.99,unopened,Ordered by mistake
R00654,OI006323,O004161,C00963,P120,WEB,2026-04-07 20:39:31,1,89.99,unopened,Delivery arrived late
R00655,OI005887,O003880,C01110,P127,S22,2026-04-08 13:01:12,1,49.99,opened,Did not fit the space
R00656,OI006094,O004013,C00427,P071,S19,2026-04-09 17:25:24,1,189.99,opened,Not as described
R00657,OI006322,O004161,C00963,P001,WEB,2026-04-09 17:52:26,1,49.99,opened,Found a better price
R00658,OI005990,O003947,C00257,P075,WEB,2026-04-09 20:29:34,1,69.99,opened,Found a better price
R00659,OI006290,O004142,C01216,P133,WEB,2026-04-10 19:16:10,1,99.99,unopened,Changed mind
R00660,OI006302,O004147,C00087,P033,WEB,2026-04-11 12:09:04,1,79.99,defective,Stopped working
R00661,OI005943,O003916,C00034,P090,S22,2026-04-11 13:13:05,2,379.98,opened,Found a better price
R00662,OI006104,O004019,C00228,P054,S13,2026-04-11 15:37:55,1,649.99,opened,Changed mind
R00663,OI006431,O004233,C00445,P078,WEB,2026-04-12 14:35:47,1,14.99,defective,Arrived damaged
R00664,OI006201,O004090,C00268,P155,WEB,2026-04-13 16:55:36,1,79.99,opened,Found a better price
R00665,OI006268,O004128,C00439,P087,WEB,2026-04-14 18:41:48,2,699.98,opened,Changed mind
R00666,OI006364,O004186,C01068,P084,S13,2026-04-15 09:34:20,1,14.99,unopened,Changed mind
R00667,OI006165,O004061,C00501,P135,WEB,2026-04-15 12:06:11,1,79.99,unopened,Changed mind
R00668,OI006154,O004056,C01263,P101,S14,2026-04-15 14:31:34,1,49.99,opened,Found a better price
R00669,OI006310,O004151,C00914,P155,S06,2026-04-16 11:12:00,1,79.99,opened,Not as described
R00670,OI006356,O004181,C01274,P142,S16,2026-04-16 17:00:16,1,19.99,unopened,Delivery arrived late
R00671,OI006410,O004218,C00802,P072,S22,2026-04-18 14:27:13,1,89.99,opened,Gift duplicate
R00672,OI006473,O004258,C00725,P132,S06,2026-04-19 12:56:21,1,39.99,opened,Found a better price
R00673,OI006508,O004279,C00158,P021,S09,2026-04-19 14:52:05,1,179.99,opened,Found a better price
R00674,OI006590,O004335,C01290,P016,S21,2026-04-19 18:45:14,1,399.99,unopened,Ordered by mistake
R00675,OI006157,O004057,C00903,P121,S06,2026-04-19 19:15:26,1,128.99,unopened,Gift duplicate
R00676,OI006423,O004226,C01204,P086,S24,2026-04-20 10:52:32,1,129.99,unopened,Ordered by mistake
R00677,OI006575,O004326,C01288,P159,S22,2026-04-21 20:31:58,1,55.99,unopened,Gift duplicate
R00678,OI006625,O004358,C00802,P109,S22,2026-04-22 20:55:02,1,79.99,unopened,Gift duplicate
R00679,OI006624,O004358,C00802,P143,S22,2026-04-23 11:21:21,1,49.99,opened,Did not fit the space
R00680,OI006623,O004358,C00802,P151,S22,2026-04-23 20:27:41,1,399.99,opened,Not as described
R00681,OI006602,O004345,C00527,P076,S16,2026-04-24 13:33:32,2,84.98,defective,Missing parts
R00682,OI006574,O004326,C01288,P148,S22,2026-04-26 11:29:09,1,59.99,opened,Did not fit the space
R00683,OI006608,O004349,C01293,P076,S17,2026-04-27 10:43:34,1,42.49,unopened,Gift duplicate
R00684,OI006438,O004239,C00688,P064,S05,2026-04-27 13:44:44,1,50.99,opened,Found a better price
R00685,OI006490,O004268,C00342,P091,S21,2026-04-28 10:02:36,1,19.99,opened,Gift duplicate
R00686,OI006513,O004284,C01203,P023,S11,2026-04-28 11:58:51,1,199.99,opened,Not as described
R00687,OI006467,O004256,C00987,P125,S03,2026-04-28 12:23:45,1,49.99,opened,Not as described
R00688,OI006653,O004377,C00110,P121,S02,2026-04-29 12:17:41,1,128.99,opened,Gift duplicate
R00689,OI006748,O004438,C01076,P143,S09,2026-05-01 09:29:49,1,49.99,opened,Not as described
R00690,OI006699,O004408,C00072,P010,S22,2026-05-01 11:20:28,1,89.99,defective,Quality below expectation
R00691,OI006710,O004416,C00404,P132,S23,2026-05-01 17:24:19,1,39.99,opened,Found a better price
R00692,OI006576,O004326,C01288,P064,S22,2026-05-01 17:35:08,1,59.99,unopened,Ordered by mistake
R00693,OI006702,O004410,C01020,P019,WEB,2026-05-03 11:06:18,1,299.99,opened,Not as described
R00694,OI006814,O004477,C00087,P120,WEB,2026-05-03 12:33:27,1,89.99,unopened,Ordered by mistake
R00695,OI006853,O004499,C00924,P143,S05,2026-05-04 09:52:14,1,49.99,unopened,Delivery arrived late
R00696,OI006708,O004415,C01233,P155,WEB,2026-05-04 16:59:41,1,79.99,opened,Changed mind
R00697,OI006382,O004202,C01163,P008,S02,2026-05-05 09:54:13,1,79.99,opened,Did not fit the space
R00698,OI006622,O004358,C00802,P009,S22,2026-05-05 13:57:58,1,299.99,opened,Changed mind
R00699,OI006812,O004477,C00087,P155,WEB,2026-05-08 10:09:44,1,79.99,opened,Not as described
R00700,OI006813,O004477,C00087,P084,WEB,2026-05-08 12:01:06,1,14.99,defective,Stopped working
R00701,OI006811,O004477,C00087,P137,WEB,2026-05-09 17:05:10,1,109.99,opened,Did not fit the space
R00702,OI006861,O004504,C00615,P042,S13,2026-05-11 10:17:51,1,899.99,opened,Not as described
R00703,OI006775,O004455,C01236,P005,S21,2026-05-11 18:16:21,1,349.99,opened,Changed mind
R00704,OI006837,O004490,C01031,P120,S05,2026-05-11 20:34:03,1,89.99,opened,Did not fit the space
R00705,OI006893,O004523,C00393,P125,S20,2026-05-12 12:47:04,1,49.99,unopened,Delivery arrived late
R00706,OI006902,O004528,C00802,P155,S24,2026-05-12 14:39:11,1,79.99,unopened,Changed mind
R00707,OI006974,O004574,C00565,P021,S07,2026-05-13 14:16:01,1,179.99,opened,Changed mind
R00708,OI006823,O004482,C01146,P072,S22,2026-05-13 16:26:26,1,89.99,unopened,Changed mind
R00709,OI006919,O004541,C00907,P138,S13,2026-05-15 09:24:49,2,79.98,unopened,Gift duplicate
R00710,OI006822,O004482,C01146,P032,S22,2026-05-15 13:58:53,1,29.99,opened,Did not fit the space
R00711,OI006825,O004483,C01307,P165,S13,2026-05-15 18:38:14,1,79.99,opened,Did not fit the space
R00712,OI006833,O004489,C00882,P155,WEB,2026-05-16 16:10:15,1,79.99,defective,Missing parts
R00713,OI007005,O004597,C01316,P076,S21,2026-05-16 16:32:12,1,49.99,opened,Changed mind
R00714,OI006874,O004511,C00672,P066,S01,2026-05-16 20:04:10,1,94.99,opened,Not as described
R00715,OI007014,O004603,C00296,P148,S22,2026-05-17 20:46:35,1,59.99,opened,Did not fit the space
R00716,OI006824,O004483,C01307,P147,S13,2026-05-18 13:22:15,1,54.99,unopened,Delivery arrived late
R00717,OI007100,O004661,C00918,P080,WEB,2026-05-18 18:59:30,1,38.99,defective,Quality below expectation
R00718,OI006901,O004528,C00802,P105,S24,2026-05-21 11:28:39,1,34.31,unopened,Delivery arrived late
R00719,OI007127,O004680,C00552,P032,WEB,2026-05-21 18:56:16,1,29.99,opened,Changed mind
R00720,OI007012,O004601,C00814,P018,S21,2026-05-22 09:09:54,1,89.99,opened,Did not fit the space
R00721,OI007076,O004642,C01297,P155,WEB,2026-05-22 17:16:35,1,79.99,unopened,Gift duplicate
R00722,OI007075,O004642,C01297,P062,WEB,2026-05-22 20:18:13,1,24.99,opened,Found a better price
R00723,OI007159,O004696,C01174,P115,S22,2026-05-23 13:54:11,1,49.99,opened,Found a better price
R00724,OI007020,O004607,C01147,P080,S21,2026-05-23 15:24:26,2,77.98,opened,Found a better price
R00725,OI007155,O004694,C00387,P155,S16,2026-05-23 16:36:51,1,79.99,opened,Gift duplicate
R00726,OI007037,O004618,C01151,P102,S16,2026-05-23 17:55:42,1,169.99,opened,Found a better price
R00727,OI007092,O004654,C01255,P018,S06,2026-05-23 20:32:54,1,89.99,opened,Changed mind
R00728,OI007111,O004670,C01327,P143,S06,2026-05-23 20:55:08,1,49.99,opened,Found a better price
R00729,OI007152,O004692,C00672,P084,S06,2026-05-24 09:10:09,1,14.99,opened,Did not fit the space
R00730,OI007044,O004623,C00776,P155,WEB,2026-05-25 19:31:55,1,79.99,unopened,Ordered by mistake
R00731,OI007105,O004666,C00082,P123,WEB,2026-05-26 13:07:59,1,99.99,unopened,Changed mind
R00732,OI007098,O004660,C01299,P141,WEB,2026-05-26 16:54:22,1,99.99,opened,Did not fit the space
R00733,OI007232,O004737,C01344,P115,S16,2026-05-26 19:55:27,1,49.99,unopened,Ordered by mistake
R00734,OI007137,O004686,C00076,P159,S21,2026-05-27 09:34:23,1,55.99,unopened,Changed mind
R00735,OI007174,O004707,C01233,P098,WEB,2026-05-27 14:33:32,1,199.99,opened,Gift duplicate
R00736,OI007176,O004708,C00565,P098,S09,2026-05-27 15:53:23,1,159.99,opened,Gift duplicate
R00737,OI006956,O004565,C00671,P133,S16,2026-05-27 18:33:11,1,99.99,opened,Changed mind
R00738,OI006955,O004564,C01259,P129,S20,2026-05-28 10:59:59,1,149.99,defective,Missing parts
R00739,OI007223,O004733,C01240,P078,S22,2026-05-28 14:12:14,1,11.99,opened,Found a better price
R00740,OI007069,O004639,C00742,P121,S15,2026-05-28 17:46:12,1,128.99,opened,Changed mind
R00741,OI007261,O004755,C00742,P120,S15,2026-05-29 11:30:46,1,89.99,unopened,Gift duplicate
R00742,OI007027,O004612,C00903,P148,S06,2026-05-29 19:54:58,1,59.99,unopened,Gift duplicate
R00743,OI007099,O004660,C01299,P155,WEB,2026-05-30 10:59:43,3,239.97,opened,Gift duplicate
R00744,OI007060,O004632,C01294,P077,WEB,2026-05-30 16:11:59,1,199.99,unopened,Changed mind
R00745,OI007173,O004706,C00094,P155,S21,2026-05-31 09:09:21,1,79.99,opened,Not as described
R00746,OI007306,O004783,C00221,P134,S06,2026-05-31 09:27:17,1,34.99,opened,Did not fit the space
R00747,OI007179,O004709,C01246,P095,S06,2026-06-01 20:26:43,1,199.99,defective,Quality below expectation
R00748,OI007189,O004714,C00870,P072,S21,2026-06-02 16:43:23,1,71.99,opened,Not as described
R00749,OI007275,O004765,C01349,P096,WEB,2026-06-03 17:41:56,1,359.99,opened,Did not fit the space
R00750,OI007142,O004688,C01336,P048,S06,2026-06-04 09:44:14,1,449.99,defective,Missing parts
R00751,OI007305,O004782,C01020,P136,WEB,2026-06-04 13:34:58,1,44.99,unopened,Gift duplicate
R00752,OI007172,O004705,C01051,P016,S06,2026-06-04 15:32:33,1,399.99,defective,Missing parts
R00753,OI007150,O004692,C00672,P155,S06,2026-06-04 19:16:18,1,79.99,opened,Did not fit the space
R00754,OI007394,O004843,C01008,P076,S22,2026-06-05 20:57:26,1,49.99,opened,Not as described
R00755,OI007427,O004863,C00487,P069,WEB,2026-06-06 11:02:43,2,239.98,unopened,Changed mind
R00756,OI007136,O004685,C01334,P147,S08,2026-06-06 17:35:27,1,54.99,unopened,Delivery arrived late
R00757,OI007323,O004797,C00079,P167,WEB,2026-06-06 17:44:02,1,59.99,unopened,Ordered by mistake
R00758,OI007383,O004836,C01317,P142,S02,2026-06-07 13:15:17,1,19.99,opened,Found a better price
R00759,OI007400,O004846,C01342,P125,WEB,2026-06-08 10:41:59,1,49.99,defective,Quality below expectation
R00760,OI007481,O004897,C01198,P062,S06,2026-06-10 09:53:33,1,24.99,opened,Gift duplicate
R00761,OI007435,O004867,C00556,P077,S03,2026-06-10 13:19:09,2,399.98,opened,Did not fit the space
R00762,OI007424,O004862,C01122,P122,WEB,2026-06-12 17:05:07,2,59.98,unopened,Delivery arrived late
R00763,OI007247,O004745,C01255,P147,S06,2026-06-13 15:20:03,1,43.99,opened,Not as described
R00764,OI007339,O004807,C00717,P155,S21,2026-06-13 19:05:09,1,79.99,defective,Arrived damaged
R00765,OI007454,O004879,C00837,P021,WEB,2026-06-13 20:17:39,1,179.99,defective,Quality below expectation
R00766,OI007107,O004667,C00602,P139,S01,2026-06-14 16:06:54,1,89.99,opened,Not as described
R00767,OI007221,O004732,C01289,P007,WEB,2026-06-16 15:21:39,1,119.99,opened,Not as described
R00768,OI007584,O004963,C00479,P115,S19,2026-06-16 18:43:45,1,49.99,opened,Gift duplicate
R00769,OI007496,O004907,C00141,P157,S02,2026-06-17 10:01:57,1,149.99,defective,Arrived damaged
R00770,OI007553,O004946,C01352,P024,S07,2026-06-17 19:45:56,1,29.99,opened,Not as described
R00771,OI007603,O004978,C00370,P119,S22,2026-06-18 16:30:47,1,29.99,opened,Gift duplicate
R00772,OI007583,O004962,C00720,P071,S03,2026-06-19 11:39:52,1,189.99,unopened,Gift duplicate
R00773,OI007372,O004829,C00849,P025,S13,2026-06-19 15:17:43,1,119.99,opened,Changed mind
R00774,OI007545,O004940,C00445,P115,WEB,2026-06-20 10:19:25,1,49.99,unopened,Delivery arrived late
R00775,OI007633,O004997,C01151,P008,S16,2026-06-20 15:23:15,1,79.99,opened,Not as described
R00776,OI007606,O004981,C00378,P145,S18,2026-06-20 17:02:11,1,69.99,opened,Found a better price
R00777,OI007342,O004810,C01343,P144,S05,2026-06-21 13:09:33,1,29.99,opened,Changed mind
R00778,OI007554,O004947,C00778,P050,S20,2026-06-21 14:07:21,1,799.99,unopened,Gift duplicate
R00779,OI007610,O004983,C01312,P103,S19,2026-06-22 16:34:35,1,19.99,opened,Found a better price
R00780,OI007234,O004738,C01020,P019,S19,2026-06-23 18:47:37,1,239.99,defective,Stopped working
R00781,OI007569,O004954,C00072,P135,S22,2026-06-24 15:42:22,1,79.99,unopened,Gift duplicate
R00782,OI007556,O004948,C00449,P158,S17,2026-06-24 20:40:07,1,449.99,defective,Missing parts
R00783,OI007749,O005064,C01293,P142,S17,2026-06-25 09:48:15,1,19.99,opened,Found a better price
R00784,OI007770,O005079,C01046,P079,S06,2026-06-25 18:56:57,1,49.99,opened,Changed mind
R00785,OI007734,O005054,C01198,P143,S06,2026-06-26 11:10:04,2,99.98,opened,Changed mind
R00786,OI007579,O004958,C01183,P019,S12,2026-06-26 12:14:04,1,299.99,opened,Did not fit the space
R00787,OI007532,O004931,C00435,P104,WEB,2026-06-26 20:22:56,1,59.99,opened,Changed mind
R00788,OI007757,O005071,C00678,P126,WEB,2026-06-26 20:24:35,1,19.99,opened,Changed mind
R00789,OI007634,O004997,C01151,P022,S16,2026-06-28 15:51:41,1,69.99,opened,Changed mind
R00790,OI007736,O005055,C01387,P012,S03,2026-06-29 14:46:29,1,43.99,opened,Gift duplicate
R00791,OI007842,O005119,C01394,P015,S13,2026-06-29 15:26:11,1,199.99,defective,Missing parts
R00792,OI007772,O005079,C01046,P142,S06,2026-06-30 14:29:10,1,19.99,opened,Did not fit the space
R00793,OI007812,O005101,C01154,P017,WEB,2026-06-30 17:41:07,1,599.99,unopened,Delivery arrived late
R00794,OI007710,O005040,C00893,P003,S22,2026-07-02 13:26:39,1,129.99,unopened,Changed mind
R00795,OI007810,O005101,C01154,P127,WEB,2026-07-02 13:59:24,1,49.99,unopened,Changed mind
R00796,OI007856,O005128,C00638,P155,S13,2026-07-02 18:02:31,1,79.99,defective,Stopped working
R00797,OI007823,O005108,C00727,P168,S17,2026-07-03 15:59:29,1,49.99,opened,Found a better price
R00798,OI007844,O005121,C00315,P166,S16,2026-07-03 18:04:52,1,24.99,opened,Found a better price
R00799,OI007655,O005008,C01380,P143,WEB,2026-07-04 09:51:32,1,49.99,unopened,Changed mind
R00800,OI007913,O005168,C01293,P076,S17,2026-07-04 11:08:07,1,49.99,unopened,Changed mind
R00801,OI007905,O005162,C00321,P024,S07,2026-07-04 11:42:05,1,29.99,opened,Not as described
R00802,OI007531,O004930,C00637,P022,S07,2026-07-04 14:35:09,1,69.99,opened,Not as described
R00803,OI007781,O005087,C00087,P060,WEB,2026-07-05 11:07:26,1,139.99,opened,Found a better price
R00804,OI007915,O005170,C01076,P115,S09,2026-07-05 19:55:58,1,49.99,opened,Did not fit the space
R00805,OI007581,O004960,C01289,P166,S22,2026-07-07 18:18:08,1,24.99,opened,Gift duplicate
R00806,OI007794,O005093,C00585,P087,S06,2026-07-07 18:40:39,1,349.99,unopened,Delivery arrived late
R00807,OI007789,O005090,C00544,P025,WEB,2026-07-08 16:37:33,1,119.99,unopened,Gift duplicate
R00808,OI007901,O005159,C00303,P060,S09,2026-07-09 15:23:13,1,139.99,opened,Found a better price
R00809,OI007983,O005216,C00431,P004,S10,2026-07-11 09:42:57,1,129.99,opened,Found a better price
R00810,OI007636,O004998,C00102,P064,S17,2026-07-11 14:02:56,1,59.99,opened,Did not fit the space
R00811,OI007864,O005133,C00969,P009,S21,2026-07-11 17:34:19,1,299.99,unopened,Changed mind
R00812,OI007911,O005166,C01362,P153,WEB,2026-07-11 20:17:05,1,129.99,unopened,Changed mind
R00813,OI007944,O005189,C00221,P112,S06,2026-07-12 14:15:30,1,39.99,opened,Changed mind
R00814,OI007838,O005117,C00267,P009,S06,2026-07-13 15:54:25,1,299.99,unopened,Ordered by mistake
R00815,OI008052,O005259,C01204,P083,S24,2026-07-14 10:58:40,1,99.99,opened,Not as described
R00816,OI007946,O005190,C00849,P001,S13,2026-07-14 13:49:22,1,49.99,opened,Changed mind
R00817,OI007466,O004886,C01230,P148,S06,2026-07-14 18:24:56,1,59.99,unopened,Changed mind
R00818,OI008039,O005248,C00013,P023,WEB,2026-07-15 15:59:12,1,169.99,defective,Arrived damaged
R00819,OI007941,O005187,C00434,P146,WEB,2026-07-16 09:56:50,1,24.99,unopened,Gift duplicate
R00820,OI008040,O005249,C00963,P076,WEB,2026-07-16 10:31:53,1,49.99,unopened,Ordered by mistake
R00821,OI007639,O005001,C00399,P170,S07,2026-07-17 11:06:16,2,127.98,opened,Changed mind
R00822,OI007952,O005195,C00615,P078,S14,2026-07-17 13:40:02,1,14.99,opened,Did not fit the space
R00823,OI008071,O005272,C00009,P060,WEB,2026-07-17 16:48:31,1,139.99,opened,Changed mind
R00824,OI008113,O005301,C01418,P123,S03,2026-07-18 14:48:08,1,99.99,opened,Found a better price
R00825,OI007785,O005089,C01311,P158,S21,2026-07-19 10:45:25,1,449.99,opened,Changed mind
R00826,OI008140,O005312,C00838,P143,WEB,2026-07-19 15:41:48,1,49.99,unopened,Delivery arrived late
R00827,OI007909,O005165,C01399,P105,S05,2026-07-19 16:33:28,1,38.99,unopened,Delivery arrived late
R00828,OI008195,O005348,C01047,P064,S12,2026-07-20 16:16:27,1,59.99,opened,Changed mind
R00829,OI008174,O005335,C00802,P114,S22,2026-07-21 18:34:34,1,129.99,unopened,Ordered by mistake
R00830,OI008076,O005276,C00642,P141,S09,2026-07-21 18:39:01,1,99.99,opened,Not as described
R00831,OI007980,O005214,C00501,P019,WEB,2026-07-21 19:27:39,1,299.99,opened,Changed mind
R00832,OI008161,O005326,C01285,P022,S06,2026-07-22 14:55:24,1,59.49,defective,Missing parts
R00833,OI007929,O005181,C00610,P128,S16,2026-07-23 20:08:13,1,59.99,opened,Changed mind
R00834,OI008119,O005303,C00961,P004,S13,2026-07-24 11:15:48,1,129.99,opened,Gift duplicate
R00835,OI008280,O005403,C00604,P030,S13,2026-07-24 12:37:50,1,59.99,opened,Not as described
R00836,OI008252,O005382,C00723,P071,S07,2026-07-24 18:24:54,1,189.99,opened,Did not fit the space
R00837,OI008299,O005416,C00363,P002,S20,2026-07-25 10:58:22,1,89.99,defective,Arrived damaged
R00838,OI008253,O005383,C01199,P148,S07,2026-07-25 11:34:31,2,119.98,unopened,Changed mind
R00839,OI008034,O005244,C00805,P076,S15,2026-07-25 11:54:14,1,49.99,unopened,Ordered by mistake
R00840,OI008031,O005243,C00497,P120,S23,2026-07-26 10:00:00,1,89.99,defective,Stopped working
R00841,OI008202,O005351,C00877,P063,S21,2026-07-26 14:20:08,1,39.99,unopened,Changed mind
R00842,OI007811,O005101,C01154,P020,WEB,2026-07-26 19:59:22,1,79.99,defective,Arrived damaged
R00843,OI008282,O005405,C00776,P141,WEB,2026-07-26 20:34:22,1,99.99,opened,Gift duplicate
R00844,OI008180,O005340,C01400,P090,WEB,2026-07-27 09:15:04,1,189.99,defective,Missing parts
R00845,OI008308,O005423,C00445,P116,WEB,2026-07-28 09:28:13,1,149.99,defective,Missing parts
R00846,OI008354,O005449,C00082,P155,WEB,2026-07-28 20:31:17,1,79.99,opened,Changed mind
R00847,OI008397,O005477,C01346,P167,S20,2026-07-29 10:29:52,1,59.99,unopened,Gift duplicate
R00848,OI008323,O005429,C01076,P104,S09,2026-07-29 11:43:07,1,59.99,opened,Not as described
R00849,OI008116,O005301,C01418,P079,S03,2026-07-29 15:45:24,2,99.98,opened,Not as described
R00850,OI008277,O005400,C00590,P154,WEB,2026-07-29 18:14:15,1,349.99,opened,Did not fit the space
R00851,OI008178,O005339,C00103,P117,S22,2026-07-29 19:52:33,1,69.99,unopened,Delivery arrived late
R00852,OI008349,O005446,C00630,P076,S15,2026-07-30 18:28:53,1,49.99,unopened,Delivery arrived late
R00853,OI008228,O005367,C00387,P120,S15,2026-07-31 10:36:12,1,89.99,opened,Gift duplicate
R00854,OI008380,O005468,C00154,P133,S21,2026-07-31 16:03:38,1,99.99,opened,Changed mind
R00855,OI008393,O005475,C00587,P082,S12,2026-08-01 15:21:56,1,29.99,opened,Did not fit the space
R00856,OI008222,O005364,C01122,P081,WEB,2026-08-02 09:56:52,1,58.99,opened,Gift duplicate
R00857,OI008303,O005420,C01255,P143,S06,2026-08-02 11:23:59,1,49.99,unopened,Changed mind
R00858,OI008392,O005474,C00842,P148,WEB,2026-08-02 16:53:44,1,59.99,unopened,Delivery arrived late
R00859,OI008382,O005469,C00536,P064,WEB,2026-08-02 20:10:55,1,59.99,opened,Did not fit the space
R00860,OI007938,O005186,C01403,P055,WEB,2026-08-02 20:12:53,1,179.99,defective,Missing parts
R00861,OI008238,O005374,C01024,P016,S11,2026-08-03 15:13:53,1,339.99,opened,Did not fit the space
R00862,OI008370,O005459,C00871,P003,S01,2026-08-03 16:01:28,1,129.99,unopened,Ordered by mistake
R00863,OI008285,O005407,C01055,P050,S11,2026-08-04 11:25:04,1,799.99,unopened,Ordered by mistake
R00864,OI008376,O005464,C01414,P127,S05,2026-08-04 16:53:06,1,49.99,unopened,Ordered by mistake
R00865,OI008412,O005485,C00527,P105,S16,2026-08-05 15:05:06,1,38.99,opened,Changed mind
R00866,OI008490,O005538,C01365,P072,S22,2026-08-07 20:53:52,1,89.99,unopened,Changed mind
R00867,OI008501,O005543,C00373,P060,WEB,2026-08-08 13:31:42,1,139.99,opened,Not as described
R00868,OI008516,O005553,C00030,P138,S19,2026-08-08 17:04:19,1,39.99,opened,Did not fit the space
R00869,OI008496,O005541,C00815,P117,S15,2026-08-09 18:45:10,1,69.99,opened,Not as described
R00870,OI008463,O005521,C00591,P120,S11,2026-08-10 11:36:43,1,89.99,unopened,Gift duplicate
R00871,OI008317,O005427,C01158,P016,WEB,2026-08-10 13:19:14,1,399.99,opened,Not as described
R00872,OI008436,O005502,C00280,P099,S22,2026-08-10 18:37:01,2,59.98,opened,Did not fit the space
R00873,OI008492,O005538,C01365,P089,S22,2026-08-11 18:49:35,1,59.99,opened,Not as described
R00874,OI008468,O005524,C00267,P147,S06,2026-08-11 19:15:10,1,54.99,opened,Not as described
R00875,OI008572,O005593,C01020,P079,WEB,2026-08-11 20:56:29,1,49.99,opened,Found a better price
R00876,OI008539,O005568,C01443,P008,WEB,2026-08-12 11:32:51,1,79.99,defective,Arrived damaged
R00877,OI008626,O005628,C00027,P015,S13,2026-08-12 12:34:37,1,199.99,unopened,Ordered by mistake
R00878,OI008514,O005551,C01354,P003,S18,2026-08-12 18:45:45,1,129.99,opened,Did not fit the space
R00879,OI008617,O005622,C01450,P110,S22,2026-08-16 09:23:28,1,29.99,unopened,Ordered by mistake
R00880,OI008582,O005600,C00092,P103,S07,2026-08-16 20:05:56,1,19.99,defective,Stopped working
R00881,OI008677,O005662,C01261,P060,WEB,2026-08-17 09:20:22,1,139.99,unopened,Gift duplicate
R00882,OI008707,O005682,C00852,P104,S13,2026-08-18 19:16:23,1,59.99,opened,Found a better price
R00883,OI008638,O005636,C00886,P137,S07,2026-08-19 11:18:31,1,109.99,opened,Changed mind
R00884,OI008722,O005693,C01240,P103,S22,2026-08-20 14:16:45,3,59.97,opened,Not as described
R00885,OI008674,O005660,C00779,P111,WEB,2026-08-22 11:50:30,1,99.99,unopened,Gift duplicate
R00886,OI008719,O005691,C00590,P074,WEB,2026-08-22 17:32:41,1,19.99,opened,Found a better price
R00887,OI008804,O005752,C00879,P154,S08,2026-08-23 18:51:56,1,349.99,opened,Gift duplicate
R00888,OI008737,O005703,C01198,P001,S06,2026-08-23 20:57:42,1,49.99,opened,Gift duplicate
R00889,OI008606,O005614,C01302,P120,S21,2026-08-24 15:04:36,1,89.99,unopened,Gift duplicate
R00890,OI008625,O005628,C00027,P023,S13,2026-08-25 12:21:07,1,199.99,unopened,Delivery arrived late
R00891,OI008758,O005719,C00839,P081,S13,2026-08-25 12:32:43,1,58.99,unopened,Gift duplicate
R00892,OI008753,O005715,C01459,P112,S13,2026-08-25 20:50:19,1,39.99,opened,Found a better price
R00893,OI008793,O005742,C00222,P139,S16,2026-08-26 16:51:54,1,89.99,unopened,Delivery arrived late
R00894,OI008776,O005729,C00509,P004,S13,2026-08-26 17:33:28,1,129.99,defective,Quality below expectation
R00895,OI008901,O005819,C01473,P008,WEB,2026-08-28 11:02:55,1,79.99,defective,Quality below expectation
R00896,OI008493,O005539,C01130,P117,S01,2026-08-29 09:49:44,1,59.49,unopened,Ordered by mistake
R00897,OI008841,O005780,C00453,P012,S13,2026-08-30 10:07:54,1,43.99,opened,Gift duplicate
R00898,OI008741,O005707,C00069,P028,S15,2026-08-31 14:11:56,1,19.99,opened,Gift duplicate
R00899,OI008794,O005743,C00128,P143,S21,2026-08-31 16:16:07,1,49.99,opened,Not as described
R00900,OI008927,O005835,C01417,P072,WEB,2026-09-01 09:36:13,1,89.99,unopened,Ordered by mistake
R00901,OI008843,O005780,C00453,P010,S13,2026-09-01 14:17:38,1,89.99,opened,Not as described
R00902,OI008561,O005585,C00959,P159,S13,2026-09-01 15:57:48,1,55.99,opened,Not as described
R00903,OI008511,O005549,C00863,P143,S12,2026-09-01 20:03:12,1,49.99,opened,Gift duplicate
R00904,OI009017,O005902,C01399,P025,S05,2026-09-02 10:29:27,1,95.99,opened,Gift duplicate
R00905,OI008725,O005696,C01110,P140,S22,2026-09-03 09:42:40,1,39.99,opened,Did not fit the space
R00906,OI008834,O005775,C00052,P134,WEB,2026-09-03 09:44:36,1,34.99,opened,Found a better price
R00907,OI008751,O005713,C01212,P085,S06,2026-09-03 10:00:02,1,39.99,unopened,Gift duplicate
R00908,OI008939,O005843,C01008,P120,S22,2026-09-03 19:42:04,1,89.99,unopened,Changed mind
R00909,OI008982,O005874,C01482,P139,S21,2026-09-04 09:32:03,1,71.99,opened,Changed mind
R00910,OI008915,O005828,C01475,P134,S22,2026-09-04 14:14:44,1,34.99,unopened,Gift duplicate
R00911,OI009009,O005895,C01488,P122,WEB,2026-09-04 17:45:25,1,23.99,opened,Found a better price
R00912,OI008733,O005701,C01391,P009,S22,2026-09-04 17:56:49,1,299.99,defective,Missing parts
R00913,OI009016,O005901,C00184,P009,S20,2026-09-04 20:24:32,1,299.99,opened,Not as described
R00914,OI009002,O005888,C01084,P072,S08,2026-09-05 17:50:14,1,89.99,unopened,Delivery arrived late
R00915,OI009066,O005934,C01413,P002,WEB,2026-09-05 19:46:01,1,71.99,unopened,Delivery arrived late
R00916,OI008941,O005844,C01261,P015,WEB,2026-09-05 20:50:46,1,199.99,unopened,Delivery arrived late
R00917,OI009073,O005938,C00572,P141,S20,2026-09-05 20:51:53,1,99.99,unopened,Gift duplicate
R00918,OI008740,O005706,C00472,P072,WEB,2026-09-06 10:17:01,1,89.99,opened,Found a better price
R00919,OI009107,O005963,C00469,P016,WEB,2026-09-06 11:38:50,1,319.99,opened,Found a better price
R00920,OI008861,O005790,C00082,P065,S22,2026-09-06 18:35:33,2,79.98,unopened,Gift duplicate
R00921,OI009132,O005977,C00098,P140,S06,2026-09-07 15:16:08,1,39.99,opened,Found a better price
R00922,OI008745,O005709,C00120,P081,S21,2026-09-08 13:49:14,1,58.99,unopened,Changed mind
R00923,OI008765,O005722,C01365,P092,S22,2026-09-08 15:33:36,1,69.99,unopened,Changed mind
R00924,OI008670,O005658,C00016,P019,WEB,2026-09-08 18:09:30,1,299.99,opened,Changed mind
R00925,OI008823,O005768,C00610,P115,S16,2026-09-08 18:46:17,1,49.99,opened,Not as described
R00926,OI009010,O005896,C00188,P009,S13,2026-09-09 09:23:49,1,239.99,opened,Did not fit the space
R00927,OI009164,O005999,C00221,P115,S06,2026-09-10 17:39:53,1,39.99,unopened,Changed mind
R00928,OI009120,O005970,C01162,P087,S16,2026-09-12 18:21:26,1,279.99,defective,Quality below expectation
R00929,OI009223,O006037,C01338,P120,S13,2026-09-13 13:18:34,1,89.99,defective,Missing parts
R00930,OI009029,O005909,C00642,P155,S09,2026-09-13 19:52:22,1,63.99,unopened,Changed mind
R00931,OI009121,O005970,C01162,P081,S16,2026-09-14 10:33:04,1,47.19,unopened,Changed mind
R00932,OI009176,O006008,C00975,P130,S13,2026-09-14 11:46:34,1,24.99,unopened,Gift duplicate
R00933,OI009256,O006058,C00699,P057,S21,2026-09-14 17:34:29,1,149.99,opened,Not as described
R00934,OI009169,O006003,C00903,P147,WEB,2026-09-16 09:33:12,1,43.99,opened,Did not fit the space
R00935,OI008822,O005767,C00798,P155,WEB,2026-09-16 19:55:01,1,79.99,unopened,Changed mind
R00936,OI009296,O006082,C00464,P122,S03,2026-09-17 16:02:11,1,29.99,unopened,Ordered by mistake
R00937,OI009261,O006061,C00779,P016,WEB,2026-09-17 20:53:52,1,399.99,defective,Arrived damaged
R00938,OI009253,O006056,C01020,P102,WEB,2026-09-18 10:03:19,1,169.99,opened,Found a better price
R00939,OI009257,O006058,C00699,P065,S21,2026-09-18 16:01:30,1,39.99,opened,Not as described
R00940,OI008955,O005852,C00252,P155,S05,2026-09-18 19:00:48,1,79.99,opened,Found a better price
R00941,OI009171,O006005,C01006,P128,WEB,2026-09-18 20:54:30,1,47.99,unopened,Delivery arrived late
R00942,OI009199,O006022,C00585,P101,S06,2026-09-19 15:29:36,1,49.99,opened,Did not fit the space
R00943,OI008916,O005828,C01475,P016,S22,2026-09-19 18:12:01,1,399.99,defective,Arrived damaged
R00944,OI009204,O006024,C01185,P141,S11,2026-09-19 20:46:47,1,99.99,unopened,Changed mind
R00945,OI009250,O006054,C00733,P002,S07,2026-09-20 10:54:11,1,89.99,opened,Not as described
R00946,OI009281,O006073,C00970,P067,WEB,2026-09-20 16:19:20,1,149.99,opened,Gift duplicate
R00947,OI009288,O006078,C00234,P076,S22,2026-09-20 20:12:37,1,49.99,opened,Not as described
R00948,OI009303,O006085,C01070,P084,S14,2026-09-20 20:49:12,1,14.99,defective,Missing parts
R00949,OI009214,O006029,C00407,P015,S13,2026-09-21 09:44:06,1,199.99,unopened,Ordered by mistake
R00950,OI009262,O006061,C00779,P103,WEB,2026-09-21 12:52:07,1,19.99,opened,Did not fit the space
R00951,OI009316,O006092,C00033,P009,WEB,2026-09-21 13:14:02,1,299.99,opened,Not as described
R00952,OI009304,O006085,C01070,P052,S14,2026-09-21 16:09:26,1,229.99,opened,Found a better price
R00953,OI009224,O006037,C01338,P023,S13,2026-09-21 18:31:23,1,199.99,defective,Missing parts
R00954,OI009318,O006094,C01020,P052,WEB,2026-09-21 18:52:52,1,229.99,opened,Found a better price
R00955,OI009064,O005932,C01317,P104,S02,2026-09-22 11:09:55,1,59.99,unopened,Ordered by mistake
R00956,OI009322,O006098,C01289,P136,S20,2026-09-22 11:14:33,1,44.99,opened,Did not fit the space
R00957,OI009290,O006080,C01449,P103,S11,2026-09-23 13:13:02,1,19.99,unopened,Changed mind
R00958,OI009228,O006039,C00008,P041,WEB,2026-09-23 20:42:28,1,449.99,defective,Arrived damaged
R00959,OI009092,O005950,C00879,P064,WEB,2026-09-24 15:03:46,1,59.99,unopened,Gift duplicate
R00960,OI009060,O005929,C01288,P059,S22,2026-09-26 13:19:09,1,147.19,unopened,Delivery arrived late
R00961,OI009432,O006172,C00152,P146,WEB,2026-09-27 18:15:59,1,24.99,opened,Did not fit the space
R00962,OI009414,O006158,C01215,P014,S11,2026-09-27 20:59:13,1,449.99,opened,Changed mind
R00963,OI009194,O006019,C00742,P117,S15,2026-09-28 13:49:36,1,69.99,opened,Did not fit the space
R00964,OI009227,O006038,C00055,P091,WEB,2026-09-28 14:09:03,1,19.99,opened,Changed mind
R00965,OI009368,O006129,C01364,P015,WEB,2026-09-29 18:03:37,1,199.99,opened,Changed mind
R00966,OI009295,O006082,C00464,P127,S03,2026-09-29 19:37:25,1,49.99,defective,Arrived damaged
R00967,OI009490,O006208,C00492,P065,S01,2026-09-30 09:50:54,1,39.99,opened,Did not fit the space
