dispute_id,account_id,customer_id,dispute_date,amount,reason,channel,status
D00001,A001397,C00814,2025-04-03,293.46,duplicate_charge,credit_card,customer_credited
D00002,A000498,C00332,2025-04-07,112.49,service_not_received,debit_card,customer_credited
D00003,A000082,C00064,2025-04-08,74.64,unauthorized_transaction,debit_card,customer_credited
D00004,A000265,C00097,2025-04-08,60.62,unauthorized_transaction,credit_card,customer_credited
D00005,A000261,C00190,2025-04-10,138.09,unauthorized_transaction,debit_card,customer_credited
D00006,A000191,C00035,2025-04-15,74.37,duplicate_charge,credit_card,denied
D00007,A001542,C00941,2025-04-23,177.16,duplicate_charge,debit_card,denied
D00008,A000440,C00299,2025-04-26,46.54,service_not_received,debit_card,customer_credited
D00009,A001517,C00929,2025-04-26,130.73,service_not_received,debit_card,customer_credited
D00010,A000261,C00190,2025-04-29,128.66,merchant_dispute,debit_card,customer_credited
D00011,A001489,C00914,2025-05-01,37.14,unauthorized_transaction,debit_card,customer_credited
D00012,A000951,C00582,2025-05-04,199.04,duplicate_charge,credit_card,customer_credited
D00013,A001394,C00821,2025-05-05,19.5,unauthorized_transaction,credit_card,denied
D00014,A000134,C00100,2025-05-06,118.68,duplicate_charge,debit_card,customer_credited
D00015,A000871,C00571,2025-05-07,86.47,service_not_received,debit_card,denied
D00016,A001256,C00780,2025-05-07,183.15,merchant_dispute,debit_card,denied
D00017,A000035,C00028,2025-05-08,176.97,merchant_dispute,credit_card,denied
D00018,A000397,C00271,2025-05-09,239.65,unauthorized_transaction,debit_card,customer_credited
D00019,A000265,C00097,2025-05-12,59.44,service_not_received,credit_card,denied
D00020,A000635,C00424,2025-05-12,62.61,unauthorized_transaction,debit_card,customer_credited
D00021,A000817,C00268,2025-05-13,56.08,duplicate_charge,credit_card,customer_credited
D00022,A000167,C00124,2025-05-14,44.58,merchant_dispute,debit_card,denied
D00023,A001489,C00914,2025-05-14,8.0,unauthorized_transaction,debit_card,denied
D00024,A000650,C00358,2025-05-15,70.07,unauthorized_transaction,credit_card,customer_credited
D00025,A000753,C00497,2025-05-15,175.33,merchant_dispute,debit_card,customer_credited
D00026,A000088,C00022,2025-05-16,119.75,service_not_received,credit_card,customer_credited
D00027,A000287,C00202,2025-05-18,39.86,unauthorized_transaction,debit_card,customer_credited
D00028,A000834,C00545,2025-05-18,52.6,service_not_received,debit_card,customer_credited
D00029,A000045,C00038,2025-05-19,39.24,duplicate_charge,debit_card,customer_credited
D00030,A000726,C00441,2025-05-20,68.56,service_not_received,credit_card,denied
D00031,A000779,C00446,2025-05-22,39.83,service_not_received,credit_card,denied
D00032,A000085,C00066,2025-05-23,362.12,duplicate_charge,debit_card,customer_credited
D00033,A000628,C00422,2025-05-24,49.17,merchant_dispute,debit_card,customer_credited
D00034,A001032,C00655,2025-05-25,100.99,unauthorized_transaction,debit_card,customer_credited
D00035,A000759,C00457,2025-05-26,161.57,incorrect_amount,credit_card,customer_credited
D00036,A000802,C00522,2025-05-28,146.27,merchant_dispute,debit_card,denied
D00037,A000405,C00278,2025-05-29,32.3,unauthorized_transaction,debit_card,customer_credited
D00038,A001084,C00684,2025-05-31,54.94,incorrect_amount,debit_card,denied
D00039,A000792,C00270,2025-06-04,49.39,unauthorized_transaction,credit_card,customer_credited
D00040,A000407,C00282,2025-06-06,260.72,unauthorized_transaction,debit_card,customer_credited
D00041,A001417,C00049,2025-06-07,16.65,service_not_received,credit_card,customer_credited
D00042,A001082,C00687,2025-06-09,38.37,merchant_dispute,debit_card,denied
D00043,A001537,C00940,2025-06-10,416.44,unauthorized_transaction,debit_card,customer_credited
D00044,A000074,C00059,2025-06-11,46.91,merchant_dispute,debit_card,denied
D00045,A001388,C00861,2025-06-14,227.78,unauthorized_transaction,debit_card,customer_credited
D00046,A001634,C00985,2025-06-15,87.73,incorrect_amount,debit_card,denied
D00047,A001298,C00779,2025-06-17,336.89,unauthorized_transaction,credit_card,customer_credited
D00048,A001196,C00745,2025-06-18,85.8,merchant_dispute,debit_card,customer_credited
D00049,A000291,C00199,2025-06-20,206.04,unauthorized_transaction,credit_card,denied
D00050,A000878,C00576,2025-06-22,30.53,unauthorized_transaction,debit_card,denied
D00051,A001014,C00625,2025-06-22,158.09,unauthorized_transaction,credit_card,customer_credited
D00052,A000424,C00290,2025-06-25,213.49,unauthorized_transaction,debit_card,denied
D00053,A000784,C00511,2025-06-27,33.47,unauthorized_transaction,debit_card,customer_credited
D00054,A000281,C00071,2025-07-04,106.25,merchant_dispute,credit_card,customer_credited
D00055,A000134,C00100,2025-07-08,54.71,merchant_dispute,debit_card,denied
D00056,A001374,C00853,2025-07-08,26.12,merchant_dispute,debit_card,customer_credited
D00057,A001176,C00734,2025-07-10,32.43,unauthorized_transaction,debit_card,denied
D00058,A001175,C00737,2025-07-11,129.01,service_not_received,debit_card,customer_credited
D00059,A001356,C00838,2025-07-12,28.15,merchant_dispute,debit_card,customer_credited
D00060,A000514,C00346,2025-07-13,77.71,duplicate_charge,debit_card,customer_credited
D00061,A000097,C00077,2025-07-14,175.44,unauthorized_transaction,debit_card,customer_credited
D00062,A000979,C00624,2025-07-14,552.0,unauthorized_transaction,debit_card,customer_credited
D00063,A000501,C00333,2025-07-16,245.59,service_not_received,debit_card,customer_credited
D00064,A000657,C00438,2025-07-16,182.55,service_not_received,debit_card,denied
D00065,A000413,C00285,2025-07-17,366.14,merchant_dispute,debit_card,customer_credited
D00066,A000934,C00602,2025-07-21,33.76,incorrect_amount,debit_card,customer_credited
D00067,A000723,C00476,2025-07-22,101.4,incorrect_amount,debit_card,customer_credited
D00068,A000880,C00522,2025-07-23,147.88,unauthorized_transaction,credit_card,customer_credited
D00069,A000009,C00009,2025-07-24,272.18,incorrect_amount,debit_card,customer_credited
D00070,A001238,C00708,2025-07-25,106.9,service_not_received,credit_card,denied
D00071,A001203,C00579,2025-07-28,63.15,duplicate_charge,credit_card,customer_credited
D00072,A000234,C00166,2025-07-31,29.27,service_not_received,debit_card,denied
D00073,A000684,C00427,2025-08-01,15.36,duplicate_charge,credit_card,denied
D00074,A001205,C00722,2025-08-02,48.66,merchant_dispute,credit_card,denied
D00075,A000549,C00138,2025-08-03,28.28,duplicate_charge,credit_card,customer_credited
D00076,A001073,C00622,2025-08-05,202.2,unauthorized_transaction,credit_card,customer_credited
D00077,A001209,C00751,2025-08-09,113.29,service_not_received,debit_card,customer_credited
D00078,A001644,C00068,2025-08-14,8.0,unauthorized_transaction,credit_card,denied
D00079,A000181,C00132,2025-08-15,119.24,merchant_dispute,debit_card,customer_credited
D00080,A001631,C00983,2025-08-16,445.73,service_not_received,debit_card,customer_credited
D00081,A000744,C00492,2025-08-17,304.4,unauthorized_transaction,debit_card,customer_credited
D00082,A001172,C00736,2025-08-17,160.68,service_not_received,debit_card,denied
D00083,A000912,C00592,2025-08-18,205.02,merchant_dispute,debit_card,customer_credited
D00084,A001005,C00307,2025-08-18,102.59,service_not_received,credit_card,customer_credited
D00085,A000886,C00394,2025-08-19,202.91,unauthorized_transaction,credit_card,denied
D00086,A001356,C00838,2025-08-19,80.62,service_not_received,debit_card,customer_credited
D00087,A001191,C00743,2025-08-21,245.87,duplicate_charge,debit_card,customer_credited
D00088,A001378,C00854,2025-08-22,224.29,duplicate_charge,debit_card,denied
D00089,A000124,C00096,2025-08-30,33.31,merchant_dispute,debit_card,customer_credited
D00090,A000531,C00358,2025-09-01,423.83,merchant_dispute,debit_card,customer_credited
D00091,A000833,C00548,2025-09-05,246.98,merchant_dispute,debit_card,customer_credited
D00092,A001033,C00656,2025-09-07,48.07,merchant_dispute,debit_card,customer_credited
D00093,A000478,C00322,2025-09-08,264.97,service_not_received,debit_card,customer_credited
D00094,A000178,C00131,2025-09-09,379.2,unauthorized_transaction,debit_card,customer_credited
D00095,A000085,C00066,2025-09-11,70.73,unauthorized_transaction,debit_card,denied
D00096,A000761,C00499,2025-09-12,161.65,merchant_dispute,debit_card,denied
D00097,A000934,C00602,2025-09-14,133.89,merchant_dispute,debit_card,customer_credited
D00098,A001526,C00935,2025-09-14,33.97,service_not_received,debit_card,denied
D00099,A001378,C00854,2025-09-16,41.35,incorrect_amount,debit_card,denied
D00100,A001403,C00868,2025-09-18,28.96,incorrect_amount,debit_card,customer_credited
D00101,A001137,C00715,2025-09-19,64.15,service_not_received,debit_card,customer_credited
D00102,A001624,C00980,2025-09-19,84.79,merchant_dispute,debit_card,customer_credited
D00103,A001372,C00851,2025-09-22,391.79,incorrect_amount,debit_card,denied
D00104,A001508,C00927,2025-09-25,48.66,incorrect_amount,debit_card,denied
D00105,A000295,C00208,2025-09-26,154.6,incorrect_amount,debit_card,customer_credited
D00106,A001574,C00873,2025-09-26,96.68,duplicate_charge,credit_card,customer_credited
D00107,A000400,C00274,2025-09-27,33.03,unauthorized_transaction,debit_card,denied
D00108,A000854,C00299,2025-09-27,121.9,duplicate_charge,credit_card,denied
D00109,A000120,C00093,2025-09-28,212.27,service_not_received,debit_card,customer_credited
D00110,A001479,C00863,2025-09-30,100.31,unauthorized_transaction,credit_card,denied
D00111,A000382,C00221,2025-10-01,309.64,duplicate_charge,credit_card,customer_credited
D00112,A001443,C00855,2025-10-01,86.77,duplicate_charge,credit_card,customer_credited
D00113,A000944,C00487,2025-10-08,16.34,unauthorized_transaction,credit_card,denied
D00114,A000976,C00589,2025-10-08,24.01,unauthorized_transaction,credit_card,denied
D00115,A001045,C00663,2025-10-09,22.21,unauthorized_transaction,debit_card,denied
D00116,A000773,C00505,2025-10-11,862.45,merchant_dispute,debit_card,denied
D00117,A001603,C00576,2025-10-11,208.38,unauthorized_transaction,credit_card,customer_credited
D00118,A001530,C00937,2025-10-12,40.87,unauthorized_transaction,debit_card,customer_credited
D00119,A000334,C00134,2025-10-14,172.71,duplicate_charge,credit_card,customer_credited
D00120,A000749,C00493,2025-10-15,12.49,incorrect_amount,debit_card,customer_credited
D00121,A001365,C00845,2025-10-16,143.73,service_not_received,debit_card,customer_credited
D00122,A000791,C00515,2025-10-17,286.25,incorrect_amount,debit_card,customer_credited
D00123,A001040,C00660,2025-10-18,242.49,incorrect_amount,debit_card,denied
D00124,A000999,C00638,2025-10-24,58.61,duplicate_charge,debit_card,customer_credited
D00125,A000900,C00582,2025-10-25,53.54,unauthorized_transaction,debit_card,denied
D00126,A000912,C00592,2025-10-25,75.24,service_not_received,debit_card,denied
D00127,A000288,C00204,2025-10-30,370.03,incorrect_amount,debit_card,denied
D00128,A000527,C00246,2025-10-30,253.52,merchant_dispute,credit_card,customer_credited
D00129,A000857,C00562,2025-11-02,64.45,merchant_dispute,debit_card,customer_credited
D00130,A001203,C00579,2025-11-04,42.73,merchant_dispute,credit_card,customer_credited
D00131,A000903,C00149,2025-11-07,226.48,unauthorized_transaction,credit_card,customer_credited
D00132,A001371,C00850,2025-11-07,65.18,service_not_received,debit_card,denied
D00133,A000581,C00384,2025-11-11,38.2,merchant_dispute,credit_card,customer_credited
D00134,A000741,C00352,2025-11-12,165.57,merchant_dispute,credit_card,denied
D00135,A001673,C01007,2025-11-12,30.46,duplicate_charge,debit_card,denied
D00136,A001107,C00698,2025-11-13,194.87,incorrect_amount,debit_card,customer_credited
D00137,A001652,C00994,2025-11-14,125.98,incorrect_amount,credit_card,denied
D00138,A000823,C00534,2025-11-17,345.32,unauthorized_transaction,debit_card,denied
D00139,A000591,C00402,2025-11-18,44.4,service_not_received,debit_card,customer_credited
D00140,A000740,C00490,2025-11-19,169.37,service_not_received,debit_card,denied
D00141,A001608,C00649,2025-11-20,123.48,merchant_dispute,credit_card,denied
D00142,A000228,C00163,2025-11-23,427.86,incorrect_amount,debit_card,customer_credited
D00143,A000854,C00299,2025-12-05,35.57,merchant_dispute,credit_card,customer_credited
D00144,A000990,C00081,2025-12-06,49.54,service_not_received,credit_card,denied
D00145,A001238,C00708,2025-12-06,89.05,merchant_dispute,credit_card,customer_credited
D00146,A001688,C01016,2025-12-07,39.85,unauthorized_transaction,debit_card,customer_credited
D00147,A001500,C00918,2025-12-08,26.22,merchant_dispute,debit_card,denied
D00148,A001526,C00935,2025-12-08,212.28,service_not_received,debit_card,customer_credited
D00149,A000400,C00274,2025-12-09,32.91,incorrect_amount,debit_card,customer_credited
D00150,A001342,C00827,2025-12-09,30.97,incorrect_amount,debit_card,denied
D00151,A000361,C00247,2025-12-10,75.78,incorrect_amount,debit_card,customer_credited
D00152,A000987,C00631,2025-12-18,42.67,unauthorized_transaction,debit_card,denied
D00153,A000239,C00168,2025-12-22,52.36,merchant_dispute,debit_card,customer_credited
D00154,A001008,C00642,2025-12-24,194.9,service_not_received,debit_card,customer_credited
D00155,A000626,C00254,2025-12-26,81.78,incorrect_amount,credit_card,customer_credited
D00156,A000791,C00515,2025-12-27,247.75,merchant_dispute,debit_card,denied
D00157,A001230,C00766,2025-12-27,58.63,merchant_dispute,debit_card,denied
D00158,A001559,C00951,2025-12-28,362.44,unauthorized_transaction,debit_card,customer_credited
D00159,A000235,C00073,2025-12-31,192.68,merchant_dispute,credit_card,customer_credited
D00160,A000475,C00318,2025-12-31,93.86,merchant_dispute,debit_card,customer_credited
D00161,A000589,C00305,2026-01-01,100.5,unauthorized_transaction,credit_card,customer_credited
D00162,A001375,C00849,2026-01-01,124.85,unauthorized_transaction,debit_card,denied
D00163,A001487,C00913,2026-01-02,65.32,service_not_received,debit_card,customer_credited
D00164,A001432,C00885,2026-01-04,75.68,merchant_dispute,debit_card,denied
D00165,A000754,C00473,2026-01-06,32.46,duplicate_charge,credit_card,customer_credited
D00166,A000772,C00353,2026-01-06,147.31,duplicate_charge,credit_card,customer_credited
D00167,A000469,C00315,2026-01-07,45.25,incorrect_amount,debit_card,customer_credited
D00168,A001238,C00708,2026-01-07,97.89,duplicate_charge,credit_card,customer_credited
D00169,A001631,C00983,2026-01-08,55.6,merchant_dispute,debit_card,customer_credited
D00170,A000062,C00005,2026-01-09,15.28,unauthorized_transaction,credit_card,denied
D00171,A000646,C00414,2026-01-09,261.5,duplicate_charge,credit_card,denied
D00172,A001227,C00763,2026-01-09,305.45,merchant_dispute,debit_card,denied
D00173,A000951,C00582,2026-01-12,80.54,unauthorized_transaction,credit_card,customer_credited
D00174,A000113,C00039,2026-01-14,100.63,unauthorized_transaction,credit_card,customer_credited
D00175,A000854,C00299,2026-01-18,202.87,unauthorized_transaction,credit_card,customer_credited
D00176,A001294,C00799,2026-01-19,183.25,unauthorized_transaction,debit_card,customer_credited
D00177,A000054,C00044,2026-01-24,132.83,merchant_dispute,debit_card,customer_credited
D00178,A001001,C00486,2026-01-25,69.67,duplicate_charge,credit_card,customer_credited
D00179,A001070,C00678,2026-01-25,58.02,duplicate_charge,debit_card,denied
D00180,A000393,C00268,2026-01-27,246.76,incorrect_amount,debit_card,customer_credited
D00181,A001451,C00897,2026-01-31,168.7,unauthorized_transaction,debit_card,denied
D00182,A000366,C00252,2026-02-04,43.48,unauthorized_transaction,debit_card,customer_credited
D00183,A001294,C00799,2026-02-04,40.36,incorrect_amount,debit_card,customer_credited
D00184,A000802,C00522,2026-02-05,557.99,merchant_dispute,debit_card,customer_credited
D00185,A000367,C00160,2026-02-07,36.23,service_not_received,credit_card,customer_credited
D00186,A001596,C00846,2026-02-09,144.71,incorrect_amount,credit_card,customer_credited
D00187,A001507,C00924,2026-02-11,92.33,unauthorized_transaction,debit_card,customer_credited
D00188,A001556,C00948,2026-02-11,300.29,merchant_dispute,debit_card,customer_credited
D00189,A000078,C00062,2026-02-13,33.55,service_not_received,debit_card,customer_credited
D00190,A001016,C00646,2026-02-13,62.72,duplicate_charge,debit_card,denied
D00191,A001060,C00640,2026-02-15,71.8,merchant_dispute,credit_card,customer_credited
D00192,A000103,C00082,2026-02-18,78.7,merchant_dispute,debit_card,denied
D00193,A000944,C00487,2026-02-18,38.53,merchant_dispute,credit_card,denied
D00194,A001311,C00805,2026-02-20,239.77,merchant_dispute,debit_card,denied
D00195,A001374,C00853,2026-02-20,102.31,service_not_received,debit_card,denied
D00196,A000284,C00179,2026-02-22,41.62,unauthorized_transaction,credit_card,denied
D00197,A000592,C00378,2026-02-23,39.53,unauthorized_transaction,credit_card,customer_credited
D00198,A000934,C00602,2026-02-25,259.79,unauthorized_transaction,debit_card,customer_credited
D00199,A001148,C00721,2026-02-25,140.61,unauthorized_transaction,debit_card,customer_credited
D00200,A000521,C00352,2026-02-26,38.73,unauthorized_transaction,debit_card,customer_credited
D00201,A001172,C00736,2026-02-26,8.0,incorrect_amount,debit_card,customer_credited
D00202,A000081,C00063,2026-02-27,217.72,duplicate_charge,debit_card,denied
D00203,A001350,C00833,2026-02-27,59.46,unauthorized_transaction,debit_card,denied
D00204,A000549,C00138,2026-02-28,232.25,unauthorized_transaction,credit_card,denied
D00205,A000610,C00415,2026-03-01,35.05,duplicate_charge,debit_card,customer_credited
D00206,A000754,C00473,2026-03-01,28.7,unauthorized_transaction,credit_card,customer_credited
D00207,A001139,C00684,2026-03-03,97.93,duplicate_charge,credit_card,customer_credited
D00208,A001139,C00684,2026-03-04,42.97,service_not_received,credit_card,customer_credited
D00209,A001482,C00902,2026-03-04,386.03,unauthorized_transaction,credit_card,denied
D00210,A001555,C00745,2026-03-04,85.08,merchant_dispute,credit_card,customer_credited
D00211,A001644,C00068,2026-03-05,67.74,duplicate_charge,credit_card,denied
D00212,A001725,C00929,2026-03-06,45.3,merchant_dispute,credit_card,customer_credited
D00213,A000948,C00527,2026-03-08,35.13,merchant_dispute,credit_card,denied
D00214,A001472,C00907,2026-03-09,23.75,unauthorized_transaction,debit_card,customer_credited
D00215,A000400,C00274,2026-03-11,99.74,duplicate_charge,debit_card,customer_credited
D00216,A001006,C00644,2026-03-11,220.99,unauthorized_transaction,debit_card,denied
D00217,A001489,C00914,2026-03-11,261.44,merchant_dispute,debit_card,denied
D00218,A001238,C00708,2026-03-13,111.95,duplicate_charge,credit_card,denied
D00219,A000574,C00388,2026-03-16,107.47,service_not_received,debit_card,customer_credited
D00220,A001556,C00948,2026-03-17,61.2,incorrect_amount,debit_card,customer_credited
D00221,A000994,C00634,2026-03-18,30.45,unauthorized_transaction,debit_card,denied
D00222,A000990,C00081,2026-03-19,75.14,unauthorized_transaction,credit_card,denied
D00223,A001025,C00650,2026-03-19,412.66,unauthorized_transaction,debit_card,customer_credited
D00224,A000055,C00045,2026-03-20,492.89,service_not_received,debit_card,customer_credited
D00225,A000287,C00202,2026-03-20,30.24,merchant_dispute,debit_card,customer_credited
D00226,A000548,C00372,2026-03-23,209.88,service_not_received,debit_card,customer_credited
D00227,A001116,C00703,2026-03-25,425.65,incorrect_amount,debit_card,denied
D00228,A001350,C00833,2026-03-28,94.93,incorrect_amount,debit_card,customer_credited
D00229,A001600,C00971,2026-03-30,200.04,duplicate_charge,debit_card,denied
D00230,A000578,C00395,2026-04-03,49.37,duplicate_charge,debit_card,customer_credited
D00231,A000960,C00614,2026-04-03,125.74,merchant_dispute,debit_card,customer_credited
D00232,A000509,C00340,2026-04-06,27.13,service_not_received,debit_card,customer_credited
D00233,A000145,C00110,2026-04-07,68.5,merchant_dispute,debit_card,denied
D00234,A000177,C00130,2026-04-07,19.23,merchant_dispute,debit_card,customer_credited
D00235,A000328,C00141,2026-04-07,74.27,merchant_dispute,credit_card,customer_credited
D00236,A000550,C00373,2026-04-08,250.36,unauthorized_transaction,debit_card,denied
D00237,A000997,C00636,2026-04-09,121.25,unauthorized_transaction,debit_card,customer_credited
D00238,A001572,C00957,2026-04-09,49.81,service_not_received,debit_card,customer_credited
D00239,A000191,C00035,2026-04-10,29.93,merchant_dispute,credit_card,denied
D00240,A001531,C00892,2026-04-10,306.51,unauthorized_transaction,credit_card,customer_credited
D00241,A000518,C00351,2026-04-11,175.46,unauthorized_transaction,debit_card,customer_credited
D00242,A000650,C00358,2026-04-11,243.17,merchant_dispute,credit_card,denied
D00243,A001555,C00745,2026-04-13,285.19,merchant_dispute,credit_card,customer_credited
D00244,A001600,C00971,2026-04-14,180.01,duplicate_charge,debit_card,customer_credited
D00245,A001709,C01029,2026-04-14,81.73,unauthorized_transaction,debit_card,customer_credited
D00246,A001556,C00948,2026-04-15,135.75,unauthorized_transaction,debit_card,customer_credited
D00247,A000778,C00364,2026-04-16,86.81,unauthorized_transaction,credit_card,denied
D00248,A000361,C00247,2026-04-18,143.72,unauthorized_transaction,debit_card,customer_credited
D00249,A000199,C00038,2026-04-21,182.7,duplicate_charge,credit_card,denied
D00250,A001054,C00667,2026-04-25,75.68,merchant_dispute,debit_card,customer_credited
D00251,A001273,C00788,2026-04-27,72.99,unauthorized_transaction,debit_card,customer_credited
D00252,A000580,C00389,2026-04-29,211.99,unauthorized_transaction,credit_card,customer_credited
D00253,A001565,C00952,2026-05-01,23.23,merchant_dispute,debit_card,customer_credited
D00254,A001286,C00795,2026-05-06,58.88,service_not_received,debit_card,customer_credited
D00255,A001656,C01001,2026-05-06,89.49,unauthorized_transaction,debit_card,denied
D00256,A000513,C00316,2026-05-07,274.69,service_not_received,credit_card,customer_credited
D00257,A000334,C00134,2026-05-10,79.95,unauthorized_transaction,credit_card,customer_credited
D00258,A001014,C00625,2026-05-10,29.89,unauthorized_transaction,credit_card,denied
D00259,A001394,C00821,2026-05-10,24.28,unauthorized_transaction,credit_card,denied
D00260,A001262,C00319,2026-05-12,173.02,duplicate_charge,credit_card,customer_credited
D00261,A001193,C00485,2026-05-14,122.58,duplicate_charge,credit_card,denied
D00262,A001164,C00729,2026-05-15,71.43,unauthorized_transaction,debit_card,customer_credited
D00263,A000938,C00476,2026-05-20,49.12,duplicate_charge,credit_card,denied
D00264,A001074,C00680,2026-05-20,89.74,merchant_dispute,debit_card,customer_credited
D00265,A000413,C00285,2026-05-22,17.68,duplicate_charge,debit_card,denied
D00266,A000979,C00624,2026-05-22,50.6,service_not_received,debit_card,denied
D00267,A000296,C00209,2026-05-23,45.72,unauthorized_transaction,debit_card,customer_credited
D00268,A000291,C00199,2026-05-24,28.54,service_not_received,credit_card,customer_credited
D00269,A000560,C00378,2026-05-28,147.32,duplicate_charge,debit_card,customer_credited
D00270,A000846,C00559,2026-05-28,244.04,unauthorized_transaction,debit_card,customer_credited
D00271,A001642,C00992,2026-05-30,36.66,unauthorized_transaction,debit_card,denied
D00272,A001752,C01055,2026-05-31,285.02,service_not_received,debit_card,customer_credited
D00273,A000889,C00579,2026-06-01,863.56,duplicate_charge,debit_card,customer_credited
D00274,A000618,C00420,2026-06-04,113.69,merchant_dispute,debit_card,customer_credited
D00275,A000655,C00437,2026-06-04,377.47,unauthorized_transaction,debit_card,customer_credited
D00276,A001311,C00805,2026-06-04,65.7,unauthorized_transaction,debit_card,customer_credited
D00277,A000541,C00363,2026-06-05,42.3,incorrect_amount,debit_card,customer_credited
D00278,A000178,C00131,2026-06-06,61.63,service_not_received,debit_card,customer_credited
D00279,A000648,C00346,2026-06-10,37.69,merchant_dispute,credit_card,denied
D00280,A000113,C00039,2026-06-11,20.49,incorrect_amount,credit_card,customer_credited
D00281,A000354,C00228,2026-06-11,75.28,unauthorized_transaction,credit_card,customer_credited
D00282,A000987,C00631,2026-06-11,97.6,unauthorized_transaction,debit_card,customer_credited
D00283,A000602,C00408,2026-06-12,58.15,merchant_dispute,debit_card,customer_credited
D00284,A001371,C00850,2026-06-17,58.56,incorrect_amount,debit_card,customer_credited
D00285,A001527,C00934,2026-06-17,181.94,unauthorized_transaction,debit_card,customer_credited
D00286,A001350,C00833,2026-06-21,73.91,merchant_dispute,debit_card,denied
D00287,A000357,C00243,2026-06-22,30.82,unauthorized_transaction,debit_card,customer_credited
D00288,A001082,C00687,2026-06-23,145.96,unauthorized_transaction,debit_card,denied
D00289,A001605,C00818,2026-06-23,214.3,unauthorized_transaction,credit_card,customer_credited
D00290,A000740,C00490,2026-06-24,182.12,merchant_dispute,debit_card,customer_credited
D00291,A001070,C00678,2026-06-26,74.38,service_not_received,debit_card,customer_credited
D00292,A001108,C00691,2026-06-26,84.24,incorrect_amount,credit_card,customer_credited
D00293,A001694,C00982,2026-07-02,54.76,service_not_received,credit_card,customer_credited
D00294,A001247,C00774,2026-07-03,700.07,unauthorized_transaction,debit_card,customer_credited
D00295,A000545,C00367,2026-07-05,354.91,unauthorized_transaction,debit_card,customer_credited
D00296,A001098,C00694,2026-07-05,179.53,unauthorized_transaction,debit_card,customer_credited
D00297,A001230,C00766,2026-07-07,80.08,duplicate_charge,debit_card,customer_credited
D00298,A001139,C00684,2026-07-08,53.47,duplicate_charge,credit_card,denied
D00299,A001589,C00963,2026-07-08,19.15,merchant_dispute,debit_card,customer_credited
D00300,A001350,C00833,2026-07-12,305.1,duplicate_charge,debit_card,customer_credited
D00301,A000819,C00532,2026-07-15,34.39,merchant_dispute,debit_card,customer_credited
D00302,A000062,C00005,2026-07-18,160.01,unauthorized_transaction,credit_card,customer_credited
D00303,A000923,C00599,2026-07-18,127.17,unauthorized_transaction,debit_card,customer_credited
D00304,A000291,C00199,2026-07-20,35.79,merchant_dispute,credit_card,denied
D00305,A000829,C00543,2026-07-21,21.95,service_not_received,debit_card,customer_credited
D00306,A001394,C00821,2026-07-21,120.85,unauthorized_transaction,credit_card,denied
D00307,A000439,C00251,2026-07-22,106.65,duplicate_charge,credit_card,denied
D00308,A000912,C00592,2026-07-22,115.25,merchant_dispute,debit_card,denied
D00309,A000833,C00548,2026-07-23,28.73,merchant_dispute,debit_card,denied
D00310,A001490,C00700,2026-07-23,12.99,unauthorized_transaction,credit_card,customer_credited
D00311,A001401,C00866,2026-07-24,156.61,duplicate_charge,debit_card,denied
D00312,A000082,C00064,2026-07-27,507.25,unauthorized_transaction,debit_card,denied
D00313,A000354,C00228,2026-07-27,30.89,incorrect_amount,credit_card,denied
D00314,A000524,C00303,2026-07-27,41.06,incorrect_amount,credit_card,denied
D00315,A001761,C01059,2026-07-27,161.23,duplicate_charge,debit_card,denied
D00316,A000407,C00282,2026-07-28,44.94,duplicate_charge,debit_card,customer_credited
D00317,A001162,C00728,2026-07-28,33.0,duplicate_charge,debit_card,denied
D00318,A000046,C00039,2026-08-01,23.33,unauthorized_transaction,debit_card,denied
D00319,A000459,C00309,2026-08-01,84.49,service_not_received,debit_card,denied
D00320,A001416,C00874,2026-08-05,211.25,unauthorized_transaction,debit_card,denied
D00321,A000540,C00368,2026-08-06,22.18,merchant_dispute,debit_card,denied
D00322,A000917,C00594,2026-08-10,118.49,unauthorized_transaction,debit_card,customer_credited
D00323,A001116,C00703,2026-08-10,462.24,incorrect_amount,debit_card,denied
D00324,A001489,C00914,2026-08-10,45.84,merchant_dispute,debit_card,customer_credited
D00325,A001730,C00973,2026-08-11,15.85,merchant_dispute,credit_card,denied
D00326,A000925,C00600,2026-08-16,58.86,unauthorized_transaction,debit_card,denied
D00327,A001574,C00873,2026-08-16,197.63,incorrect_amount,credit_card,customer_credited
D00328,A000784,C00511,2026-08-17,247.98,merchant_dispute,debit_card,customer_credited
D00329,A000866,C00569,2026-08-18,27.18,service_not_received,debit_card,denied
D00330,A001449,C00896,2026-08-20,32.44,duplicate_charge,debit_card,customer_credited
D00331,A000202,C00144,2026-08-21,159.52,unauthorized_transaction,debit_card,customer_credited
D00332,A001350,C00833,2026-08-21,173.99,incorrect_amount,debit_card,customer_credited
D00333,A001240,C00769,2026-08-24,77.47,service_not_received,debit_card,customer_credited
D00334,A000859,C00290,2026-08-25,102.46,service_not_received,credit_card,denied
D00335,A000951,C00582,2026-08-25,19.54,duplicate_charge,credit_card,denied
D00336,A000976,C00589,2026-08-25,245.3,incorrect_amount,credit_card,customer_credited
D00337,A000622,C00390,2026-08-26,34.69,unauthorized_transaction,credit_card,denied
D00338,A001130,C00591,2026-08-26,198.91,duplicate_charge,credit_card,denied
D00339,A000757,C00308,2026-08-29,68.66,service_not_received,credit_card,denied
D00340,A000944,C00487,2026-08-29,216.95,incorrect_amount,credit_card,customer_credited
D00341,A001074,C00680,2026-09-03,66.29,service_not_received,debit_card,denied
D00342,A001205,C00722,2026-09-04,33.29,unauthorized_transaction,credit_card,customer_credited
D00343,A001306,C00636,2026-09-04,99.38,service_not_received,credit_card,customer_credited
D00344,A001587,C00965,2026-09-04,53.02,incorrect_amount,debit_card,customer_credited
D00345,A000404,C00276,2026-09-05,237.97,service_not_received,debit_card,denied
D00346,A000863,C00567,2026-09-05,94.53,incorrect_amount,debit_card,customer_credited
D00347,A000979,C00624,2026-09-06,104.72,incorrect_amount,debit_card,customer_credited
D00348,A001032,C00655,2026-09-09,285.83,duplicate_charge,debit_card,open
D00349,A000815,C00417,2026-09-11,26.72,merchant_dispute,credit_card,open
D00350,A000728,C00481,2026-09-16,64.9,unauthorized_transaction,debit_card,open
D00351,A000744,C00492,2026-09-16,49.81,merchant_dispute,debit_card,open
D00352,A001425,C00879,2026-09-17,108.28,unauthorized_transaction,debit_card,open
D00353,A000235,C00073,2026-09-18,93.47,merchant_dispute,credit_card,open
D00354,A000530,C00313,2026-09-19,88.83,unauthorized_transaction,credit_card,open
D00355,A000853,C00521,2026-09-20,218.94,merchant_dispute,credit_card,open
D00356,A001117,C00702,2026-09-20,20.96,unauthorized_transaction,debit_card,open
D00357,A001730,C00973,2026-09-21,32.42,merchant_dispute,credit_card,open
D00358,A001586,C00737,2026-09-25,214.17,unauthorized_transaction,credit_card,open
D00359,A000568,C00386,2026-09-26,285.94,merchant_dispute,debit_card,open
D00360,A000392,C00057,2026-09-30,35.58,unauthorized_transaction,credit_card,open
