loan_id,customer_id,branch_id,product,principal,interest_rate,term_months,monthly_payment,origination_date,maturity_date,credit_score_at_origination,credit_band,dti_at_origination,ltv_at_origination,status,closed_date
L00001,C00223,BR07,mortgage,180000,4.13,360,872.89,2013-02-19,2043-02-19,776,Very Good,0.42,0.83,active,
L00002,C00087,BR02,mortgage,169000,3.46,360,755.12,2013-05-13,2043-05-13,795,Exceptional,0.43,0.97,paid_off,2025-10-03
L00003,C00265,BR08,mortgage,300000,4.3,360,1484.61,2013-08-04,2043-08-04,751,Very Good,0.33,0.94,paid_off,2025-12-13
L00004,C00108,BR15,mortgage,750000,3.8,240,4466.2,2013-09-06,2033-09-06,729,Very Good,0.25,0.61,active,
L00005,C00100,BR15,mortgage,747000,4.34,360,3714.26,2013-09-09,2043-09-09,736,Very Good,0.42,0.71,active,
L00006,C00266,BR16,mortgage,214000,4.01,240,1297.93,2013-11-17,2033-11-17,771,Very Good,0.31,0.95,active,
L00007,C00194,BR03,mortgage,249000,3.95,360,1181.6,2014-01-27,2044-01-27,770,Very Good,0.4,0.85,active,
L00008,C00071,BR17,mortgage,217000,4.06,360,1043.51,2014-02-22,2044-02-22,705,Good,0.43,0.9,active,
L00009,C00128,BR02,mortgage,209000,4.14,360,1014.74,2014-03-27,2044-03-27,686,Good,0.36,0.9,active,
L00010,C00199,BR01,mortgage,90000,4.42,360,451.75,2014-05-10,2044-05-10,665,Fair,0.26,0.7,active,
L00011,C00109,BR09,mortgage,750000,4.24,360,3685.16,2014-08-02,2044-08-02,702,Good,0.43,0.56,active,
L00012,C00228,BR10,mortgage,468000,4.29,360,2313.25,2014-12-23,2044-12-23,850,Exceptional,0.34,0.78,active,
L00013,C00275,BR03,mortgage,195000,4.15,360,947.9,2015-08-19,2045-08-19,732,Very Good,0.36,0.74,active,
L00014,C00138,BR01,mortgage,737000,4.06,360,3544.09,2015-10-19,2045-10-19,771,Very Good,0.36,0.8,active,
L00015,C00361,BR08,mortgage,571000,3.99,360,2722.75,2016-02-13,2046-02-13,732,Very Good,0.4,0.95,active,
L00016,C00035,BR12,mortgage,434000,4.06,360,2087.02,2016-04-18,2046-04-18,721,Very Good,0.41,0.92,active,
L00017,C00084,BR11,mortgage,272000,4.63,360,1399.27,2016-06-16,2046-06-16,635,Fair,0.32,0.83,active,
L00018,C00224,BR03,mortgage,750000,4.02,180,5555.18,2016-07-14,2031-07-14,806,Exceptional,0.39,0.97,active,
L00019,C00245,BR05,mortgage,397000,5.23,360,2187.33,2016-08-06,2046-08-06,627,Fair,0.32,0.68,active,
L00020,C00249,BR02,mortgage,127000,3.9,360,599.02,2016-12-19,2046-12-19,800,Exceptional,0.44,0.9,active,
L00021,C00284,BR05,mortgage,232000,4.89,360,1229.88,2017-03-03,2047-03-03,687,Good,0.46,0.54,active,
L00022,C00034,BR05,mortgage,138000,4.26,180,1038.84,2017-07-31,2032-07-28,704,Good,0.27,0.9,active,
L00023,C00115,BR15,mortgage,335000,4.36,360,1669.64,2017-08-11,2047-08-11,726,Very Good,0.36,0.94,active,
L00024,C00350,BR01,mortgage,236000,4.5,360,1195.78,2017-12-08,2047-12-08,796,Exceptional,0.35,0.91,active,
L00025,C00282,BR01,mortgage,161000,5.09,360,873.16,2018-01-02,2048-01-02,670,Good,0.41,0.57,active,
L00026,C00121,BR02,mortgage,173000,4.98,180,1366.27,2018-01-18,2033-01-18,693,Good,0.4,0.81,active,
L00027,C00345,BR05,mortgage,279000,5.27,360,1544.11,2018-03-07,2048-03-07,713,Good,0.32,0.77,active,
L00028,C00476,BR15,mortgage,102000,5.98,180,859.63,2018-04-19,2033-04-19,562,Poor,0.24,0.65,active,
L00029,C00362,BR17,mortgage,750000,4.93,360,3994.14,2018-06-27,2048-06-27,771,Very Good,0.37,0.76,paid_off,2025-06-13
L00030,C00410,BR02,mortgage,172000,4.69,180,1332.55,2018-07-26,2033-07-26,710,Good,0.41,0.88,active,
L00031,C00082,BR11,mortgage,207000,5.43,360,1166.25,2018-08-09,2048-08-09,703,Good,0.36,0.82,active,
L00032,C00216,BR06,mortgage,259000,4.58,240,1649.77,2018-12-20,2038-12-20,802,Exceptional,0.42,0.83,active,
L00033,C00179,BR06,mortgage,99000,4.27,360,488.18,2019-02-16,2049-02-16,735,Very Good,0.43,0.86,active,
L00034,C00521,BR01,mortgage,300000,3.89,360,1413.29,2019-04-07,2049-04-07,787,Exceptional,0.31,0.97,active,
L00035,C00517,BR15,mortgage,537000,3.71,360,2474.76,2019-05-16,2049-05-16,802,Exceptional,0.32,0.89,active,
L00036,C00591,BR16,mortgage,738000,3.91,180,5425.67,2019-11-23,2034-11-23,729,Very Good,0.38,0.87,active,
L00037,C00377,BR05,mortgage,109000,4.41,240,684.3,2019-11-26,2039-11-26,774,Very Good,0.34,0.71,active,
L00038,C00434,BR01,mortgage,141000,4.13,180,1052.17,2020-02-13,2035-02-13,564,Poor,0.36,0.65,active,
L00039,C00415,BR06,mortgage,487000,3.38,360,2154.36,2020-04-25,2050-04-25,717,Good,0.41,0.78,active,
L00040,C00524,BR03,mortgage,257000,3.5,360,1154.04,2020-06-10,2050-06-10,718,Good,0.33,0.82,active,
L00041,C00414,BR06,mortgage,260000,4.0,360,1241.28,2020-07-23,2050-07-23,639,Fair,0.31,0.81,active,
L00042,C00440,BR16,mortgage,149000,3.9,360,702.79,2020-08-17,2050-08-17,627,Fair,0.3,0.72,active,
L00043,C00530,BR01,mortgage,244000,3.09,360,1040.6,2020-10-15,2050-10-15,720,Very Good,0.27,0.91,active,
L00044,C00468,BR06,mortgage,225000,3.41,360,999.08,2020-10-17,2050-10-17,778,Very Good,0.29,0.95,active,
L00045,C00099,BR10,mortgage,104000,3.26,240,590.41,2020-11-07,2040-11-07,798,Exceptional,0.4,0.83,active,
L00046,C00387,BR01,mortgage,669000,2.64,360,2692.31,2020-11-08,2050-11-08,829,Exceptional,0.47,0.96,active,
L00047,C00515,BR03,mortgage,361000,3.55,360,1631.14,2020-11-09,2050-11-09,693,Good,0.39,0.9,active,
L00048,C00263,BR16,mortgage,750000,2.85,360,3101.68,2021-03-02,2051-03-02,794,Exceptional,0.35,0.75,active,
L00049,C00349,BR05,mortgage,750000,2.7,360,3041.98,2021-03-22,2051-03-22,787,Exceptional,0.41,0.88,active,
L00050,C00554,BR01,mortgage,728000,2.94,180,5006.45,2021-04-08,2036-04-08,753,Very Good,0.38,0.68,active,
L00051,C00669,BR18,mortgage,456000,2.91,360,1900.45,2021-05-05,2051-05-05,729,Very Good,0.41,0.84,active,
L00052,C00125,BR13,mortgage,109000,2.99,360,458.96,2021-06-09,2051-06-09,756,Very Good,0.39,0.77,active,
L00053,C00299,BR10,mortgage,244000,3.01,360,1030.03,2021-07-06,2051-07-06,730,Very Good,0.34,0.84,active,
L00054,C00699,BR06,mortgage,204000,4.27,360,1005.95,2021-07-12,2051-07-12,668,Fair,0.26,0.72,active,
L00055,C00454,BR07,mortgage,112000,3.38,360,495.46,2021-07-17,2051-07-17,679,Good,0.36,0.87,paid_off,2026-08-26
L00056,C00242,BR01,mortgage,437000,3.19,360,1887.49,2021-08-09,2051-08-09,730,Very Good,0.39,0.78,active,
L00057,C00083,BR17,mortgage,128000,3.89,360,603.0,2021-08-30,2051-08-28,669,Fair,0.31,0.79,active,
L00058,C00704,BR17,auto,39100,9.89,60,828.64,2021-10-04,2026-10-04,664,Fair,0.34,0.89,active,
L00059,C00365,BR18,auto,33900,9.91,72,626.49,2021-10-06,2027-10-06,668,Fair,0.36,0.81,active,
L00060,C00379,BR03,auto,14100,7.37,72,242.9,2021-10-10,2027-10-10,672,Good,0.4,0.73,active,
L00061,C00622,BR07,mortgage,296000,3.41,360,1314.35,2021-11-07,2051-11-07,753,Very Good,0.33,0.92,active,
L00062,C00285,BR16,auto,53000,4.92,60,998.23,2021-11-12,2026-11-12,834,Exceptional,0.47,1.01,active,
L00063,C00520,BR15,mortgage,192000,3.87,180,1407.73,2021-11-14,2036-11-14,695,Good,0.35,0.68,active,
L00064,C00589,BR02,auto,31500,5.21,48,728.42,2021-12-13,2025-12-13,798,Exceptional,0.43,1.02,paid_off,2025-12-13
L00065,C00025,BR07,mortgage,285000,2.58,180,1911.1,2021-12-31,2036-12-28,775,Very Good,0.44,0.5,active,
L00066,C00610,BR12,mortgage,103000,5.77,180,856.43,2022-01-01,2037-01-01,700,Good,0.31,0.59,active,
L00067,C00672,BR09,mortgage,750000,5.48,240,5150.69,2022-01-01,2042-01-01,768,Very Good,0.45,0.74,active,
L00068,C00407,BR06,auto,28700,9.71,72,527.5,2022-01-05,2028-01-05,634,Fair,0.17,0.98,charged_off,2026-09-05
L00069,C00712,BR03,mortgage,271000,5.16,360,1481.4,2022-01-05,2052-01-05,712,Good,0.43,0.72,active,
L00070,C00656,BR06,auto,20800,9.45,60,436.33,2022-01-12,2027-01-12,667,Fair,0.34,1.0,active,
L00071,C00719,BR07,auto,32700,7.26,72,561.59,2022-01-23,2028-01-23,690,Good,0.39,0.7,active,
L00072,C00730,BR15,mortgage,300000,5.56,360,1714.68,2022-01-24,2052-01-24,677,Good,0.37,0.68,active,
L00073,C00219,BR06,auto,18300,7.2,72,313.76,2022-01-26,2028-01-26,671,Good,0.42,1.03,active,
L00074,C00327,BR03,mortgage,316000,5.6,360,1814.09,2022-01-27,2052-01-27,685,Good,0.3,0.83,active,
L00075,C00217,BR11,mortgage,162000,5.52,360,921.85,2022-02-03,2052-02-03,737,Very Good,0.4,0.87,active,
L00076,C00522,BR09,auto,37600,7.32,60,750.21,2022-02-11,2027-02-11,704,Good,0.43,0.87,active,
L00077,C00069,BR05,auto,52400,5.29,48,1213.63,2022-02-13,2026-02-13,814,Exceptional,0.31,0.85,paid_off,2026-02-13
L00078,C00013,BR15,auto,17300,9.54,48,434.96,2022-03-21,2026-03-21,642,Fair,0.37,0.76,paid_off,2026-03-24
L00079,C00757,BR09,mortgage,92000,6.03,360,553.36,2022-03-31,2052-03-28,709,Good,0.41,0.9,active,
L00080,C00181,BR05,mortgage,719000,5.09,360,3899.39,2022-04-23,2052-04-23,840,Exceptional,0.41,0.97,active,
L00081,C00359,BR07,auto,23100,9.73,60,487.74,2022-04-28,2027-04-28,644,Fair,0.36,0.92,active,
L00082,C00720,BR03,mortgage,169000,5.43,180,1374.6,2022-05-10,2037-05-10,712,Good,0.31,0.61,active,
L00083,C00681,BR05,auto,9900,7.33,72,170.36,2022-05-19,2028-05-19,714,Good,0.39,0.84,active,
L00084,C00014,BR04,auto,17700,7.24,60,352.49,2022-05-21,2027-05-21,670,Good,0.3,0.88,active,
L00085,C00355,BR07,auto,24400,9.69,48,615.22,2022-05-25,2026-05-25,656,Fair,0.34,0.68,paid_off,2026-05-24
L00086,C00169,BR02,auto,27900,6.22,60,542.24,2022-05-30,2027-05-28,727,Very Good,0.35,1.12,active,
L00087,C00512,BR07,auto,21000,13.73,60,485.7,2022-06-26,2027-06-26,610,Poor,0.34,0.83,active,
L00088,C00154,BR17,mortgage,107000,5.45,360,604.18,2022-07-10,2052-07-10,706,Good,0.36,0.88,active,
L00089,C00761,BR08,auto,58100,5.79,48,1358.89,2022-07-18,2026-07-18,733,Very Good,0.41,1.01,paid_off,2026-07-15
L00090,C00291,BR06,mortgage,169000,5.32,360,940.56,2022-07-19,2052-07-19,704,Good,0.42,0.9,active,
L00091,C00720,BR03,auto,17400,5.66,60,333.65,2022-07-19,2027-07-19,720,Very Good,0.45,1.06,active,
L00092,C00299,BR01,auto,53600,7.42,60,1072.0,2022-08-05,2027-08-05,684,Good,0.32,0.96,active,
L00093,C00538,BR11,auto,34500,9.83,60,730.14,2022-08-06,2027-08-06,658,Fair,0.33,0.92,active,
L00094,C00257,BR10,mortgage,141000,5.48,360,798.81,2022-08-25,2052-08-25,715,Good,0.4,0.71,active,
L00095,C00251,BR13,auto,26700,9.94,72,493.83,2022-09-14,2028-09-14,636,Fair,0.31,0.71,active,
L00096,C00713,BR11,mortgage,665000,5.58,360,3809.24,2022-09-17,2052-09-17,705,Good,0.27,0.66,active,
L00097,C00694,BR11,mortgage,294000,5.45,360,1660.09,2022-09-21,2052-09-21,812,Exceptional,0.38,0.76,active,
L00098,C00729,BR01,mortgage,244000,5.5,360,1385.41,2022-09-22,2052-09-22,757,Very Good,0.43,0.95,active,
L00099,C00231,BR02,auto,75000,6.62,60,1471.68,2022-11-01,2027-11-01,731,Very Good,0.42,0.86,active,
L00100,C00670,BR02,mortgage,215000,5.25,360,1187.24,2022-11-01,2052-11-01,803,Exceptional,0.31,0.66,active,
L00101,C00780,BR08,auto,21300,6.91,60,420.86,2022-11-03,2027-11-03,693,Good,0.36,0.97,active,
L00102,C00661,BR14,auto,25200,7.57,48,610.13,2022-11-07,2026-11-07,708,Good,0.31,0.8,active,
L00103,C00692,BR05,auto,24100,7.0,60,477.21,2022-11-11,2027-11-11,690,Good,0.36,0.79,active,
L00104,C00250,BR18,auto,17500,9.79,48,442.08,2022-11-15,2026-11-15,633,Fair,0.35,0.76,active,
L00105,C00308,BR18,mortgage,481000,5.08,180,3823.79,2022-12-03,2037-12-03,788,Exceptional,0.47,0.97,active,
L00106,C00645,BR13,mortgage,402000,5.9,240,2856.91,2022-12-06,2042-12-06,739,Very Good,0.44,0.8,active,
L00107,C00773,BR11,mortgage,750000,5.24,360,4136.88,2022-12-07,2052-12-07,830,Exceptional,0.35,0.85,active,
L00108,C00724,BR05,auto,15000,7.08,60,297.58,2022-12-12,2027-12-12,685,Good,0.3,0.95,active,
L00109,C00576,BR09,mortgage,293000,7.76,360,2101.11,2023-01-01,2053-01-01,660,Fair,0.33,0.63,active,
L00110,C00461,BR01,auto,32000,9.51,60,672.22,2023-01-05,2028-01-05,652,Fair,0.29,0.65,active,
L00111,C00784,BR10,personal,14800,11.81,60,327.8,2023-01-11,2028-01-11,675,Good,0.37,,active,
L00112,C00779,BR09,auto,23400,6.16,72,389.58,2023-01-12,2029-01-12,749,Very Good,0.29,1.15,active,
L00113,C00746,BR14,auto,28100,7.32,48,677.07,2023-01-22,2027-01-22,710,Good,0.34,0.78,active,
L00114,C00270,BR18,mortgage,227000,7.23,360,1545.46,2023-01-28,2053-01-28,690,Good,0.37,0.64,active,
L00115,C00283,BR16,personal,22200,19.47,60,581.64,2023-01-30,2028-01-28,535,Poor,0.28,,active,
L00116,C00760,BR13,mortgage,750000,6.55,360,4765.2,2023-01-30,2053-01-28,770,Very Good,0.39,0.8,active,
L00117,C00262,BR05,mortgage,180000,7.24,180,1642.14,2023-01-31,2038-01-28,652,Fair,0.32,0.67,active,
L00118,C00606,BR03,personal,4100,15.42,48,114.98,2023-02-04,2027-02-04,646,Fair,0.37,,charged_off,2025-04-04
L00119,C00629,BR10,auto,30400,5.31,48,704.37,2023-02-11,2027-02-11,729,Very Good,0.38,0.97,active,
L00120,C00801,BR08,personal,10900,15.62,60,262.87,2023-02-15,2028-02-15,646,Fair,0.29,,active,
L00121,C00642,BR02,mortgage,216000,7.51,240,1741.4,2023-02-16,2043-02-16,655,Fair,0.31,0.82,active,
L00122,C00023,BR15,personal,15100,11.88,48,396.75,2023-02-17,2027-02-17,713,Good,0.35,,active,
L00123,C00791,BR10,auto,24300,9.41,60,509.28,2023-02-23,2028-02-23,640,Fair,0.23,0.85,active,
L00124,C00685,BR12,mortgage,209000,7.43,360,1451.35,2023-03-02,2053-03-02,633,Fair,0.39,0.56,active,
L00125,C00751,BR11,personal,34600,15.16,48,965.75,2023-03-03,2027-03-03,661,Fair,0.4,,active,
L00126,C00643,BR01,auto,40100,9.41,48,1005.72,2023-03-11,2027-03-11,655,Fair,0.42,0.64,active,
L00127,C00653,BR17,personal,15800,12.1,60,352.26,2023-03-11,2028-03-11,679,Good,0.4,,active,
L00128,C00170,BR14,auto,26800,13.9,48,731.01,2023-03-13,2027-03-13,598,Poor,0.32,0.71,active,
L00129,C00133,BR03,mortgage,750000,7.77,360,5383.46,2023-03-17,2053-03-17,721,Very Good,0.4,0.77,active,
L00130,C00766,BR07,auto,38200,5.67,48,891.36,2023-03-19,2027-03-19,809,Exceptional,0.43,0.88,active,
L00131,C00767,BR16,mortgage,196000,6.79,360,1276.47,2023-03-20,2053-03-20,788,Exceptional,0.41,0.8,active,
L00132,C00695,BR10,personal,9000,12.31,48,238.38,2023-03-22,2027-03-22,718,Good,0.39,,active,
L00133,C00766,BR07,mortgage,750000,6.9,360,4939.5,2023-04-02,2053-04-02,796,Exceptional,0.43,0.85,active,
L00134,C00237,BR05,personal,6200,10.2,60,132.34,2023-04-10,2028-04-10,724,Very Good,0.36,,active,
L00135,C00844,BR11,mortgage,179000,7.04,240,1392.09,2023-04-17,2043-04-17,726,Very Good,0.42,0.74,active,
L00136,C00835,BR16,personal,3200,11.82,36,106.01,2023-04-18,2026-04-18,693,Good,0.38,,paid_off,2025-05-20
L00137,C00115,BR15,personal,9900,12.0,36,328.82,2023-04-26,2026-04-26,716,Good,0.4,,paid_off,2026-04-26
L00138,C00768,BR14,personal,15800,19.41,48,475.85,2023-04-28,2027-04-28,602,Poor,0.32,,active,
L00139,C00091,BR11,personal,8200,19.21,36,301.45,2023-04-29,2026-04-28,595,Poor,0.33,,paid_off,2025-08-12
L00140,C00185,BR05,personal,4500,10.22,48,114.61,2023-05-03,2027-05-03,746,Very Good,0.36,,paid_off,2025-05-22
L00141,C00819,BR09,auto,38100,7.06,48,913.41,2023-05-03,2027-05-03,696,Good,0.37,0.86,active,
L00142,C00021,BR09,personal,5500,12.01,60,122.37,2023-05-07,2028-05-07,716,Good,0.3,,active,
L00143,C00259,BR06,personal,17400,9.99,60,369.61,2023-05-24,2028-05-24,747,Very Good,0.26,,active,
L00144,C00765,BR05,mortgage,292000,7.29,360,1999.88,2023-05-25,2053-05-25,683,Good,0.4,0.86,active,
L00145,C00422,BR11,auto,47900,5.56,72,783.93,2023-05-26,2029-05-26,805,Exceptional,0.32,1.15,active,
L00146,C00698,BR01,personal,3900,8.61,24,177.47,2023-06-02,2025-06-02,792,Exceptional,0.46,,paid_off,2025-06-01
L00147,C00216,BR06,auto,21500,5.18,72,348.05,2023-06-06,2029-06-06,804,Exceptional,0.44,1.05,active,
L00148,C00814,BR09,mortgage,208000,7.23,180,1896.41,2023-06-07,2038-06-07,762,Very Good,0.31,0.95,active,
L00149,C00473,BR11,personal,5400,12.48,36,180.6,2023-06-08,2026-06-08,679,Good,0.4,,paid_off,2026-06-07
L00150,C00628,BR16,auto,40500,7.17,72,693.8,2023-06-14,2029-06-14,706,Good,0.28,1.01,active,
L00151,C00513,BR05,personal,10800,10.12,60,230.11,2023-06-16,2028-06-16,770,Very Good,0.44,,active,
L00152,C00537,BR06,personal,5400,15.69,36,189.02,2023-06-19,2026-06-19,665,Fair,0.4,,paid_off,2026-06-18
L00153,C00748,BR02,auto,23600,5.42,60,449.92,2023-06-19,2028-06-19,793,Exceptional,0.43,0.96,paid_off,2025-06-12
L00154,C00103,BR01,auto,11600,13.33,48,313.1,2023-06-20,2027-06-20,585,Poor,0.21,0.53,active,
L00155,C00032,BR05,personal,4300,15.68,24,209.88,2023-06-27,2025-06-27,644,Fair,0.32,,paid_off,2025-06-24
L00156,C00685,BR12,auto,35600,7.24,48,856.46,2023-06-28,2027-06-28,689,Good,0.42,0.75,active,
L00157,C00223,BR08,personal,10200,9.85,36,328.41,2023-07-01,2026-07-01,747,Very Good,0.28,,paid_off,2026-06-29
L00158,C00843,BR08,personal,10100,15.84,60,244.75,2023-07-11,2028-07-11,620,Fair,0.21,,active,
L00159,C00018,BR05,auto,32100,9.97,48,813.68,2023-07-21,2027-07-21,643,Fair,0.3,0.95,active,
L00160,C00717,BR01,mortgage,469000,7.14,360,3164.49,2023-07-21,2053-07-21,738,Very Good,0.34,0.95,active,
L00161,C00088,BR01,mortgage,407000,7.38,360,2812.43,2023-07-23,2053-07-23,691,Good,0.32,0.9,active,
L00162,C00259,BR06,auto,25500,5.76,48,596.07,2023-08-03,2027-08-03,725,Very Good,0.41,0.97,paid_off,2025-05-13
L00163,C00457,BR04,auto,59200,13.36,72,1199.66,2023-08-07,2029-08-07,605,Poor,0.34,0.72,paid_off,2025-04-17
L00164,C00013,BR09,personal,14000,11.84,36,463.93,2023-08-09,2026-08-09,670,Good,0.32,,paid_off,2026-08-09
L00165,C00205,BR05,personal,25900,15.21,36,900.5,2023-08-09,2026-08-09,624,Fair,0.27,,active,
L00166,C00613,BR03,mortgage,90000,7.57,360,633.61,2023-08-25,2053-08-25,671,Good,0.4,0.81,charged_off,2025-05-25
L00167,C00786,BR16,auto,29600,6.25,72,494.06,2023-09-09,2029-09-09,737,Very Good,0.36,0.86,active,
L00168,C00828,BR03,personal,11500,19.61,36,425.1,2023-09-10,2026-09-10,595,Poor,0.36,,active,
L00169,C00760,BR02,auto,24400,6.2,72,406.69,2023-09-18,2029-09-18,769,Very Good,0.36,0.92,paid_off,2026-05-03
L00170,C00633,BR03,mortgage,165000,7.2,360,1120.0,2023-09-20,2053-09-20,675,Good,0.4,0.84,active,
L00171,C00060,BR02,auto,19000,7.25,60,378.47,2023-09-24,2028-09-24,714,Good,0.41,0.96,active,
L00172,C00694,BR11,personal,10000,8.49,48,246.44,2023-09-24,2027-09-24,800,Exceptional,0.42,,paid_off,2026-09-04
L00173,C00447,BR08,mortgage,108000,7.38,360,746.3,2023-09-28,2053-09-28,694,Good,0.3,0.85,active,
L00174,C00783,BR16,auto,29300,13.01,72,588.33,2023-10-02,2029-10-02,589,Poor,0.34,0.74,active,
L00175,C00152,BR06,personal,15400,10.46,24,713.91,2023-10-12,2025-10-12,728,Very Good,0.41,,paid_off,2025-10-12
L00176,C00192,BR06,auto,50100,7.34,48,1207.63,2023-10-13,2027-10-13,693,Good,0.39,0.95,active,
L00177,C00642,BR02,personal,14000,12.38,24,661.52,2023-10-19,2025-10-19,696,Good,0.29,,paid_off,2025-10-18
L00178,C00862,BR07,auto,57200,13.72,60,1322.66,2023-10-26,2028-10-26,589,Poor,0.2,0.76,active,
L00179,C00867,BR05,personal,10100,15.66,24,492.89,2023-10-31,2025-10-28,645,Fair,0.3,,paid_off,2025-10-27
L00180,C00266,BR11,auto,75000,5.94,60,1447.87,2023-11-03,2028-11-03,756,Very Good,0.28,0.87,active,
L00181,C00098,BR11,mortgage,151000,8.62,360,1173.93,2023-11-06,2053-11-06,580,Poor,0.35,0.58,paid_off,2025-04-07
L00182,C00306,BR08,personal,6500,19.6,60,170.77,2023-11-10,2028-11-10,589,Poor,0.27,,active,
L00183,C00410,BR02,auto,55500,7.68,60,1116.86,2023-11-10,2028-11-10,708,Good,0.32,1.06,active,
L00184,C00083,BR17,personal,15000,15.28,24,729.3,2023-11-17,2025-11-17,623,Fair,0.31,,paid_off,2025-11-16
L00185,C00481,BR04,auto,75000,8.02,48,1831.67,2023-12-11,2027-12-11,716,Good,0.37,0.81,paid_off,2026-07-16
L00186,C00425,BR02,auto,25400,9.27,72,461.26,2023-12-12,2029-12-12,620,Fair,0.26,0.75,active,
L00187,C00847,BR01,auto,46500,7.09,72,794.79,2023-12-13,2029-12-13,684,Good,0.38,1.04,active,
L00188,C00217,BR11,personal,37800,9.83,36,1216.68,2023-12-21,2026-12-21,735,Very Good,0.29,,paid_off,2026-06-25
L00189,C00528,BR11,personal,6600,10.66,60,142.38,2023-12-22,2028-12-22,754,Very Good,0.41,,active,
L00190,C00529,BR01,auto,38700,7.49,72,668.94,2023-12-25,2029-12-25,693,Good,0.34,1.02,active,
L00191,C00842,BR12,personal,41600,12.51,60,936.13,2023-12-31,2028-12-28,688,Good,0.28,,active,
L00192,C00200,BR05,mortgage,134000,7.03,360,894.21,2024-01-06,2054-01-06,677,Good,0.39,0.71,active,
L00193,C00777,BR02,auto,51900,7.18,72,889.34,2024-01-13,2030-01-13,702,Good,0.37,0.95,active,
L00194,C00506,BR09,auto,27700,10.43,48,708.28,2024-01-14,2028-01-14,659,Fair,0.44,0.99,paid_off,2026-06-29
L00195,C00750,BR04,personal,16800,19.43,48,506.14,2024-01-14,2028-01-14,567,Poor,0.33,,active,
L00196,C00148,BR04,personal,5800,11.92,48,152.51,2024-01-23,2028-01-23,672,Good,0.27,,active,
L00197,C00836,BR16,mortgage,625000,6.82,360,4082.86,2024-01-24,2054-01-24,672,Good,0.28,0.68,active,
L00198,C00269,BR09,personal,12600,15.51,48,353.93,2024-01-26,2028-01-26,639,Fair,0.33,,active,
L00199,C00038,BR16,auto,37400,5.65,72,613.67,2024-01-28,2030-01-28,828,Exceptional,0.29,0.92,paid_off,2026-07-08
L00200,C00765,BR05,personal,11400,12.03,60,253.76,2024-01-29,2029-01-28,693,Good,0.46,,active,
L00201,C00389,BR03,auto,16800,6.95,72,286.02,2024-02-05,2030-02-05,709,Good,0.39,0.82,active,
L00202,C00794,BR07,mortgage,750000,6.7,360,4839.58,2024-02-06,2054-02-06,772,Very Good,0.26,0.62,active,
L00203,C00218,BR12,personal,6200,19.14,24,312.96,2024-02-13,2026-02-13,575,Poor,0.24,,active,
L00204,C00580,BR03,auto,44600,9.71,60,941.27,2024-02-14,2029-02-14,642,Fair,0.37,0.77,active,
L00205,C00789,BR10,auto,15500,13.36,48,418.6,2024-02-15,2028-02-15,586,Poor,0.18,0.8,charged_off,2026-08-15
L00206,C00820,BR01,mortgage,257000,7.55,360,1805.79,2024-02-18,2054-02-18,662,Fair,0.25,0.85,active,
L00207,C00464,BR04,personal,7200,15.89,36,252.74,2024-02-28,2027-02-28,641,Fair,0.33,,paid_off,2026-04-04
L00208,C00706,BR01,mortgage,169000,7.28,360,1156.32,2024-03-07,2054-03-07,668,Fair,0.39,0.58,active,
L00209,C00645,BR13,personal,43400,8.76,60,895.87,2024-03-09,2029-03-09,790,Exceptional,0.38,,active,
L00210,C00105,BR10,auto,42500,10.05,48,1078.93,2024-03-16,2028-03-16,653,Fair,0.29,0.85,active,
L00211,C00813,BR07,personal,6200,15.83,48,175.17,2024-03-23,2028-03-23,624,Fair,0.35,,active,
L00212,C00419,BR10,mortgage,421000,6.65,360,2702.67,2024-03-27,2054-03-27,684,Good,0.44,0.62,paid_off,2025-05-08
L00213,C00711,BR14,personal,22000,15.47,36,767.71,2024-03-31,2027-03-28,621,Fair,0.38,,active,
L00214,C00351,BR12,auto,23100,5.91,72,381.85,2024-04-05,2030-04-05,729,Very Good,0.27,0.94,paid_off,2026-03-23
L00215,C00774,BR08,personal,23400,10.14,36,756.59,2024-04-06,2027-04-06,772,Very Good,0.36,,active,
L00216,C00676,BR05,auto,48400,7.17,60,962.26,2024-04-15,2029-04-15,718,Good,0.35,0.88,active,
L00217,C00875,BR14,personal,11400,7.96,60,230.93,2024-04-18,2029-04-18,835,Exceptional,0.41,,active,
L00218,C00855,BR01,mortgage,429000,7.37,180,3945.26,2024-04-21,2039-04-21,707,Good,0.37,0.49,active,
L00219,C00300,BR12,mortgage,446000,6.44,360,2801.45,2024-04-23,2054-04-23,734,Very Good,0.41,0.61,active,
L00220,C00704,BR04,mortgage,91000,6.85,360,596.29,2024-04-28,2054-04-28,677,Good,0.27,0.9,active,
L00221,C00825,BR07,personal,3000,19.63,48,90.7,2024-05-02,2028-05-02,599,Poor,0.35,,active,
L00222,C00450,BR03,mortgage,94000,7.72,360,671.48,2024-05-05,2054-05-05,601,Poor,0.31,0.54,active,
L00223,C00836,BR01,personal,12300,12.15,60,274.54,2024-05-06,2029-05-06,711,Good,0.42,,active,
L00224,C00255,BR06,personal,6900,10.13,36,223.06,2024-05-07,2027-05-07,745,Very Good,0.48,,active,
L00225,C00364,BR07,auto,18800,6.19,48,443.16,2024-05-09,2028-05-09,752,Very Good,0.38,0.8,active,
L00226,C00107,BR01,personal,19200,12.06,24,904.35,2024-05-15,2026-05-15,703,Good,0.33,,paid_off,2026-05-15
L00227,C00923,BR13,personal,26700,8.35,60,545.86,2024-05-16,2029-05-16,794,Exceptional,0.45,,active,
L00228,C00874,BR05,personal,5000,19.82,48,151.67,2024-05-17,2028-05-17,590,Poor,0.32,,active,
L00229,C00005,BR03,auto,30300,4.94,48,696.96,2024-05-22,2028-05-22,810,Exceptional,0.4,1.03,active,
L00230,C00043,BR09,personal,8100,11.85,36,268.46,2024-06-03,2027-06-03,694,Good,0.24,,active,
L00231,C00495,BR10,auto,34600,9.58,60,728.02,2024-06-06,2029-06-06,629,Fair,0.36,0.99,active,
L00232,C00480,BR12,personal,11600,19.65,24,588.41,2024-06-08,2026-06-08,594,Poor,0.18,,paid_off,2026-06-05
L00233,C00193,BR07,mortgage,517000,6.63,360,3312.12,2024-06-13,2054-06-13,813,Exceptional,0.35,0.97,active,
L00234,C00562,BR09,auto,32200,13.79,72,659.89,2024-06-16,2030-06-16,617,Poor,0.35,0.48,active,
L00235,C00062,BR14,personal,8100,12.05,60,180.38,2024-06-25,2029-06-25,677,Good,0.43,,paid_off,2026-02-12
L00236,C00128,BR11,auto,20800,9.42,72,379.28,2024-06-25,2030-06-25,630,Fair,0.31,0.74,active,
L00237,C00484,BR07,mortgage,244000,6.72,360,1577.72,2024-06-25,2054-06-25,723,Very Good,0.4,0.83,active,
L00238,C00927,BR16,auto,38800,13.55,60,893.78,2024-06-30,2029-06-28,579,Poor,0.34,0.63,active,
L00239,C00031,BR02,personal,45700,19.41,36,1684.67,2024-07-04,2027-07-04,597,Poor,0.22,,active,
L00240,C00888,BR04,mortgage,233000,6.81,360,1520.54,2024-07-06,2054-07-06,723,Very Good,0.36,0.85,paid_off,2025-12-23
L00241,C00893,BR13,auto,24800,6.51,72,417.0,2024-07-10,2030-07-10,750,Very Good,0.4,1.03,paid_off,2026-08-07
L00242,C00542,BR18,auto,22500,7.45,60,450.32,2024-07-21,2029-07-21,696,Good,0.24,1.0,active,
L00243,C00636,BR02,mortgage,750000,6.68,360,4829.64,2024-07-24,2054-07-24,754,Very Good,0.42,0.8,active,
L00244,C00928,BR15,auto,39600,13.13,72,797.65,2024-07-25,2030-07-25,585,Poor,0.24,0.71,active,
L00245,C00243,BR05,mortgage,333000,6.82,360,2175.35,2024-07-30,2054-07-28,699,Good,0.26,0.76,active,
L00246,C00846,BR01,mortgage,181000,6.69,360,1166.75,2024-07-31,2054-07-28,726,Very Good,0.37,0.81,active,
L00247,C00819,BR09,personal,3100,12.26,60,69.37,2024-08-05,2029-08-05,675,Good,0.34,,active,
L00248,C00323,BR03,mortgage,269000,7.06,240,2095.25,2024-08-16,2044-08-16,685,Good,0.34,0.8,active,
L00249,C00434,BR01,auto,28400,13.14,60,648.22,2024-08-23,2029-08-23,556,Poor,0.22,0.56,charged_off,2026-07-23
L00250,C00211,BR13,personal,7900,10.39,60,169.37,2024-08-29,2029-08-28,739,Very Good,0.33,,active,
L00251,C00340,BR16,personal,7400,15.51,24,360.6,2024-09-02,2026-09-02,660,Fair,0.36,,paid_off,2026-08-30
L00252,C00360,BR10,mortgage,384000,6.86,240,2944.96,2024-09-05,2044-09-05,719,Good,0.4,0.9,active,
L00253,C00445,BR01,personal,9600,11.61,48,250.97,2024-09-05,2028-09-05,700,Good,0.33,,active,
L00254,C00335,BR06,mortgage,665000,6.96,180,5962.35,2024-09-11,2039-09-11,787,Exceptional,0.44,0.67,active,
L00255,C00796,BR06,auto,19500,7.54,60,391.11,2024-09-11,2029-09-11,696,Good,0.39,0.95,active,
L00256,C00898,BR09,mortgage,313000,6.83,360,2046.78,2024-09-11,2054-09-11,762,Very Good,0.36,0.74,charged_off,2026-01-11
L00257,C00513,BR05,auto,17100,5.78,60,328.84,2024-09-17,2029-09-17,741,Very Good,0.36,0.86,active,
L00258,C00786,BR16,mortgage,307000,6.82,360,2005.5,2024-10-02,2054-10-02,744,Very Good,0.43,0.88,active,
L00259,C00840,BR01,personal,7600,15.43,60,182.52,2024-10-04,2029-10-04,633,Fair,0.27,,charged_off,2026-06-04
L00260,C00294,BR06,auto,18200,13.68,48,494.43,2024-10-05,2028-10-05,600,Poor,0.29,0.77,active,
L00261,C00322,BR12,personal,5400,9.58,48,135.87,2024-10-13,2028-10-13,749,Very Good,0.39,,active,
L00262,C00936,BR06,personal,7000,15.57,36,244.62,2024-10-18,2027-10-18,652,Fair,0.32,,active,
L00263,C00816,BR05,auto,33600,9.67,48,846.87,2024-10-21,2028-10-21,668,Fair,0.34,0.67,active,
L00264,C00557,BR06,personal,13400,12.22,60,299.57,2024-10-22,2029-10-22,687,Good,0.4,,active,
L00265,C00769,BR09,auto,38800,13.04,60,883.61,2024-10-23,2029-10-23,595,Poor,0.22,0.57,active,
L00266,C00896,BR13,personal,8200,15.32,60,196.46,2024-10-26,2029-10-26,642,Fair,0.35,,charged_off,2026-07-26
L00267,C00098,BR11,personal,14900,14.89,60,353.61,2024-10-28,2029-10-28,643,Fair,0.38,,charged_off,2025-07-28
L00268,C00026,BR17,mortgage,586000,6.59,360,3738.67,2024-11-01,2054-11-01,749,Very Good,0.43,0.95,active,
L00269,C00628,BR15,personal,13200,9.98,48,334.66,2024-11-03,2028-11-03,724,Very Good,0.39,,paid_off,2026-02-17
L00270,C00806,BR03,mortgage,371000,6.78,360,2413.7,2024-11-07,2054-11-07,726,Very Good,0.31,0.64,paid_off,2025-04-13
L00271,C00576,BR09,auto,24300,7.37,60,485.42,2024-11-14,2029-11-14,674,Good,0.31,0.85,active,
L00272,C00570,BR05,personal,8800,12.29,60,197.04,2024-11-28,2029-11-28,717,Good,0.33,,active,
L00273,C00453,BR13,personal,23100,19.46,48,696.31,2024-12-02,2028-12-02,603,Poor,0.16,,active,
L00274,C00887,BR07,personal,15600,18.92,60,403.99,2024-12-05,2029-12-05,613,Poor,0.2,,paid_off,2026-02-17
L00275,C00354,BR04,auto,23000,10.62,60,495.73,2024-12-07,2029-12-07,620,Fair,0.27,0.93,active,
L00276,C00877,BR07,personal,13800,9.75,36,443.67,2024-12-12,2027-12-12,727,Very Good,0.35,,active,
L00277,C00614,BR02,personal,26400,19.34,60,689.78,2024-12-15,2029-12-15,575,Poor,0.32,,active,
L00278,C00954,BR14,personal,13700,19.64,36,506.63,2024-12-21,2027-12-21,569,Poor,0.34,,charged_off,2025-12-21
L00279,C00905,BR06,auto,26400,5.69,60,506.59,2024-12-22,2029-12-22,766,Very Good,0.37,0.88,active,
L00280,C00847,BR12,mortgage,263000,6.82,240,2010.72,2024-12-30,2044-12-28,730,Very Good,0.32,0.81,active,
L00281,C00715,BR09,mortgage,428000,6.75,360,2776.0,2024-12-31,2054-12-28,732,Very Good,0.37,0.87,active,
L00282,C00945,BR12,personal,7900,10.26,36,255.88,2025-01-07,2028-01-07,769,Very Good,0.41,,active,
L00283,C00327,BR03,personal,17300,12.2,36,576.26,2025-01-13,2028-01-13,684,Good,0.34,,active,
L00284,C00002,BR02,auto,15400,7.36,60,307.56,2025-01-14,2030-01-14,674,Good,0.34,1.0,paid_off,2026-08-24
L00285,C00235,BR07,mortgage,750000,6.29,360,4637.41,2025-01-15,2055-01-15,808,Exceptional,0.46,0.6,active,
L00286,C00239,BR01,personal,19900,8.67,36,629.76,2025-01-16,2028-01-16,786,Exceptional,0.46,,active,
L00287,C00671,BR02,auto,21000,7.36,72,361.67,2025-01-16,2031-01-16,682,Good,0.34,0.8,active,
L00288,C00159,BR02,personal,3400,12.32,24,160.56,2025-01-17,2027-01-17,673,Good,0.28,,charged_off,2026-03-17
L00289,C00171,BR01,auto,19200,7.0,72,327.34,2025-01-17,2031-01-17,714,Good,0.3,0.96,active,
L00290,C00871,BR15,auto,36800,7.03,60,729.21,2025-01-18,2030-01-18,683,Good,0.32,1.07,active,
L00291,C00920,BR07,personal,26600,12.18,24,1254.39,2025-01-20,2027-01-20,678,Good,0.47,,active,
L00292,C00035,BR12,auto,40900,6.02,60,791.09,2025-01-23,2030-01-23,723,Very Good,0.41,0.84,active,
L00293,C00204,BR12,personal,27100,12.16,48,715.78,2025-01-24,2029-01-24,685,Good,0.39,,active,
L00294,C00497,BR03,mortgage,389000,6.97,360,2580.19,2025-01-28,2055-01-28,677,Good,0.37,0.68,active,
L00295,C00938,BR02,mortgage,435000,6.46,360,2738.06,2025-01-31,2055-01-28,772,Very Good,0.38,0.87,active,
L00296,C00943,BR06,mortgage,166000,6.94,360,1097.72,2025-02-03,2055-02-03,657,Fair,0.37,0.85,active,
L00297,C00660,BR09,auto,24500,13.3,48,660.93,2025-02-05,2029-02-05,582,Poor,0.21,0.9,active,
L00298,C00650,BR08,mortgage,217000,6.61,360,1387.32,2025-02-06,2055-02-06,741,Very Good,0.34,0.95,active,
L00299,C00213,BR05,auto,15900,6.09,48,374.07,2025-02-10,2029-02-10,764,Very Good,0.35,0.82,active,
L00300,C00961,BR05,mortgage,355000,6.48,180,3088.53,2025-02-10,2040-02-10,716,Good,0.37,0.85,active,
L00301,C00864,BR15,auto,25900,9.63,48,652.3,2025-02-12,2029-02-12,620,Fair,0.36,0.76,active,
L00302,C00948,BR12,personal,15700,12.91,36,528.31,2025-02-18,2028-02-18,691,Good,0.38,,active,
L00303,C00905,BR06,mortgage,586000,6.29,360,3623.36,2025-02-21,2055-02-21,775,Very Good,0.44,0.82,active,
L00304,C00968,BR06,personal,4100,11.47,24,191.99,2025-02-22,2027-02-22,699,Good,0.4,,active,
L00305,C00580,BR14,personal,12300,19.46,60,322.19,2025-02-23,2030-02-23,607,Poor,0.2,,charged_off,2025-07-23
L00306,C00505,BR09,personal,8200,12.25,24,386.96,2025-02-26,2027-02-26,684,Good,0.35,,active,
L00307,C00970,BR18,auto,38700,5.98,72,641.01,2025-03-02,2031-03-02,743,Very Good,0.39,0.78,active,
L00308,C00956,BR01,personal,3500,15.66,48,98.58,2025-03-03,2029-03-03,636,Fair,0.45,,active,
L00309,C00387,BR01,auto,24100,5.05,60,455.35,2025-03-08,2030-03-08,811,Exceptional,0.35,1.08,active,
L00310,C00966,BR11,personal,20600,12.0,36,684.21,2025-03-08,2028-03-08,676,Good,0.46,,active,
L00311,C00812,BR02,mortgage,689000,5.84,360,4060.3,2025-03-12,2055-03-12,850,Exceptional,0.44,0.75,active,
L00312,C00961,BR05,personal,22600,9.79,48,570.92,2025-03-13,2029-03-13,735,Very Good,0.38,,active,
L00313,C00972,BR12,auto,21500,5.9,60,414.66,2025-03-13,2030-03-13,730,Very Good,0.3,1.05,paid_off,2025-06-30
L00314,C00304,BR05,personal,3800,15.82,36,133.26,2025-03-16,2028-03-16,662,Fair,0.4,,active,
L00315,C00942,BR05,mortgage,183000,6.55,240,1369.79,2025-03-17,2045-03-17,705,Good,0.32,0.63,active,
L00316,C00956,BR01,auto,28800,6.84,72,488.8,2025-03-18,2031-03-18,674,Good,0.41,0.74,charged_off,2026-05-18
L00317,C00956,BR01,mortgage,97000,7.69,360,690.9,2025-03-20,2055-03-20,606,Poor,0.2,0.63,active,
L00318,C00603,BR14,personal,16700,11.89,24,785.27,2025-03-24,2027-03-24,704,Good,0.34,,active,
L00319,C00968,BR06,auto,60600,7.38,72,1044.26,2025-03-28,2031-03-28,677,Good,0.38,1.1,active,
L00320,C00922,BR09,personal,5300,10.66,36,172.66,2025-03-31,2028-03-28,748,Very Good,0.4,,paid_off,2025-08-02
L00321,C00002,BR08,personal,5900,12.14,48,155.78,2025-04-02,2029-04-02,700,Good,0.24,,active,
L00322,C00247,BR01,personal,15000,9.76,36,482.32,2025-04-02,2028-04-02,720,Very Good,0.41,,active,
L00323,C00637,BR18,personal,5600,15.0,60,133.22,2025-04-08,2030-04-08,645,Fair,0.23,,active,
L00324,C00955,BR13,personal,16500,15.59,48,464.16,2025-04-08,2029-04-08,628,Fair,0.31,,active,
L00325,C00128,BR02,personal,17700,19.43,48,533.26,2025-04-10,2029-04-10,616,Poor,0.19,,paid_off,2025-10-19
L00326,C00865,BR01,personal,12900,19.62,60,339.05,2025-04-10,2030-04-10,615,Poor,0.23,,active,
L00327,C00246,BR08,personal,9100,12.71,60,205.7,2025-04-14,2030-04-14,674,Good,0.41,,paid_off,2026-07-30
L00328,C00402,BR18,auto,31700,6.09,60,614.18,2025-04-14,2030-04-14,727,Very Good,0.44,0.96,active,
L00329,C00453,BR09,auto,38800,10.23,60,828.78,2025-04-14,2030-04-14,627,Fair,0.35,0.78,charged_off,2025-09-14
L00330,C00124,BR05,auto,20900,13.18,48,562.56,2025-04-15,2029-04-15,597,Poor,0.21,0.64,active,
L00331,C00024,BR01,auto,11200,6.21,72,186.73,2025-04-17,2031-04-17,739,Very Good,0.3,0.76,active,
L00332,C00822,BR16,auto,48100,7.41,48,1160.99,2025-04-18,2029-04-18,682,Good,0.36,0.82,active,
L00333,C00567,BR17,personal,7000,11.83,24,328.96,2025-04-20,2027-04-20,709,Good,0.42,,active,
L00334,C00105,BR10,personal,9300,15.65,36,325.36,2025-04-23,2028-04-23,659,Fair,0.35,,active,
L00335,C00967,BR14,personal,8800,11.95,36,292.08,2025-04-25,2028-04-25,704,Good,0.35,,active,
L00336,C00347,BR01,auto,35900,9.91,60,761.18,2025-04-28,2030-04-28,654,Fair,0.34,0.86,active,
L00337,C00872,BR14,auto,16500,13.86,60,382.73,2025-05-01,2030-05-01,576,Poor,0.23,0.63,paid_off,2026-03-18
L00338,C00733,BR16,auto,27200,7.48,60,544.77,2025-05-02,2030-05-02,706,Good,0.38,0.8,active,
L00339,C00938,BR02,auto,25300,5.58,48,589.31,2025-05-03,2029-05-03,750,Very Good,0.44,0.92,active,
L00340,C00302,BR08,auto,22500,7.34,72,387.29,2025-05-05,2031-05-05,681,Good,0.29,0.88,active,
L00341,C00301,BR12,personal,11300,15.29,36,393.32,2025-05-06,2028-05-06,658,Fair,0.38,,paid_off,2026-05-12
L00342,C00573,BR15,auto,42100,5.94,72,696.53,2025-05-07,2031-05-07,725,Very Good,0.21,0.98,active,
L00343,C00730,BR14,personal,21800,12.61,36,730.44,2025-05-08,2028-05-08,682,Good,0.4,,active,
L00344,C00240,BR16,auto,32100,6.03,72,532.44,2025-05-10,2031-05-10,747,Very Good,0.4,1.04,active,
L00345,C00407,BR06,personal,13500,12.26,60,302.08,2025-05-10,2030-05-10,675,Good,0.42,,active,
L00346,C00881,BR10,auto,55600,13.58,48,1507.66,2025-05-15,2029-05-15,599,Poor,0.19,0.64,charged_off,2025-12-15
L00347,C00122,BR02,auto,36200,7.28,72,622.05,2025-05-16,2031-05-16,700,Good,0.38,0.69,active,
L00348,C00832,BR17,personal,5200,11.98,36,172.66,2025-05-17,2028-05-17,712,Good,0.41,,paid_off,2025-10-07
L00349,C00133,BR03,auto,37200,6.74,60,732.05,2025-05-18,2030-05-18,700,Good,0.27,0.96,active,
L00350,C00180,BR16,auto,38800,6.12,48,913.36,2025-05-19,2029-05-19,726,Very Good,0.3,0.8,active,
L00351,C00085,BR06,auto,12000,5.98,48,281.71,2025-05-20,2029-05-20,739,Very Good,0.34,1.06,active,
L00352,C00749,BR06,auto,75000,7.02,72,1279.4,2025-05-21,2031-05-21,703,Good,0.43,0.97,active,
L00353,C00161,BR03,personal,8700,10.03,24,401.58,2025-05-22,2027-05-22,763,Very Good,0.36,,active,
L00354,C00356,BR08,personal,24200,12.28,36,807.03,2025-05-23,2028-05-23,672,Good,0.35,,active,
L00355,C00595,BR05,auto,45700,7.5,60,915.73,2025-05-23,2030-05-23,716,Good,0.37,1.04,active,
L00356,C00841,BR03,personal,6800,12.02,60,151.33,2025-05-24,2030-05-24,674,Good,0.48,,active,
L00357,C00840,BR01,auto,31000,12.98,60,705.03,2025-05-27,2030-05-27,589,Poor,0.22,0.64,active,
L00358,C00499,BR13,auto,62800,7.06,48,1505.57,2025-05-28,2029-05-28,687,Good,0.38,0.83,paid_off,2026-01-16
L00359,C00031,BR02,auto,21800,9.6,72,399.48,2025-05-29,2031-05-28,620,Fair,0.27,0.83,active,
L00360,C00977,BR01,personal,7500,15.55,24,365.61,2025-05-29,2027-05-28,624,Fair,0.19,,active,
L00361,C00134,BR14,personal,14000,19.33,48,421.04,2025-06-01,2029-06-01,598,Poor,0.31,,active,
L00362,C00472,BR01,personal,4000,10.36,36,129.75,2025-06-01,2028-06-01,745,Very Good,0.32,,paid_off,2026-02-06
L00363,C00409,BR06,personal,4400,8.7,36,139.31,2025-06-03,2028-06-03,804,Exceptional,0.43,,active,
L00364,C00776,BR01,auto,35700,5.6,72,584.93,2025-06-03,2031-06-03,763,Very Good,0.48,0.84,active,
L00365,C00902,BR05,personal,26300,15.79,36,921.91,2025-06-04,2028-06-04,642,Fair,0.3,,active,
L00366,C00069,BR05,mortgage,239000,5.73,360,1391.7,2025-06-09,2055-06-09,824,Exceptional,0.42,0.96,paid_off,2026-05-17
L00367,C00630,BR15,auto,41500,4.89,60,781.07,2025-06-09,2030-06-09,805,Exceptional,0.45,1.02,active,
L00368,C00162,BR14,auto,24900,5.98,48,584.55,2025-06-10,2029-06-10,722,Very Good,0.33,1.05,active,
L00369,C00904,BR01,personal,7700,15.4,24,374.81,2025-06-12,2027-06-12,666,Fair,0.39,,active,
L00370,C00745,BR16,personal,14900,19.29,48,447.8,2025-06-14,2029-06-14,583,Poor,0.27,,active,
L00371,C00349,BR05,auto,28900,5.2,48,668.17,2025-06-18,2029-06-18,783,Exceptional,0.47,1.03,active,
L00372,C00610,BR12,personal,7100,12.06,48,187.18,2025-06-23,2029-06-23,681,Good,0.34,,active,
L00373,C00272,BR12,auto,25800,6.72,60,507.47,2025-06-24,2030-06-24,702,Good,0.3,0.87,active,
L00374,C00326,BR13,personal,15600,15.44,24,759.66,2025-06-26,2027-06-26,658,Fair,0.29,,active,
L00375,C00136,BR13,personal,4200,12.07,60,93.58,2025-06-29,2030-06-28,701,Good,0.35,,paid_off,2026-06-11
L00376,C00067,BR15,auto,21700,7.18,72,371.84,2025-07-01,2031-07-01,681,Good,0.33,0.97,active,
L00377,C00838,BR03,personal,10400,19.68,48,314.71,2025-07-04,2029-07-04,525,Poor,0.11,,charged_off,2026-01-04
L00378,C00348,BR02,personal,10100,9.94,48,255.87,2025-07-09,2029-07-09,767,Very Good,0.38,,active,
L00379,C00435,BR14,personal,12900,10.18,60,275.23,2025-07-09,2030-07-09,779,Very Good,0.49,,active,
L00380,C00571,BR10,personal,6300,19.71,48,190.74,2025-07-09,2029-07-09,533,Poor,0.27,,paid_off,2026-01-18
L00381,C00465,BR06,personal,4500,11.77,48,117.99,2025-07-11,2029-07-11,696,Good,0.3,,paid_off,2025-09-15
L00382,C00924,BR03,auto,34600,5.63,48,806.73,2025-07-11,2029-07-11,721,Very Good,0.4,1.15,active,
L00383,C00397,BR02,auto,14200,7.14,72,243.05,2025-07-13,2031-07-13,697,Good,0.41,0.94,active,
L00384,C00166,BR06,personal,19300,15.47,36,673.49,2025-07-16,2028-07-16,623,Fair,0.37,,paid_off,2026-04-01
L00385,C00478,BR18,personal,13400,8.45,48,329.97,2025-07-17,2029-07-17,831,Exceptional,0.43,,active,
L00386,C00984,BR15,auto,39200,5.3,72,636.78,2025-07-20,2031-07-20,784,Exceptional,0.3,0.93,active,
L00387,C00684,BR14,auto,29400,5.22,72,476.49,2025-07-21,2031-07-21,794,Exceptional,0.36,1.12,active,
L00388,C00594,BR02,auto,22800,7.3,72,392.01,2025-07-23,2031-07-23,684,Good,0.42,1.01,active,
L00389,C00260,BR12,auto,27400,7.38,60,547.48,2025-07-26,2030-07-26,701,Good,0.26,0.84,active,
L00390,C00894,BR05,personal,7800,19.1,24,393.57,2025-07-31,2027-07-28,513,Poor,0.25,,charged_off,2026-07-28
L00391,C00451,BR05,auto,32000,9.92,60,678.65,2025-08-09,2030-08-09,624,Fair,0.3,1.0,active,
L00392,C00659,BR18,auto,33100,13.71,60,765.21,2025-08-10,2030-08-10,618,Poor,0.36,0.71,active,
L00393,C00753,BR15,mortgage,585000,6.43,240,4337.53,2025-08-12,2045-08-12,774,Very Good,0.45,0.82,active,
L00394,C00005,BR03,personal,8500,10.28,24,393.33,2025-08-14,2027-08-14,774,Very Good,0.38,,active,
L00395,C00914,BR18,personal,10700,10.09,36,345.71,2025-08-16,2028-08-16,752,Very Good,0.4,,active,
L00396,C00162,BR12,personal,16600,9.86,36,534.54,2025-08-17,2028-08-17,724,Very Good,0.4,,active,
L00397,C00992,BR06,personal,11400,19.27,36,419.44,2025-08-17,2028-08-17,577,Poor,0.35,,charged_off,2026-07-17
L00398,C00722,BR01,mortgage,141000,6.75,360,914.52,2025-08-18,2055-08-18,724,Very Good,0.38,0.92,active,
L00399,C00971,BR16,auto,16500,6.07,60,319.53,2025-08-19,2030-08-19,776,Very Good,0.39,0.82,active,
L00400,C00246,BR08,mortgage,183000,7.12,180,1657.16,2025-08-20,2040-08-20,658,Fair,0.36,0.85,active,
L00401,C00638,BR02,personal,8100,15.77,60,195.99,2025-08-21,2030-08-21,657,Fair,0.34,,paid_off,2025-12-30
L00402,C00194,BR02,auto,43600,6.21,60,847.17,2025-08-22,2030-08-22,749,Very Good,0.39,0.93,active,
L00403,C00830,BR02,personal,8900,15.36,48,249.32,2025-08-22,2029-08-22,624,Fair,0.36,,active,
L00404,C00186,BR01,auto,37900,9.77,60,800.98,2025-08-25,2030-08-25,627,Fair,0.38,0.78,active,
L00405,C00506,BR09,personal,13600,15.33,60,325.9,2025-08-25,2030-08-25,665,Fair,0.37,,active,
L00406,C00834,BR16,auto,26000,7.15,60,516.67,2025-08-25,2030-08-25,677,Good,0.31,0.83,active,
L00407,C00587,BR01,personal,14100,12.3,36,470.34,2025-08-29,2028-08-28,672,Good,0.38,,active,
L00408,C00683,BR18,auto,57600,6.0,72,954.6,2025-08-29,2031-08-28,733,Very Good,0.4,0.91,active,
L00409,C00854,BR05,mortgage,434000,6.66,180,3818.88,2025-08-30,2040-08-28,729,Very Good,0.39,0.75,active,
L00410,C00674,BR06,personal,7300,10.01,24,336.89,2025-08-31,2027-08-28,751,Very Good,0.29,,active,
L00411,C00156,BR10,auto,28600,10.01,48,725.51,2025-09-01,2029-09-01,632,Fair,0.32,0.78,active,
L00412,C00770,BR02,auto,23500,9.6,60,494.69,2025-09-01,2030-09-01,662,Fair,0.34,0.75,active,
L00413,C00920,BR12,auto,24700,6.91,48,590.44,2025-09-02,2029-09-02,670,Good,0.33,1.0,active,
L00414,C00247,BR01,auto,20800,6.83,60,410.2,2025-09-03,2030-09-03,690,Good,0.35,1.05,active,
L00415,C00125,BR13,personal,8200,9.92,48,207.66,2025-09-04,2029-09-04,724,Very Good,0.35,,active,
L00416,C00375,BR02,personal,39400,15.33,48,1103.13,2025-09-04,2029-09-04,625,Fair,0.27,,active,
L00417,C00577,BR01,personal,14400,12.36,48,381.76,2025-09-04,2029-09-04,709,Good,0.34,,active,
L00418,C00327,BR03,auto,42900,9.61,60,903.29,2025-09-06,2030-09-06,650,Fair,0.35,0.69,paid_off,2025-12-06
L00419,C00482,BR15,auto,33600,9.96,60,713.24,2025-09-06,2030-09-06,651,Fair,0.39,0.9,active,
L00420,C00364,BR07,mortgage,185000,6.73,180,1635.03,2025-09-11,2040-09-11,740,Very Good,0.41,0.88,active,
L00421,C00403,BR17,personal,11600,9.74,60,244.98,2025-09-16,2030-09-16,760,Very Good,0.36,,active,
L00422,C00944,BR17,auto,24500,9.93,48,620.56,2025-09-18,2029-09-18,646,Fair,0.3,0.82,active,
L00423,C00489,BR09,auto,54900,9.92,48,1390.3,2025-09-20,2029-09-20,627,Fair,0.29,0.76,active,
L00424,C00973,BR09,personal,7900,12.22,24,372.69,2025-09-20,2027-09-20,694,Good,0.3,,active,
L00425,C00140,BR02,auto,26300,9.84,72,485.11,2025-09-21,2031-09-21,629,Fair,0.24,0.63,active,
L00426,C00147,BR01,personal,24200,8.89,36,768.32,2025-09-21,2028-09-21,830,Exceptional,0.41,,active,
L00427,C00388,BR18,auto,30200,9.76,60,638.1,2025-09-22,2030-09-22,629,Fair,0.21,0.91,charged_off,2026-02-22
L00428,C00213,BR05,personal,5700,8.56,60,117.11,2025-09-23,2030-09-23,789,Exceptional,0.45,,active,
L00429,C00801,BR08,auto,48800,9.93,60,1035.18,2025-09-26,2030-09-26,635,Fair,0.35,0.8,active,
L00430,C00278,BR09,personal,16600,11.99,48,437.06,2025-09-28,2029-09-28,673,Good,0.35,,active,
L00431,C00289,BR01,personal,7900,12.12,36,262.85,2025-09-29,2028-09-28,680,Good,0.33,,active,
L00432,C00417,BR09,personal,9600,10.49,36,311.98,2025-09-30,2028-09-28,759,Very Good,0.43,,active,
L00433,C00451,BR05,personal,5400,15.68,48,152.15,2025-09-30,2029-09-28,633,Fair,0.36,,active,
L00434,C00221,BR03,personal,26300,19.36,48,791.38,2025-10-03,2029-10-03,537,Poor,0.26,,active,
L00435,C00267,BR01,mortgage,274000,6.26,180,2350.83,2025-10-03,2040-10-03,732,Very Good,0.37,0.92,active,
L00436,C00790,BR13,auto,49300,9.75,72,907.12,2025-10-06,2031-10-06,665,Fair,0.32,0.74,active,
L00437,C00622,BR07,auto,17900,5.75,72,294.55,2025-10-09,2031-10-09,724,Very Good,0.29,0.8,active,
L00438,C00734,BR13,auto,41400,5.8,60,796.53,2025-10-09,2030-10-09,740,Very Good,0.36,0.89,active,
L00439,C00953,BR08,personal,5800,12.19,60,129.58,2025-10-09,2030-10-09,672,Good,0.39,,paid_off,2026-01-20
L00440,C00728,BR02,personal,11600,12.09,36,385.78,2025-10-11,2028-10-11,673,Good,0.34,,active,
L00441,C00445,BR05,auto,28000,9.38,60,586.41,2025-10-13,2030-10-13,655,Fair,0.34,0.97,active,
L00442,C00868,BR01,auto,8700,4.98,48,200.28,2025-10-13,2029-10-13,782,Exceptional,0.37,1.1,active,
L00443,C00880,BR14,auto,52400,5.81,48,1226.06,2025-10-13,2029-10-13,758,Very Good,0.39,0.69,paid_off,2025-12-22
L00444,C00912,BR05,personal,15000,19.09,48,449.21,2025-10-16,2029-10-16,572,Poor,0.25,,active,
L00445,C00559,BR10,personal,33000,15.49,24,1607.75,2025-10-17,2027-10-17,638,Fair,0.22,,active,
L00446,C00902,BR05,auto,53500,9.92,60,1134.61,2025-10-17,2030-10-17,638,Fair,0.29,1.0,active,
L00447,C00686,BR01,auto,34400,5.12,60,651.06,2025-10-21,2030-10-21,797,Exceptional,0.36,1.05,charged_off,2026-05-21
L00448,C00652,BR06,personal,32200,15.37,36,1122.07,2025-10-24,2028-10-24,637,Fair,0.31,,charged_off,2026-05-24
L00449,C01003,BR12,personal,29000,12.3,36,967.38,2025-10-25,2028-10-25,701,Good,0.38,,charged_off,2026-06-25
L00450,C00225,BR01,auto,27400,13.36,72,555.25,2025-10-27,2031-10-27,602,Poor,0.34,0.65,charged_off,2026-05-27
L00451,C00233,BR02,auto,26100,7.19,60,519.15,2025-10-27,2030-10-27,673,Good,0.4,1.05,active,
L00452,C00467,BR13,personal,10000,9.9,60,211.98,2025-10-27,2030-10-27,747,Very Good,0.28,,active,
L00453,C00368,BR01,personal,7800,10.96,36,255.21,2025-10-29,2028-10-28,768,Very Good,0.32,,active,
L00454,C00514,BR16,auto,24800,10.11,72,460.82,2025-10-29,2031-10-28,660,Fair,0.37,0.8,active,
L00455,C00574,BR11,personal,14400,10.07,24,664.95,2025-10-29,2027-10-28,765,Very Good,0.43,,active,
L00456,C00430,BR06,auto,39400,6.62,48,936.55,2025-10-31,2029-10-28,747,Very Good,0.33,0.86,active,
L00457,C00771,BR15,auto,21200,9.87,60,449.08,2025-10-31,2030-10-28,666,Fair,0.26,0.8,active,
L00458,C01002,BR08,personal,5700,15.56,24,277.89,2025-10-31,2027-10-28,667,Fair,0.29,,active,
L00459,C00735,BR05,auto,33800,13.62,48,917.2,2025-11-01,2029-11-01,559,Poor,0.22,0.7,active,
L00460,C00353,BR15,auto,25200,6.22,60,489.77,2025-11-02,2030-11-02,722,Very Good,0.39,0.83,active,
L00461,C00655,BR11,personal,9400,15.84,48,265.63,2025-11-02,2029-11-02,661,Fair,0.37,,active,
L00462,C00985,BR06,auto,22600,7.12,48,542.44,2025-11-02,2029-11-02,674,Good,0.36,1.03,active,
L00463,C00775,BR04,personal,41300,12.36,48,1094.9,2025-11-03,2029-11-03,703,Good,0.2,,active,
L00464,C00989,BR14,personal,8600,15.36,24,418.46,2025-11-03,2027-11-03,669,Fair,0.38,,active,
L00465,C00550,BR09,auto,28700,5.9,60,553.52,2025-11-04,2030-11-04,738,Very Good,0.33,0.91,active,
L00466,C00578,BR09,auto,26100,10.06,60,555.32,2025-11-06,2030-11-06,663,Fair,0.22,0.91,active,
L00467,C00385,BR01,auto,17500,5.12,72,282.81,2025-11-08,2031-11-08,816,Exceptional,0.39,0.99,active,
L00468,C00934,BR07,personal,10400,19.44,36,383.54,2025-11-08,2028-11-08,615,Poor,0.34,,active,
L00469,C00129,BR07,personal,16000,15.73,24,781.35,2025-11-09,2027-11-09,652,Fair,0.32,,active,
L00470,C00723,BR09,auto,45600,13.12,48,1226.05,2025-11-10,2029-11-10,600,Poor,0.21,0.9,active,
L00471,C00388,BR18,personal,12300,19.4,36,453.36,2025-11-12,2028-11-12,613,Poor,0.29,,active,
L00472,C00747,BR09,personal,6600,15.34,24,321.08,2025-11-14,2027-11-14,621,Fair,0.27,,active,
L00473,C00569,BR15,auto,43700,9.91,72,807.6,2025-11-15,2031-11-15,640,Fair,0.3,0.8,active,
L00474,C00463,BR18,personal,24500,15.26,24,1190.95,2025-11-16,2027-11-16,658,Fair,0.22,,active,
L00475,C00317,BR07,mortgage,118000,7.11,360,793.79,2025-11-22,2055-11-22,690,Good,0.22,0.57,active,
L00476,C00117,BR04,auto,19500,9.84,60,412.78,2025-11-23,2030-11-23,664,Fair,0.35,0.94,active,
L00477,C00572,BR06,auto,23500,6.3,60,457.61,2025-11-27,2030-11-27,760,Very Good,0.44,0.98,active,
L00478,C00383,BR06,auto,49900,10.22,72,929.98,2025-11-28,2031-11-28,654,Fair,0.28,0.79,active,
L00479,C00754,BR04,personal,12100,12.32,36,403.75,2025-11-28,2028-11-28,701,Good,0.39,,charged_off,2026-08-28
L00480,C00869,BR11,auto,22700,6.97,60,449.17,2025-11-28,2030-11-28,690,Good,0.28,1.01,active,
L00481,C00369,BR14,auto,44000,7.27,60,876.87,2025-11-29,2030-11-28,672,Good,0.38,0.97,active,
L00482,C00697,BR07,personal,4800,15.69,24,234.31,2025-11-30,2027-11-28,657,Fair,0.3,,active,
L00483,C00725,BR05,auto,20800,6.93,60,411.18,2025-11-30,2030-11-28,695,Good,0.2,0.86,active,
L00484,C00849,BR03,auto,19900,13.66,72,406.44,2025-12-02,2031-12-02,604,Poor,0.33,0.67,active,
L00485,C00957,BR15,personal,7400,15.54,36,258.48,2025-12-02,2028-12-02,656,Fair,0.33,,active,
L00486,C01000,BR02,personal,27100,20.08,48,825.82,2025-12-02,2029-12-02,579,Poor,0.3,,active,
L00487,C00188,BR03,auto,44100,13.39,60,1012.24,2025-12-03,2030-12-03,602,Poor,0.26,0.9,active,
L00488,C00502,BR03,auto,39400,5.9,72,651.11,2025-12-05,2031-12-05,737,Very Good,0.35,0.72,active,
L00489,C00752,BR09,auto,12300,9.67,60,259.35,2025-12-05,2030-12-05,666,Fair,0.37,0.86,active,
L00490,C00688,BR18,auto,32900,6.85,60,649.13,2025-12-06,2030-12-06,690,Good,0.35,1.07,active,
L00491,C00864,BR15,personal,20500,19.73,36,759.04,2025-12-07,2028-12-07,604,Poor,0.29,,charged_off,2026-07-07
L00492,C00555,BR07,auto,62700,9.86,60,1327.87,2025-12-08,2030-12-08,630,Fair,0.23,0.82,active,
L00493,C00717,BR01,auto,22900,5.72,48,534.87,2025-12-08,2029-12-08,723,Very Good,0.43,0.93,active,
L00494,C00358,BR01,auto,46300,6.02,60,895.54,2025-12-09,2030-12-09,731,Very Good,0.34,1.09,active,
L00495,C00331,BR11,auto,19300,13.31,72,390.6,2025-12-10,2031-12-10,613,Poor,0.36,0.86,active,
L00496,C00587,BR01,auto,26600,6.79,72,450.83,2025-12-10,2031-12-10,693,Good,0.28,0.75,active,
L00497,C00988,BR02,personal,10800,15.68,48,304.31,2025-12-10,2029-12-10,666,Fair,0.32,,active,
L00498,C00651,BR11,auto,25500,5.41,72,415.54,2025-12-11,2031-12-11,790,Exceptional,0.32,1.01,active,
L00499,C00437,BR13,personal,9200,9.98,60,195.38,2025-12-15,2030-12-15,767,Very Good,0.41,,active,
L00500,C00882,BR06,personal,21400,10.31,36,693.64,2025-12-15,2028-12-15,730,Very Good,0.37,,active,
L00501,C00373,BR09,auto,36400,13.13,60,830.64,2025-12-17,2030-12-17,587,Poor,0.29,0.74,active,
L00502,C00773,BR09,auto,26100,5.52,60,498.78,2025-12-22,2030-12-22,831,Exceptional,0.36,1.07,active,
L00503,C00452,BR12,personal,3700,10.11,24,170.92,2025-12-23,2027-12-23,736,Very Good,0.23,,active,
L00504,C00705,BR02,personal,18900,19.81,36,700.56,2025-12-23,2028-12-23,585,Poor,0.34,,active,
L00505,C00948,BR12,auto,40700,7.25,72,698.79,2025-12-23,2031-12-23,707,Good,0.37,0.75,active,
L00506,C00943,BR06,personal,8100,15.43,60,194.53,2025-12-25,2030-12-25,621,Fair,0.27,,active,
L00507,C00309,BR05,personal,3400,9.91,36,109.56,2025-12-28,2028-12-28,751,Very Good,0.41,,charged_off,2026-07-28
L00508,C00251,BR11,personal,15600,19.57,60,409.58,2025-12-29,2030-12-28,600,Poor,0.25,,active,
L00509,C00624,BR11,auto,31700,7.17,48,761.6,2025-12-29,2029-12-28,702,Good,0.35,0.92,active,
L00510,C00072,BR03,auto,51600,6.15,48,1215.38,2025-12-30,2029-12-28,735,Very Good,0.36,0.95,active,
L00511,C00101,BR13,auto,38400,6.07,60,743.63,2025-12-30,2030-12-28,758,Very Good,0.29,0.9,active,
L00512,C00083,BR17,auto,39400,10.17,48,1002.51,2026-01-01,2030-01-01,640,Fair,0.36,0.89,active,
L00513,C00435,BR01,auto,22400,5.01,60,422.82,2026-01-02,2031-01-02,796,Exceptional,0.43,1.01,active,
L00514,C00537,BR06,auto,17600,5.74,48,411.24,2026-01-02,2030-01-02,740,Very Good,0.36,0.94,active,
L00515,C00945,BR12,auto,27700,5.7,60,531.66,2026-01-05,2031-01-05,759,Very Good,0.37,1.15,active,
L00516,C00393,BR06,personal,29000,19.43,24,1467.92,2026-01-07,2028-01-07,612,Poor,0.35,,active,
L00517,C00039,BR05,personal,6000,12.26,24,283.17,2026-01-11,2028-01-11,671,Good,0.37,,active,
L00518,C00994,BR08,mortgage,440000,6.33,180,3791.87,2026-01-12,2041-01-12,736,Very Good,0.29,0.82,active,
L00519,C00543,BR02,personal,15000,9.61,48,377.64,2026-01-15,2030-01-15,758,Very Good,0.36,,active,
L00520,C00438,BR01,auto,22500,9.87,48,569.25,2026-01-16,2030-01-16,665,Fair,0.33,0.88,active,
L00521,C00408,BR02,personal,14200,19.24,24,717.46,2026-01-19,2028-01-19,576,Poor,0.22,,active,
L00522,C00627,BR12,personal,6000,12.28,36,200.09,2026-01-20,2029-01-20,673,Good,0.43,,active,
L00523,C01024,BR09,personal,4500,19.26,24,227.41,2026-01-24,2028-01-24,576,Poor,0.26,,active,
L00524,C00797,BR07,auto,44200,7.46,48,1067.88,2026-01-25,2030-01-25,680,Good,0.27,0.67,active,
L00525,C00314,BR02,personal,7200,10.18,24,332.84,2026-01-26,2028-01-26,733,Very Good,0.44,,active,
L00526,C00270,BR07,personal,19000,12.31,24,897.15,2026-01-31,2028-01-28,712,Good,0.31,,active,
L00527,C00873,BR14,personal,15000,15.49,60,360.72,2026-02-03,2031-02-03,624,Fair,0.3,,active,
L00528,C00987,BR07,auto,36200,9.36,48,907.04,2026-02-06,2030-02-06,644,Fair,0.32,0.78,active,
L00529,C00742,BR08,auto,66300,13.53,60,1526.58,2026-02-08,2031-02-08,610,Poor,0.3,0.84,active,
L00530,C00735,BR05,personal,17300,19.96,36,642.58,2026-02-09,2029-02-09,566,Poor,0.27,,active,
L00531,C00264,BR07,personal,14000,10.08,48,355.61,2026-02-10,2030-02-10,774,Very Good,0.49,,active,
L00532,C00532,BR16,auto,54100,9.83,48,1367.7,2026-02-14,2030-02-14,635,Fair,0.34,0.97,active,
L00533,C00648,BR08,personal,7800,11.94,48,205.17,2026-02-14,2030-02-14,694,Good,0.37,,active,
L00534,C00127,BR14,personal,12700,9.71,24,584.34,2026-02-15,2028-02-15,757,Very Good,0.3,,paid_off,2026-05-04
L00535,C00695,BR10,auto,44800,7.07,72,765.3,2026-02-16,2032-02-16,677,Good,0.41,0.85,active,
L00536,C00870,BR18,auto,11200,13.37,60,256.96,2026-02-17,2031-02-17,577,Poor,0.19,0.69,paid_off,2026-03-23
L00537,C00399,BR05,auto,18400,6.03,60,355.98,2026-02-20,2031-02-20,777,Very Good,0.42,1.15,active,
L00538,C00395,BR11,personal,4800,11.73,36,158.81,2026-02-26,2029-02-26,688,Good,0.45,,active,
L00539,C00933,BR01,auto,54800,7.47,72,946.7,2026-02-26,2032-02-26,705,Good,0.29,0.93,active,
L00540,C00310,BR12,personal,26500,10.19,24,1225.17,2026-03-02,2028-03-02,776,Very Good,0.49,,active,
L00541,C00781,BR07,personal,18100,8.42,36,570.7,2026-03-05,2029-03-05,780,Exceptional,0.47,,active,
L00542,C00372,BR01,auto,19500,5.91,60,376.17,2026-03-06,2031-03-06,777,Very Good,0.4,0.92,active,
L00543,C00582,BR15,auto,35900,5.54,72,587.2,2026-03-06,2032-03-06,784,Exceptional,0.44,1.04,active,
L00544,C01006,BR07,personal,17900,15.61,36,625.87,2026-03-06,2029-03-06,639,Fair,0.37,,active,
L00545,C00037,BR12,personal,16400,9.93,48,415.4,2026-03-07,2030-03-07,755,Very Good,0.32,,active,
L00546,C01027,BR02,auto,41300,6.94,48,987.83,2026-03-07,2030-03-07,687,Good,0.33,0.88,paid_off,2026-09-11
L00547,C00479,BR15,auto,25800,7.26,72,443.09,2026-03-11,2032-03-11,702,Good,0.32,0.94,active,
L00548,C00739,BR07,auto,66800,6.15,60,1296.1,2026-03-12,2031-03-12,733,Very Good,0.36,0.92,active,
L00549,C00743,BR04,mortgage,160000,6.33,360,993.49,2026-03-12,2056-03-12,681,Good,0.28,0.64,active,
L00550,C01034,BR10,auto,28500,7.09,72,487.13,2026-03-13,2032-03-13,672,Good,0.36,0.75,active,
L00551,C00753,BR15,auto,23800,5.76,72,391.74,2026-03-14,2032-03-14,761,Very Good,0.47,1.15,active,
L00552,C00839,BR13,personal,11800,10.06,48,299.62,2026-03-16,2030-03-16,748,Very Good,0.42,,active,
L00553,C00858,BR13,personal,19800,11.76,48,519.08,2026-03-16,2030-03-16,684,Good,0.34,,paid_off,2026-08-01
L00554,C00202,BR02,personal,5900,15.58,48,165.94,2026-03-17,2030-03-17,658,Fair,0.24,,active,
L00555,C00410,BR02,personal,2500,12.47,36,83.6,2026-03-17,2029-03-17,671,Good,0.42,,active,
L00556,C00816,BR05,personal,15500,15.74,48,437.21,2026-03-17,2030-03-17,621,Fair,0.35,,active,
L00557,C01029,BR18,personal,12900,19.1,36,473.52,2026-03-17,2029-03-17,586,Poor,0.3,,active,
L00558,C00519,BR14,auto,39200,9.9,72,724.24,2026-03-21,2032-03-21,647,Fair,0.33,0.97,active,
L00559,C00941,BR15,auto,18000,9.62,72,330.03,2026-03-22,2032-03-22,629,Fair,0.35,0.9,active,
L00560,C01011,BR02,personal,2500,15.32,24,121.6,2026-03-23,2028-03-23,650,Fair,0.28,,active,
L00561,C00633,BR03,auto,46500,9.85,72,857.94,2026-03-26,2032-03-26,652,Fair,0.36,0.7,active,
L00562,C00827,BR13,auto,17100,6.76,60,336.67,2026-03-26,2031-03-26,691,Good,0.33,0.93,active,
L00563,C00981,BR06,personal,18200,19.52,36,671.93,2026-03-30,2029-03-28,604,Poor,0.31,,active,
L00564,C00523,BR06,auto,33200,5.89,48,778.03,2026-03-31,2030-03-28,722,Very Good,0.39,0.96,active,
L00565,C00700,BR02,personal,23100,19.38,60,604.07,2026-03-31,2031-03-28,613,Poor,0.28,,active,
L00566,C00965,BR09,personal,3600,11.81,36,119.25,2026-04-03,2029-04-03,691,Good,0.32,,active,
L00567,C00462,BR06,personal,10900,8.64,36,344.79,2026-04-06,2029-04-06,802,Exceptional,0.25,,active,
L00568,C00925,BR01,auto,35800,13.31,48,965.94,2026-04-06,2030-04-06,608,Poor,0.34,0.86,active,
L00569,C00215,BR05,auto,30300,7.48,48,732.34,2026-04-09,2030-04-09,717,Good,0.25,0.85,active,
L00570,C00220,BR10,auto,14700,9.52,60,308.87,2026-04-10,2031-04-10,649,Fair,0.31,0.89,active,
L00571,C00926,BR06,personal,5400,15.36,36,188.15,2026-04-12,2029-04-12,623,Fair,0.34,,active,
L00572,C01023,BR07,personal,5400,19.27,48,162.23,2026-04-12,2030-04-12,578,Poor,0.31,,active,
L00573,C01042,BR14,personal,6200,19.32,60,161.93,2026-04-13,2031-04-13,514,Poor,0.23,,active,
L00574,C01005,BR03,auto,21400,5.44,60,408.17,2026-04-15,2031-04-15,750,Very Good,0.41,0.79,active,
L00575,C00874,BR05,auto,62600,13.51,60,1440.74,2026-04-18,2031-04-18,597,Poor,0.32,0.79,active,
L00576,C00086,BR18,auto,24000,5.74,48,560.78,2026-04-21,2030-04-21,775,Very Good,0.35,1.04,active,
L00577,C00917,BR03,personal,2600,10.07,24,120.06,2026-04-25,2028-04-25,760,Very Good,0.38,,active,
L00578,C00488,BR06,auto,28500,7.0,48,682.47,2026-04-26,2030-04-26,698,Good,0.3,0.92,active,
L00579,C00785,BR01,personal,16100,10.07,24,743.45,2026-04-28,2028-04-28,747,Very Good,0.39,,paid_off,2026-07-08
L00580,C00393,BR06,auto,24900,13.5,48,674.2,2026-05-03,2030-05-03,610,Poor,0.25,0.59,active,
L00581,C00288,BR01,personal,23200,15.7,36,812.21,2026-05-04,2029-05-04,664,Fair,0.37,,active,
L00582,C00831,BR01,auto,18100,7.12,72,309.63,2026-05-05,2032-05-05,692,Good,0.25,0.86,active,
L00583,C00558,BR09,auto,16300,9.71,60,344.01,2026-05-06,2031-05-06,632,Fair,0.3,0.82,active,
L00584,C00728,BR02,auto,28300,7.53,60,567.48,2026-05-06,2031-05-06,677,Good,0.28,0.74,active,
L00585,C00426,BR09,auto,31900,9.9,72,589.37,2026-05-08,2032-05-08,644,Fair,0.34,0.86,active,
L00586,C00624,BR14,personal,6900,12.23,60,154.29,2026-05-08,2031-05-08,680,Good,0.37,,active,
L00587,C00575,BR11,personal,19900,12.16,36,662.49,2026-05-14,2029-05-14,697,Good,0.42,,active,
L00588,C00154,BR17,auto,39100,6.78,48,932.31,2026-05-15,2030-05-15,688,Good,0.42,0.79,active,
L00589,C00340,BR16,auto,10700,9.33,60,223.83,2026-05-17,2031-05-17,656,Fair,0.38,0.95,active,
L00590,C00367,BR05,auto,40900,5.4,72,666.31,2026-05-17,2032-05-17,805,Exceptional,0.34,1.05,active,
L00591,C01028,BR10,personal,9800,19.86,24,498.11,2026-05-18,2028-05-18,558,Poor,0.28,,active,
L00592,C00833,BR15,auto,40500,13.52,60,932.32,2026-05-21,2031-05-21,619,Poor,0.33,0.78,active,
L00593,C00954,BR16,auto,33300,13.97,60,774.31,2026-05-23,2031-05-23,562,Poor,0.31,0.57,active,
L00594,C00884,BR05,personal,11400,19.3,36,419.61,2026-05-27,2029-05-27,522,Poor,0.18,,active,
L00595,C00042,BR04,personal,7800,12.42,48,207.02,2026-05-28,2030-05-28,676,Good,0.41,,active,
L00596,C00293,BR04,auto,13700,13.31,72,277.26,2026-06-02,2032-06-02,580,Poor,0.27,0.69,active,
L00597,C00308,BR18,auto,25800,5.39,60,491.5,2026-06-03,2031-06-03,785,Exceptional,0.41,0.86,active,
L00598,C01018,BR03,personal,8800,11.97,36,292.16,2026-06-05,2029-06-05,671,Good,0.29,,active,
L00599,C00142,BR14,mortgage,499000,7.33,360,3431.18,2026-06-06,2056-06-06,653,Fair,0.36,0.75,active,
L00600,C00230,BR08,personal,8500,19.93,48,258.34,2026-06-06,2030-06-06,589,Poor,0.14,,active,
L00601,C01023,BR07,auto,36700,13.14,60,837.67,2026-06-07,2031-06-07,558,Poor,0.22,0.77,active,
L00602,C00703,BR08,auto,39000,6.25,48,920.39,2026-06-08,2030-06-08,740,Very Good,0.35,1.04,active,
L00603,C01048,BR18,personal,11300,12.15,24,532.72,2026-06-08,2028-06-08,715,Good,0.43,,active,
L00604,C00483,BR01,auto,19100,9.68,72,350.77,2026-06-09,2032-06-09,666,Fair,0.35,0.89,paid_off,2026-09-18
L00605,C00087,BR02,auto,23900,5.06,60,451.68,2026-06-11,2031-06-11,788,Exceptional,0.41,0.88,active,
L00606,C00476,BR08,personal,4900,15.22,60,117.14,2026-06-15,2031-06-15,624,Fair,0.35,,active,
L00607,C00556,BR04,auto,29500,7.22,60,587.2,2026-06-15,2031-06-15,674,Good,0.34,0.99,active,
L00608,C00754,BR16,auto,34800,7.16,60,691.71,2026-06-15,2031-06-15,701,Good,0.34,0.88,active,
L00609,C00405,BR01,mortgage,287000,6.03,360,1726.25,2026-06-18,2056-06-18,762,Very Good,0.42,0.95,active,
L00610,C00707,BR09,personal,3700,11.95,36,122.8,2026-06-20,2029-06-20,672,Good,0.22,,active,
L00611,C01004,BR16,auto,29500,9.68,72,541.76,2026-06-22,2032-06-22,656,Fair,0.26,0.89,active,
L00612,C00337,BR15,auto,15400,13.65,48,418.13,2026-06-23,2030-06-23,553,Poor,0.17,0.62,active,
L00613,C00276,BR04,personal,14000,19.69,60,368.5,2026-06-24,2031-06-24,531,Poor,0.31,,active,
L00614,C00509,BR11,auto,39900,6.18,60,774.72,2026-06-25,2031-06-25,729,Very Good,0.41,0.88,active,
L00615,C00052,BR01,auto,35900,9.8,72,661.46,2026-06-26,2032-06-26,665,Fair,0.34,0.66,active,
L00616,C00804,BR07,personal,7000,19.8,36,259.43,2026-06-27,2029-06-27,618,Poor,0.27,,active,
L00617,C00197,BR09,auto,14600,13.5,60,335.94,2026-06-29,2031-06-28,576,Poor,0.25,0.81,active,
L00618,C00194,BR02,personal,6200,9.92,48,157.01,2026-06-30,2030-06-28,725,Very Good,0.42,,active,
L00619,C00243,BR11,personal,5900,9.85,48,149.21,2026-06-30,2030-06-28,727,Very Good,0.36,,active,
L00620,C00699,BR06,auto,26100,7.24,72,447.99,2026-06-30,2032-06-28,683,Good,0.34,0.8,active,
L00621,C00744,BR01,personal,7700,12.04,48,202.92,2026-06-30,2030-06-28,686,Good,0.4,,active,
L00622,C00552,BR12,auto,29300,7.2,60,582.94,2026-07-01,2031-07-01,716,Good,0.33,0.73,active,
L00623,C00289,BR01,auto,31500,6.61,72,531.16,2026-07-05,2032-07-05,682,Good,0.34,0.76,active,
L00624,C00016,BR07,personal,14400,11.63,36,475.75,2026-07-07,2029-07-07,694,Good,0.32,,active,
L00625,C00843,BR12,auto,14300,9.51,48,359.33,2026-07-07,2030-07-07,637,Fair,0.2,0.72,active,
L00626,C00398,BR05,personal,5800,12.34,36,193.59,2026-07-08,2029-07-08,716,Good,0.4,,active,
L00627,C00647,BR07,auto,14800,10.04,48,375.65,2026-07-08,2030-07-08,632,Fair,0.22,0.98,active,
L00628,C00678,BR02,personal,14600,11.98,36,484.79,2026-07-08,2029-07-08,690,Good,0.23,,active,
L00629,C00900,BR12,personal,20900,12.11,36,695.28,2026-07-08,2029-07-08,698,Good,0.37,,active,
L00630,C00004,BR02,auto,60200,5.87,72,994.0,2026-07-11,2032-07-11,745,Very Good,0.31,0.64,active,
L00631,C00041,BR02,personal,13400,15.86,24,655.21,2026-07-12,2028-07-12,625,Fair,0.28,,active,
L00632,C00328,BR02,personal,10200,15.32,36,355.19,2026-07-13,2029-07-13,664,Fair,0.21,,active,
L00633,C00386,BR13,auto,33500,6.26,48,790.75,2026-07-15,2030-07-15,722,Very Good,0.24,1.04,active,
L00634,C00807,BR09,personal,4400,15.44,36,153.48,2026-07-16,2029-07-16,647,Fair,0.35,,active,
L00635,C00017,BR03,auto,27600,6.32,60,537.7,2026-07-17,2031-07-17,735,Very Good,0.36,1.02,active,
L00636,C00143,BR09,auto,21500,4.81,48,493.28,2026-07-18,2030-07-18,791,Exceptional,0.35,0.75,active,
L00637,C00866,BR18,auto,21300,13.32,60,488.14,2026-07-19,2031-07-19,568,Poor,0.14,0.84,active,
L00638,C01039,BR15,personal,3900,15.46,48,109.45,2026-07-20,2030-07-20,661,Fair,0.25,,active,
L00639,C01026,BR10,personal,5700,10.22,36,184.51,2026-07-21,2029-07-21,728,Very Good,0.31,,active,
L00640,C00808,BR04,personal,11300,12.2,24,532.99,2026-07-23,2028-07-23,713,Good,0.31,,active,
L00641,C00636,BR02,auto,16400,5.57,48,381.93,2026-07-24,2030-07-24,743,Very Good,0.32,0.97,active,
L00642,C00248,BR02,auto,25100,9.66,60,529.11,2026-07-26,2031-07-26,631,Fair,0.27,0.51,active,
L00643,C00936,BR06,auto,23500,9.58,60,494.46,2026-07-26,2031-07-26,655,Fair,0.32,0.84,active,
L00644,C00761,BR15,personal,5400,12.18,36,179.82,2026-07-27,2029-07-27,711,Good,0.35,,active,
L00645,C00104,BR01,auto,42900,7.32,48,1033.67,2026-07-29,2030-07-28,700,Good,0.34,1.03,active,
L00646,C00742,BR08,personal,11400,15.63,60,274.99,2026-07-29,2031-07-28,633,Fair,0.18,,active,
L00647,C00855,BR01,personal,17000,12.19,36,566.19,2026-07-30,2029-07-28,697,Good,0.25,,active,
L00648,C00203,BR01,auto,30900,7.38,60,617.41,2026-07-31,2031-07-28,686,Good,0.28,0.82,active,
L00649,C01017,BR04,personal,10100,10.22,36,326.94,2026-08-02,2029-08-02,767,Very Good,0.39,,active,
L00650,C00481,BR11,personal,10700,12.4,48,283.88,2026-08-04,2030-08-04,692,Good,0.27,,active,
L00651,C00509,BR11,personal,13300,12.17,36,442.83,2026-08-04,2029-08-04,718,Good,0.36,,active,
L00652,C00702,BR09,auto,50000,6.95,48,1196.15,2026-08-04,2030-08-04,677,Good,0.32,0.91,active,
L00653,C00919,BR04,auto,18800,13.4,60,431.62,2026-08-04,2031-08-04,593,Poor,0.2,0.6,active,
L00654,C01054,BR05,personal,10700,19.99,48,325.55,2026-08-04,2030-08-04,525,Poor,0.27,,active,
L00655,C00777,BR02,personal,30100,10.07,36,972.23,2026-08-07,2029-08-07,745,Very Good,0.36,,active,
L00656,C00901,BR06,auto,29500,9.51,48,741.27,2026-08-07,2030-08-07,666,Fair,0.27,0.69,active,
L00657,C00501,BR18,auto,44900,9.8,60,949.58,2026-08-08,2031-08-08,628,Fair,0.18,0.78,active,
L00658,C00473,BR06,auto,50400,6.32,60,981.89,2026-08-10,2031-08-10,754,Very Good,0.38,1.15,active,
L00659,C00716,BR05,personal,24200,12.04,36,804.25,2026-08-16,2029-08-16,677,Good,0.39,,active,
L00660,C01058,BR10,auto,24600,6.16,48,579.54,2026-08-17,2030-08-17,737,Very Good,0.41,0.77,active,
L00661,C01059,BR05,personal,11900,19.32,36,438.13,2026-08-20,2029-08-20,585,Poor,0.27,,active,
L00662,C00641,BR06,auto,54000,6.24,48,1274.14,2026-08-22,2030-08-22,730,Very Good,0.23,1.15,active,
L00663,C00990,BR15,personal,16400,15.22,36,570.28,2026-08-22,2029-08-22,629,Fair,0.32,,active,
L00664,C00962,BR03,auto,43300,7.14,60,860.25,2026-08-23,2031-08-23,692,Good,0.37,1.1,active,
L00665,C01057,BR18,personal,15600,15.38,36,543.69,2026-08-25,2029-08-25,634,Fair,0.16,,active,
L00666,C00428,BR12,personal,40700,10.11,60,866.96,2026-08-27,2031-08-27,772,Very Good,0.39,,active,
L00667,C00758,BR02,auto,22300,10.05,72,413.69,2026-08-28,2032-08-28,652,Fair,0.34,1.0,active,
L00668,C00772,BR05,personal,23300,19.4,24,1179.05,2026-08-29,2028-08-28,583,Poor,0.21,,active,
L00669,C00878,BR17,personal,36000,10.3,48,918.25,2026-08-30,2030-08-28,771,Very Good,0.31,,active,
L00670,C00262,BR02,personal,4500,15.61,36,157.34,2026-08-31,2029-08-28,665,Fair,0.23,,active,
L00671,C00610,BR12,auto,29600,7.25,60,589.61,2026-08-31,2031-08-28,709,Good,0.32,1.01,active,
L00672,C00311,BR07,auto,23000,7.16,72,393.9,2026-09-02,2032-09-02,697,Good,0.24,0.94,active,
L00673,C00952,BR01,personal,8400,19.32,60,219.38,2026-09-02,2031-09-02,578,Poor,0.17,,active,
L00674,C00748,BR10,personal,8600,10.2,36,278.31,2026-09-03,2029-09-03,771,Very Good,0.4,,active,
L00675,C00795,BR01,auto,16400,12.87,48,438.91,2026-09-03,2030-09-03,558,Poor,0.24,0.71,active,
L00676,C00306,BR05,auto,75000,13.11,72,1509.92,2026-09-05,2032-09-05,576,Poor,0.28,0.69,active,
L00677,C00317,BR06,personal,10300,11.96,24,484.66,2026-09-05,2028-09-05,700,Good,0.4,,active,
L00678,C00808,BR10,auto,9400,7.2,72,161.16,2026-09-05,2032-09-05,686,Good,0.16,0.9,active,
L00679,C00094,BR15,auto,22000,5.98,60,425.12,2026-09-07,2031-09-07,762,Very Good,0.42,0.61,active,
L00680,C00239,BR01,auto,20800,6.03,72,345.01,2026-09-07,2032-09-07,769,Very Good,0.26,0.84,active,
L00681,C00381,BR08,personal,14100,15.7,60,340.64,2026-09-07,2031-09-07,645,Fair,0.23,,active,
L00682,C00450,BR10,personal,9300,19.66,24,471.79,2026-09-08,2028-09-08,619,Poor,0.25,,active,
L00683,C00526,BR18,personal,8900,8.32,48,218.61,2026-09-08,2030-09-08,787,Exceptional,0.36,,active,
L00684,C00510,BR06,personal,14800,10.14,48,376.36,2026-09-09,2030-09-09,762,Very Good,0.37,,active,
L00685,C00354,BR04,personal,4700,15.33,24,228.62,2026-09-11,2028-09-11,627,Fair,0.33,,active,
L00686,C00701,BR09,auto,37700,5.09,72,608.73,2026-09-11,2032-09-11,789,Exceptional,0.36,1.0,active,
L00687,C00427,BR07,auto,58300,7.37,60,1164.61,2026-09-13,2031-09-13,688,Good,0.35,0.97,active,
L00688,C00436,BR12,personal,11400,15.33,48,319.18,2026-09-14,2030-09-14,668,Fair,0.32,,active,
L00689,C00958,BR01,personal,13800,10.18,60,294.43,2026-09-14,2031-09-14,746,Very Good,0.32,,active,
