defect_id,detected_at,machine_id,work_order_id,defect_type,severity,detection_stage,quantity_affected,disposition,cost_usd
QD-00001,2025-07-02 07:19:00,DAY-GRD-01,WO-00016,surface_finish,minor,final_inspection,3,scrap,213.0
QD-00002,2025-07-03 14:57:00,DAY-RBT-02,WO-00034,weld_defect,minor,in_process,6,rework,46.8
QD-00003,2025-07-07 08:48:00,DAY-PRS-02,WO-00030,crack,major,in_process,12,scrap,168.0
QD-00004,2025-07-07 18:01:00,DAY-PRS-02,WO-00030,burr,minor,in_process,9,use_as_is,0.0
QD-00005,2025-07-09 11:33:00,BRN-PRS-01,WO-00011,dimension_oob,major,in_process,18,scrap,1278.0
QD-00006,2025-07-11 08:18:00,MTY-RBT-01,WO-00052,weld_defect,major,in_process,8,scrap,360.0
QD-00007,2025-07-15 18:38:00,MTY-LTH-01,WO-00038,surface_finish,minor,final_inspection,8,rework,45.6
QD-00008,2025-07-15 19:22:00,MTY-PRS-02,WO-00050,dimension_oob,minor,in_process,10,rework,192.0
QD-00009,2025-07-16 17:12:00,BRN-MIL-01,WO-00005,surface_finish,minor,final_inspection,1,rework,4.2
QD-00010,2025-07-17 15:13:00,MTY-PRS-02,WO-00050,dimension_oob,minor,final_inspection,6,scrap,384.0
QD-00011,2025-07-17 20:26:00,MTY-LTH-01,WO-00038,dimension_oob,major,in_process,32,rework,182.4
QD-00012,2025-07-17 21:39:00,DAY-LTH-01,WO-00017,dimension_oob,major,final_inspection,23,rework,96.6
QD-00013,2025-07-18 08:46:00,MTY-MIL-05,WO-00047,dimension_oob,minor,in_process,5,scrap,355.0
QD-00014,2025-07-18 09:31:00,BRN-PRS-01,WO-00011,crack,major,final_inspection,32,scrap,2272.0
QD-00015,2025-07-18 11:27:00,MTY-RBT-02,WO-00053,surface_finish,major,final_inspection,25,scrap,1775.0
QD-00016,2025-07-18 13:15:00,DAY-RBT-01,WO-00033,surface_finish,minor,final_inspection,8,rework,33.6
QD-00017,2025-07-18 16:53:00,BRN-RBT-02,WO-00015,weld_defect,minor,final_inspection,4,rework,76.8
QD-00018,2025-07-18 16:53:00,MTY-LTH-01,WO-00038,material_flaw,minor,in_process,7,return_to_supplier,0.0
QD-00019,2025-07-21 08:53:00,MTY-LTH-05,WO-00042,surface_finish,major,final_inspection,26,scrap,1170.0
QD-00020,2025-07-21 14:50:00,BRN-PRS-03,WO-00013,flatness_oob,minor,in_process,1,use_as_is,0.0
QD-00021,2025-07-21 18:02:00,DAY-RBT-01,WO-00033,material_flaw,minor,in_process,1,return_to_supplier,0.0
QD-00022,2025-07-22 11:19:00,MTY-MIL-04,WO-00046,burr,major,in_process,38,scrap,1444.0
QD-00023,2025-07-22 16:52:00,DAY-RBT-01,WO-00033,dimension_oob,minor,final_inspection,9,scrap,126.0
QD-00024,2025-07-22 17:27:00,DAY-LTH-05,WO-00021,thread_defect,minor,in_process,4,rework,85.2
QD-00025,2025-07-23 07:22:00,MTY-MIL-05,WO-00047,burr,minor,final_inspection,5,rework,106.5
QD-00026,2025-07-23 08:34:00,DAY-PRS-01,WO-00029,crack,critical,final_inspection,72,scrap,8496.0
QD-00027,2025-07-23 10:00:00,BRN-MIL-01,WO-00005,dimension_oob,major,final_inspection,28,rework,117.6
QD-00028,2025-07-24 08:20:00,MTY-GRD-01,WO-00036,dimension_oob,minor,final_inspection,5,use_as_is,0.0
QD-00029,2025-07-25 10:51:00,DAY-RBT-01,WO-00033,material_flaw,minor,incoming,5,return_to_supplier,0.0
QD-00030,2025-07-25 11:58:00,DAY-PRS-02,WO-00030,burr,minor,final_inspection,3,rework,12.6
QD-00031,2025-07-28 14:01:00,MTY-MIL-04,WO-00062,thread_defect,major,in_process,15,scrap,960.0
QD-00032,2025-07-29 07:47:00,MTY-PRS-02,WO-00080,flatness_oob,minor,in_process,6,scrap,114.0
QD-00033,2025-07-29 10:47:00,DAY-RBT-01,WO-00033,weld_defect,minor,final_inspection,10,rework,42.0
QD-00034,2025-07-30 10:58:00,DAY-MIL-07,WO-00028,dimension_oob,major,in_process,45,scrap,6390.0
QD-00035,2025-07-30 16:16:00,BRN-PRS-03,WO-00013,dimension_oob,major,in_process,19,scrap,988.0
QD-00036,2025-07-30 19:28:00,BRN-MIL-06,WO-00060,dimension_oob,major,in_process,14,rework,159.6
QD-00037,2025-07-30 21:46:00,DAY-LTH-05,WO-00021,dimension_oob,major,in_process,20,scrap,1420.0
QD-00038,2025-08-07 08:17:00,DAY-RBT-02,WO-00086,weld_defect,major,final_inspection,20,rework,426.0
QD-00039,2025-08-07 08:52:00,MTY-PRS-02,WO-00080,flatness_oob,minor,in_process,3,use_as_is,0.0
QD-00040,2025-08-08 12:11:00,BRN-PRS-01,WO-00072,burr,minor,final_inspection,9,scrap,1062.0
QD-00041,2025-08-08 14:36:00,MTY-MIL-02,WO-00094,thread_defect,major,final_inspection,20,scrap,900.0
QD-00042,2025-08-08 19:44:00,BRN-PRS-03,WO-00096,dimension_oob,critical,in_process,40,scrap,2840.0
QD-00043,2025-08-11 10:33:00,BRN-MIL-06,WO-00060,dimension_oob,critical,final_inspection,86,scrap,3268.0
QD-00044,2025-08-11 11:34:00,MTY-PRS-01,WO-00079,crack,minor,in_process,1,rework,11.4
QD-00045,2025-08-11 15:44:00,MTY-RBT-01,WO-00058,weld_defect,minor,final_inspection,2,rework,11.4
QD-00046,2025-08-12 11:02:00,DAY-MIL-03,WO-00091,surface_finish,critical,in_process,61,rework,475.8
QD-00047,2025-08-12 11:59:00,DAY-PRS-01,WO-00067,burr,major,in_process,12,scrap,540.0
QD-00048,2025-08-12 19:21:00,MTY-GRD-02,WO-00093,surface_finish,critical,in_process,77,scrap,1463.0
QD-00049,2025-08-13 13:13:00,DAY-LTH-03,WO-00066,material_flaw,minor,incoming,5,return_to_supplier,0.0
QD-00050,2025-08-15 21:08:00,MTY-LTH-02,WO-00087,burr,minor,in_process,6,use_as_is,0.0
QD-00051,2025-08-18 07:03:00,DAY-LTH-01,WO-00074,surface_finish,minor,final_inspection,5,rework,21.0
QD-00052,2025-08-18 09:10:00,DAY-MIL-01,WO-00109,surface_finish,major,final_inspection,25,scrap,475.0
QD-00053,2025-08-19 07:01:00,MTY-LTH-01,WO-00105,surface_finish,minor,final_inspection,6,rework,25.2
QD-00054,2025-08-20 17:45:00,DAY-PRS-03,WO-00104,dimension_oob,minor,in_process,5,rework,177.0
QD-00055,2025-08-21 17:52:00,DAY-LTH-01,WO-00112,material_flaw,major,incoming,28,return_to_supplier,0.0
QD-00056,2025-08-21 18:03:00,MTY-PRS-01,WO-00117,crack,major,final_inspection,43,scrap,1935.0
QD-00057,2025-08-25 14:52:00,MTY-MIL-06,WO-00131,dimension_oob,critical,final_inspection,77,scrap,4928.0
QD-00058,2025-08-26 08:23:00,DAY-MIL-05,WO-00103,thread_defect,minor,in_process,9,scrap,234.0
QD-00059,2025-08-26 12:54:00,MTY-PRS-01,WO-00117,dimension_oob,major,final_inspection,35,scrap,1575.0
QD-00060,2025-08-27 13:29:00,DAY-RBT-01,WO-00101,surface_finish,minor,in_process,2,rework,8.4
QD-00061,2025-08-27 13:52:00,DAY-PRS-03,WO-00104,crack,minor,final_inspection,2,rework,70.8
QD-00062,2025-08-27 16:57:00,BRN-MIL-02,WO-00132,thread_defect,minor,in_process,3,scrap,78.0
QD-00063,2025-08-27 18:02:00,MTY-MIL-01,WO-00107,burr,minor,final_inspection,9,scrap,126.0
QD-00064,2025-08-27 21:02:00,DAY-RBT-02,WO-00136,weld_defect,minor,in_process,6,rework,255.6
QD-00065,2025-08-27 21:40:00,MTY-RBT-01,WO-00123,weld_defect,minor,in_process,1,use_as_is,0.0
QD-00066,2025-08-28 12:46:00,MTY-PRS-03,WO-00115,flatness_oob,minor,in_process,1,rework,19.2
QD-00067,2025-08-28 16:53:00,BRN-RBT-01,WO-00121,material_flaw,minor,incoming,9,return_to_supplier,0.0
QD-00068,2025-08-29 17:06:00,DAY-PRS-03,WO-00104,material_flaw,minor,incoming,5,scrap,590.0
QD-00069,2025-09-01 14:36:00,MTY-PRS-01,WO-00117,burr,major,in_process,25,scrap,1125.0
QD-00070,2025-09-02 19:09:00,BRN-RBT-01,WO-00121,weld_defect,minor,in_process,3,scrap,114.0
QD-00071,2025-09-03 08:33:00,MTY-PRS-02,WO-00114,crack,minor,final_inspection,3,rework,17.1
QD-00072,2025-09-03 18:47:00,MTY-PRS-03,WO-00115,material_flaw,major,incoming,23,return_to_supplier,0.0
QD-00073,2025-09-03 19:57:00,MTY-LTH-03,WO-00138,surface_finish,minor,final_inspection,7,rework,79.8
QD-00074,2025-09-05 11:52:00,DAY-PRS-01,WO-00148,crack,critical,final_inspection,38,scrap,4484.0
QD-00075,2025-09-05 15:34:00,DAY-PRS-04,WO-00145,crack,minor,in_process,7,rework,247.8
QD-00076,2025-09-09 07:43:00,BRN-RBT-01,WO-00121,dimension_oob,minor,final_inspection,1,use_as_is,0.0
QD-00077,2025-09-09 18:19:00,BRN-MIL-05,WO-00156,surface_finish,minor,in_process,4,rework,76.8
QD-00078,2025-09-10 07:43:00,MTY-PRS-03,WO-00115,burr,critical,in_process,77,scrap,4928.0
QD-00079,2025-09-10 18:55:00,MTY-PRS-03,WO-00115,material_flaw,major,incoming,29,return_to_supplier,0.0
QD-00080,2025-09-11 19:51:00,DAY-RBT-02,WO-00136,weld_defect,major,final_inspection,39,scrap,5538.0
QD-00081,2025-09-12 13:20:00,DAY-PRS-02,WO-00154,burr,minor,final_inspection,6,rework,25.2
QD-00082,2025-09-12 15:22:00,DAY-PRS-01,WO-00148,crack,major,in_process,26,rework,920.4
QD-00083,2025-09-15 11:12:00,MTY-PRS-03,WO-00115,crack,major,final_inspection,34,rework,652.8
QD-00084,2025-09-17 08:28:00,MTY-PRS-03,WO-00115,material_flaw,critical,in_process,49,return_to_supplier,0.0
QD-00085,2025-09-17 15:03:00,MTY-MIL-05,WO-00151,burr,minor,final_inspection,5,rework,28.5
QD-00086,2025-09-18 08:26:00,MTY-LTH-04,WO-00135,dimension_oob,major,in_process,45,scrap,2880.0
QD-00087,2025-09-18 20:03:00,MTY-PRS-03,WO-00175,material_flaw,minor,incoming,6,scrap,426.0
QD-00088,2025-09-22 12:44:00,MTY-PRS-03,WO-00175,flatness_oob,critical,in_process,82,scrap,5822.0
QD-00089,2025-09-25 20:31:00,BRN-RBT-01,WO-00169,weld_defect,minor,final_inspection,9,rework,191.7
QD-00090,2025-09-29 13:42:00,MTY-RBT-01,WO-00171,surface_finish,major,final_inspection,26,scrap,1664.0
QD-00091,2025-09-29 17:56:00,DAY-LTH-02,WO-00183,surface_finish,critical,in_process,57,scrap,1083.0
QD-00092,2025-10-01 10:38:00,BRN-PRS-03,WO-00168,crack,major,final_inspection,44,scrap,2816.0
QD-00093,2025-10-02 15:08:00,MTY-PRS-02,WO-00205,material_flaw,major,incoming,19,return_to_supplier,0.0
QD-00094,2025-10-02 21:28:00,DAY-LTH-04,WO-00198,dimension_oob,minor,final_inspection,5,rework,213.0
QD-00095,2025-10-03 07:07:00,BRN-MIL-01,WO-00191,thread_defect,major,in_process,28,scrap,3976.0
QD-00096,2025-10-03 09:46:00,BRN-LTH-02,WO-00195,thread_defect,major,in_process,41,scrap,2132.0
QD-00097,2025-10-03 13:14:00,DAY-RBT-03,WO-00210,surface_finish,major,final_inspection,38,rework,216.6
QD-00098,2025-10-03 18:40:00,DAY-RBT-01,WO-00179,weld_defect,minor,final_inspection,9,use_as_is,0.0
QD-00099,2025-10-06 08:22:00,MTY-LTH-03,WO-00186,thread_defect,major,final_inspection,22,scrap,1144.0
QD-00100,2025-10-06 16:29:00,DAY-MIL-04,WO-00202,burr,major,in_process,20,rework,708.0
QD-00101,2025-10-06 21:31:00,MTY-RBT-01,WO-00171,weld_defect,minor,final_inspection,10,use_as_is,0.0
QD-00102,2025-10-07 11:47:00,BRN-LTH-03,WO-00173,dimension_oob,minor,in_process,1,use_as_is,0.0
QD-00103,2025-10-07 20:01:00,DAY-MIL-03,WO-00178,thread_defect,minor,in_process,1,rework,21.3
QD-00104,2025-10-08 16:19:00,MTY-PRS-03,WO-00175,burr,major,in_process,27,rework,575.1
QD-00105,2025-10-09 09:32:00,MTY-LTH-05,WO-00194,dimension_oob,major,in_process,45,rework,513.0
QD-00106,2025-10-09 17:20:00,MTY-RBT-02,WO-00206,weld_defect,minor,in_process,5,scrap,320.0
QD-00107,2025-10-10 19:29:00,MTY-PRS-02,WO-00205,crack,minor,final_inspection,9,rework,37.8
QD-00108,2025-10-14 14:36:00,DAY-LTH-01,WO-00187,burr,minor,final_inspection,2,rework,11.4
QD-00109,2025-10-15 09:50:00,BRN-PRS-02,WO-00208,dimension_oob,major,in_process,9,scrap,576.0
QD-00110,2025-10-15 20:44:00,MTY-PRS-01,WO-00225,burr,critical,final_inspection,40,scrap,1520.0
QD-00111,2025-10-16 20:59:00,DAY-LTH-02,WO-00183,thread_defect,minor,in_process,10,rework,57.0
QD-00112,2025-10-17 13:39:00,MTY-PRS-03,WO-00219,crack,major,final_inspection,40,rework,540.0
QD-00113,2025-10-17 19:38:00,MTY-PRS-02,WO-00205,dimension_oob,minor,in_process,4,scrap,56.0
QD-00114,2025-10-21 09:14:00,DAY-PRS-02,WO-00214,flatness_oob,critical,in_process,45,rework,256.5
QD-00115,2025-10-21 09:43:00,DAY-PRS-01,WO-00216,flatness_oob,minor,final_inspection,6,scrap,84.0
QD-00116,2025-10-22 19:20:00,DAY-RBT-03,WO-00210,dimension_oob,minor,in_process,6,rework,34.2
QD-00117,2025-10-23 11:48:00,MTY-PRS-02,WO-00205,dimension_oob,minor,in_process,1,rework,4.2
QD-00118,2025-10-23 12:02:00,DAY-PRS-04,WO-00242,burr,minor,final_inspection,3,rework,106.2
QD-00119,2025-10-23 14:00:00,MTY-RBT-01,WO-00235,weld_defect,critical,final_inspection,74,scrap,3848.0
QD-00120,2025-10-24 07:55:00,MTY-RBT-01,WO-00235,weld_defect,critical,final_inspection,79,scrap,4108.0
QD-00121,2025-10-24 12:26:00,MTY-MIL-03,WO-00238,burr,major,in_process,18,rework,243.0
QD-00122,2025-10-29 12:26:00,MTY-LTH-04,WO-00234,surface_finish,critical,in_process,33,scrap,1716.0
QD-00123,2025-10-29 21:19:00,MTY-LTH-05,WO-00248,surface_finish,minor,in_process,9,use_as_is,0.0
QD-00124,2025-10-31 14:09:00,MTY-PRS-01,WO-00225,flatness_oob,minor,in_process,9,rework,102.6
QD-00125,2025-11-03 18:41:00,MTY-PRS-01,WO-00225,material_flaw,minor,incoming,3,return_to_supplier,0.0
QD-00126,2025-11-05 07:11:00,BRN-LTH-01,WO-00239,surface_finish,minor,final_inspection,5,scrap,130.0
QD-00127,2025-11-05 17:30:00,BRN-PRS-02,WO-00208,dimension_oob,minor,in_process,3,scrap,192.0
QD-00128,2025-11-06 07:59:00,MTY-PRS-02,WO-00263,crack,minor,final_inspection,2,rework,22.8
QD-00129,2025-11-06 16:24:00,DAY-PRS-03,WO-00227,flatness_oob,minor,in_process,7,use_as_is,0.0
QD-00130,2025-11-07 11:16:00,MTY-PRS-01,WO-00225,burr,minor,in_process,1,rework,11.4
QD-00131,2025-11-07 15:59:00,MTY-PRS-01,WO-00225,flatness_oob,major,in_process,42,rework,478.8
QD-00132,2025-11-10 08:15:00,MTY-LTH-01,WO-00237,dimension_oob,minor,in_process,10,scrap,710.0
QD-00133,2025-11-10 09:13:00,BRN-MIL-03,WO-00266,burr,minor,in_process,2,rework,31.2
QD-00134,2025-11-10 13:59:00,BRN-MIL-01,WO-00252,surface_finish,critical,in_process,63,scrap,3276.0
QD-00135,2025-11-12 10:52:00,BRN-PRS-02,WO-00268,burr,minor,in_process,8,scrap,512.0
QD-00136,2025-11-12 10:57:00,BRN-LTH-01,WO-00239,dimension_oob,minor,final_inspection,3,scrap,78.0
QD-00137,2025-11-12 16:47:00,MTY-LTH-03,WO-00279,surface_finish,critical,in_process,49,scrap,3479.0
QD-00138,2025-11-12 19:44:00,MTY-PRS-01,WO-00225,flatness_oob,major,in_process,37,scrap,1406.0
QD-00139,2025-11-14 11:45:00,DAY-PRS-03,WO-00227,crack,minor,final_inspection,10,rework,426.0
QD-00140,2025-11-20 19:37:00,MTY-LTH-03,WO-00279,burr,critical,in_process,49,rework,1043.7
QD-00141,2025-11-21 08:42:00,MTY-LTH-04,WO-00283,thread_defect,minor,final_inspection,4,scrap,208.0
QD-00142,2025-11-21 09:49:00,BRN-PRS-02,WO-00268,burr,major,final_inspection,14,scrap,896.0
QD-00143,2025-11-21 12:53:00,BRN-MIL-02,WO-00255,material_flaw,minor,incoming,2,return_to_supplier,0.0
QD-00144,2025-11-21 18:07:00,DAY-RBT-01,WO-00267,surface_finish,critical,in_process,22,scrap,572.0
QD-00145,2025-11-24 16:53:00,MTY-MIL-05,WO-00300,material_flaw,major,incoming,43,return_to_supplier,0.0
QD-00146,2025-11-25 10:47:00,DAY-RBT-01,WO-00267,dimension_oob,minor,in_process,9,use_as_is,0.0
QD-00147,2025-11-26 11:17:00,BRN-PRS-01,WO-00294,dimension_oob,minor,in_process,5,rework,78.0
QD-00148,2025-11-27 07:06:00,MTY-PRS-01,WO-00293,crack,critical,final_inspection,84,scrap,4368.0
QD-00149,2025-11-28 08:19:00,MTY-MIL-05,WO-00300,surface_finish,major,in_process,13,scrap,676.0
QD-00150,2025-11-28 12:44:00,MTY-GRD-01,WO-00304,surface_finish,minor,final_inspection,2,use_as_is,0.0
QD-00151,2025-12-01 15:32:00,MTY-RBT-01,WO-00295,surface_finish,major,in_process,31,rework,130.2
QD-00152,2025-12-01 21:13:00,MTY-MIL-01,WO-00265,thread_defect,minor,final_inspection,1,rework,13.5
QD-00153,2025-12-02 19:43:00,MTY-GRD-02,WO-00309,surface_finish,major,final_inspection,40,scrap,1520.0
QD-00154,2025-12-05 09:15:00,DAY-LTH-02,WO-00301,material_flaw,major,incoming,13,return_to_supplier,0.0
QD-00155,2025-12-05 19:19:00,BRN-LTH-02,WO-00306,material_flaw,major,incoming,19,return_to_supplier,0.0
QD-00156,2025-12-08 17:07:00,MTY-PRS-01,WO-00293,crack,minor,final_inspection,4,rework,62.4
QD-00157,2025-12-09 07:00:00,MTY-PRS-02,WO-00311,flatness_oob,minor,in_process,9,rework,140.4
QD-00158,2025-12-09 15:21:00,MTY-LTH-01,WO-00318,surface_finish,minor,in_process,10,use_as_is,0.0
QD-00159,2025-12-09 17:10:00,DAY-PRS-04,WO-00303,burr,major,in_process,39,rework,222.3
QD-00160,2025-12-09 19:51:00,MTY-LTH-05,WO-00299,surface_finish,critical,final_inspection,28,scrap,1260.0
QD-00161,2025-12-10 07:27:00,MTY-PRS-02,WO-00311,burr,minor,in_process,4,rework,62.4
QD-00162,2025-12-10 12:05:00,DAY-PRS-04,WO-00303,dimension_oob,critical,final_inspection,38,scrap,722.0
QD-00163,2025-12-10 14:42:00,DAY-LTH-01,WO-00296,burr,minor,final_inspection,8,use_as_is,0.0
QD-00164,2025-12-10 21:56:00,BRN-GRD-01,WO-00275,dimension_oob,minor,in_process,8,rework,62.4
QD-00165,2025-12-11 10:22:00,MTY-LTH-01,WO-00318,surface_finish,minor,in_process,3,use_as_is,0.0
QD-00166,2025-12-11 13:36:00,MTY-LTH-03,WO-00327,dimension_oob,minor,in_process,6,scrap,228.0
QD-00167,2025-12-11 21:27:00,BRN-PRS-02,WO-00268,dimension_oob,major,in_process,39,rework,748.8
QD-00168,2025-12-12 13:01:00,BRN-PRS-01,WO-00294,material_flaw,minor,incoming,3,return_to_supplier,0.0
QD-00169,2025-12-15 13:59:00,MTY-GRD-02,WO-00309,dimension_oob,major,final_inspection,12,rework,136.8
QD-00170,2025-12-16 11:05:00,MTY-PRS-02,WO-00311,material_flaw,minor,incoming,8,return_to_supplier,0.0
QD-00171,2025-12-16 12:04:00,MTY-PRS-02,WO-00311,crack,major,in_process,34,scrap,1768.0
QD-00172,2025-12-16 19:03:00,MTY-LTH-02,WO-00308,dimension_oob,minor,in_process,2,scrap,28.0
QD-00173,2025-12-17 13:12:00,MTY-LTH-01,WO-00318,thread_defect,major,in_process,37,scrap,962.0
QD-00174,2025-12-17 20:01:00,DAY-LTH-02,WO-00301,material_flaw,major,in_process,30,return_to_supplier,0.0
QD-00175,2025-12-18 09:52:00,BRN-PRS-03,WO-00347,flatness_oob,minor,final_inspection,6,scrap,156.0
QD-00176,2025-12-18 20:04:00,MTY-PRS-03,WO-00328,dimension_oob,minor,in_process,10,scrap,640.0
QD-00177,2025-12-18 20:52:00,BRN-MIL-05,WO-00329,dimension_oob,minor,in_process,2,rework,27.0
QD-00178,2025-12-22 11:19:00,MTY-GRD-02,WO-00309,surface_finish,minor,in_process,10,use_as_is,0.0
QD-00179,2025-12-22 21:08:00,DAY-PRS-01,WO-00298,crack,minor,in_process,10,rework,426.0
QD-00180,2025-12-22 21:15:00,MTY-PRS-03,WO-00328,dimension_oob,minor,in_process,1,scrap,64.0
QD-00181,2025-12-23 09:13:00,BRN-LTH-01,WO-00305,dimension_oob,minor,final_inspection,4,use_as_is,0.0
QD-00182,2026-01-05 10:50:00,MTY-PRS-03,WO-00328,material_flaw,minor,in_process,5,return_to_supplier,0.0
QD-00183,2026-01-09 18:22:00,MTY-PRS-02,WO-00361,crack,critical,in_process,29,rework,617.7
QD-00184,2026-01-14 16:45:00,BRN-PRS-01,WO-00351,crack,major,in_process,17,scrap,1088.0
QD-00185,2026-01-14 19:12:00,DAY-RBT-01,WO-00337,material_flaw,minor,incoming,10,scrap,1180.0
QD-00186,2026-01-14 21:58:00,MTY-RBT-01,WO-00341,weld_defect,minor,final_inspection,8,rework,153.6
QD-00187,2026-01-15 08:19:00,MTY-RBT-02,WO-00367,surface_finish,major,in_process,31,scrap,589.0
QD-00188,2026-01-19 15:39:00,MTY-PRS-02,WO-00361,flatness_oob,critical,in_process,34,scrap,2414.0
QD-00189,2026-01-19 17:43:00,DAY-PRS-04,WO-00369,dimension_oob,minor,in_process,2,use_as_is,0.0
QD-00190,2026-01-19 19:50:00,MTY-RBT-02,WO-00367,weld_defect,minor,in_process,6,rework,34.2
QD-00191,2026-01-23 10:50:00,DAY-RBT-01,WO-00373,weld_defect,critical,final_inspection,47,scrap,3337.0
QD-00192,2026-01-23 16:47:00,BRN-LTH-01,WO-00366,material_flaw,major,in_process,14,return_to_supplier,0.0
QD-00193,2026-01-26 16:19:00,DAY-PRS-03,WO-00358,flatness_oob,minor,in_process,6,rework,34.2
QD-00194,2026-01-27 19:31:00,MTY-RBT-01,WO-00394,material_flaw,minor,in_process,3,return_to_supplier,0.0
QD-00195,2026-01-28 07:03:00,DAY-RBT-03,WO-00396,weld_defect,major,in_process,36,rework,205.2
QD-00196,2026-01-28 13:13:00,BRN-PRS-03,WO-00347,dimension_oob,minor,final_inspection,3,use_as_is,0.0
QD-00197,2026-01-28 18:19:00,MTY-RBT-01,WO-00394,weld_defect,critical,in_process,30,scrap,420.0
QD-00198,2026-01-29 11:28:00,MTY-PRS-03,WO-00389,dimension_oob,major,final_inspection,40,scrap,2560.0
QD-00199,2026-01-29 12:58:00,MTY-RBT-01,WO-00394,surface_finish,minor,final_inspection,1,scrap,14.0
QD-00200,2026-01-30 12:48:00,MTY-PRS-02,WO-00361,dimension_oob,minor,in_process,2,scrap,142.0
QD-00201,2026-02-03 13:45:00,MTY-LTH-05,WO-00397,burr,minor,in_process,5,use_as_is,0.0
QD-00202,2026-02-03 15:54:00,BRN-MIL-03,WO-00391,surface_finish,minor,in_process,5,use_as_is,0.0
QD-00203,2026-02-03 17:52:00,BRN-LTH-01,WO-00412,thread_defect,minor,in_process,10,use_as_is,0.0
QD-00204,2026-02-05 07:42:00,DAY-GRD-01,WO-00398,surface_finish,major,in_process,35,rework,147.0
QD-00205,2026-02-05 15:09:00,MTY-PRS-03,WO-00389,burr,major,in_process,28,scrap,1792.0
QD-00206,2026-02-06 11:53:00,MTY-LTH-03,WO-00379,dimension_oob,minor,final_inspection,6,use_as_is,0.0
QD-00207,2026-02-06 18:50:00,MTY-RBT-01,WO-00394,surface_finish,minor,in_process,10,rework,42.0
QD-00208,2026-02-10 17:53:00,DAY-MIL-07,WO-00384,burr,critical,in_process,64,scrap,1216.0
QD-00209,2026-02-11 17:00:00,DAY-LTH-03,WO-00426,burr,major,in_process,22,rework,778.8
QD-00210,2026-02-12 08:16:00,DAY-PRS-04,WO-00418,crack,major,in_process,19,rework,79.8
QD-00211,2026-02-13 20:17:00,DAY-LTH-04,WO-00368,dimension_oob,major,in_process,20,scrap,2840.0
QD-00212,2026-02-16 07:30:00,MTY-PRS-03,WO-00389,dimension_oob,minor,final_inspection,3,use_as_is,0.0
QD-00213,2026-02-16 14:54:00,MTY-LTH-03,WO-00423,thread_defect,minor,in_process,2,rework,22.8
QD-00214,2026-02-17 20:14:00,DAY-RBT-02,WO-00422,weld_defect,critical,final_inspection,61,scrap,8662.0
QD-00215,2026-02-18 21:40:00,BRN-LTH-01,WO-00412,surface_finish,minor,in_process,1,rework,5.7
QD-00216,2026-02-19 08:52:00,BRN-PRS-02,WO-00439,burr,critical,final_inspection,43,rework,490.2
QD-00217,2026-02-20 12:52:00,DAY-RBT-02,WO-00422,surface_finish,minor,in_process,3,scrap,426.0
QD-00218,2026-02-23 18:45:00,MTY-LTH-04,WO-00401,surface_finish,major,in_process,35,scrap,1330.0
QD-00219,2026-02-24 15:40:00,MTY-LTH-01,WO-00446,dimension_oob,minor,in_process,6,use_as_is,0.0
QD-00220,2026-02-24 19:42:00,DAY-PRS-03,WO-00413,crack,critical,final_inspection,83,scrap,1577.0
QD-00221,2026-02-25 13:54:00,DAY-PRS-01,WO-00411,dimension_oob,minor,in_process,1,rework,5.7
QD-00222,2026-02-25 15:33:00,BRN-PRS-02,WO-00439,crack,minor,in_process,6,scrap,228.0
QD-00223,2026-02-25 20:38:00,MTY-LTH-01,WO-00446,dimension_oob,critical,final_inspection,22,scrap,1144.0
QD-00224,2026-03-02 14:27:00,BRN-RBT-02,WO-00463,weld_defect,major,in_process,42,scrap,2184.0
QD-00225,2026-03-02 16:47:00,DAY-PRS-04,WO-00418,material_flaw,minor,incoming,1,return_to_supplier,0.0
QD-00226,2026-03-02 19:39:00,DAY-PRS-02,WO-00456,dimension_oob,major,final_inspection,9,scrap,126.0
QD-00227,2026-03-04 13:33:00,MTY-PRS-01,WO-00458,flatness_oob,minor,in_process,9,rework,102.6
QD-00228,2026-03-05 15:01:00,DAY-GRD-01,WO-00475,surface_finish,major,in_process,30,rework,126.0
QD-00229,2026-03-05 21:42:00,DAY-RBT-02,WO-00468,dimension_oob,major,final_inspection,8,rework,62.4
QD-00230,2026-03-06 08:58:00,MTY-RBT-02,WO-00432,weld_defect,minor,in_process,5,scrap,225.0
QD-00231,2026-03-06 12:24:00,BRN-RBT-02,WO-00463,weld_defect,major,in_process,13,rework,202.8
QD-00232,2026-03-06 20:07:00,DAY-PRS-03,WO-00457,material_flaw,minor,incoming,7,return_to_supplier,0.0
QD-00233,2026-03-09 07:07:00,BRN-RBT-02,WO-00463,weld_defect,major,in_process,13,scrap,676.0
QD-00234,2026-03-09 08:22:00,MTY-LTH-03,WO-00466,burr,minor,in_process,3,scrap,135.0
QD-00235,2026-03-09 19:09:00,DAY-PRS-04,WO-00477,dimension_oob,minor,in_process,6,scrap,114.0
QD-00236,2026-03-09 20:05:00,MTY-LTH-05,WO-00454,burr,minor,in_process,2,use_as_is,0.0
QD-00237,2026-03-10 16:38:00,BRN-PRS-02,WO-00439,material_flaw,major,incoming,25,return_to_supplier,0.0
QD-00238,2026-03-10 17:47:00,BRN-RBT-01,WO-00451,dimension_oob,critical,final_inspection,55,scrap,6490.0
QD-00239,2026-03-11 14:21:00,MTY-LTH-04,WO-00469,surface_finish,major,in_process,25,scrap,1300.0
QD-00240,2026-03-12 09:34:00,DAY-PRS-03,WO-00457,flatness_oob,major,in_process,36,rework,1533.6
QD-00241,2026-03-17 17:06:00,BRN-GRD-01,WO-00492,flatness_oob,major,in_process,19,scrap,1216.0
QD-00242,2026-03-17 20:41:00,MTY-RBT-02,WO-00483,dimension_oob,major,in_process,20,scrap,1280.0
QD-00243,2026-03-17 21:47:00,BRN-PRS-03,WO-00462,material_flaw,major,incoming,12,return_to_supplier,0.0
QD-00244,2026-03-18 13:48:00,DAY-MIL-02,WO-00453,surface_finish,minor,in_process,4,scrap,104.0
QD-00245,2026-03-18 18:31:00,DAY-RBT-03,WO-00460,weld_defect,minor,final_inspection,3,rework,40.5
QD-00246,2026-03-23 10:15:00,MTY-LTH-04,WO-00469,dimension_oob,minor,in_process,8,rework,124.8
QD-00247,2026-03-23 17:35:00,MTY-PRS-02,WO-00467,burr,minor,in_process,10,rework,42.0
QD-00248,2026-03-25 11:47:00,DAY-MIL-08,WO-00445,dimension_oob,critical,in_process,65,scrap,1235.0
QD-00249,2026-03-25 14:03:00,DAY-LTH-04,WO-00488,dimension_oob,critical,final_inspection,57,rework,2017.8
QD-00250,2026-03-25 18:27:00,DAY-PRS-01,WO-00479,flatness_oob,minor,final_inspection,9,rework,121.5
QD-00251,2026-03-27 16:54:00,MTY-RBT-01,WO-00513,weld_defect,major,final_inspection,41,rework,873.3
QD-00252,2026-03-30 07:35:00,DAY-RBT-01,WO-00464,material_flaw,major,incoming,11,return_to_supplier,0.0
QD-00253,2026-04-01 08:16:00,DAY-RBT-03,WO-00515,dimension_oob,critical,in_process,76,scrap,10792.0
QD-00254,2026-04-01 20:13:00,MTY-PRS-02,WO-00467,dimension_oob,major,in_process,11,scrap,154.0
QD-00255,2026-04-02 07:24:00,MTY-PRS-01,WO-00522,crack,critical,final_inspection,82,scrap,3116.0
QD-00256,2026-04-02 11:12:00,MTY-GRD-01,WO-00489,flatness_oob,minor,in_process,6,rework,68.4
QD-00257,2026-04-02 14:27:00,DAY-PRS-03,WO-00511,material_flaw,major,incoming,12,return_to_supplier,0.0
QD-00258,2026-04-07 20:57:00,DAY-RBT-03,WO-00515,surface_finish,minor,in_process,7,rework,298.2
QD-00259,2026-04-09 12:33:00,BRN-PRS-01,WO-00498,dimension_oob,minor,in_process,9,rework,70.2
QD-00260,2026-04-10 18:04:00,BRN-PRS-01,WO-00498,flatness_oob,minor,final_inspection,6,rework,46.8
QD-00261,2026-04-13 17:48:00,MTY-RBT-03,WO-00536,weld_defect,minor,final_inspection,3,use_as_is,0.0
QD-00262,2026-04-14 19:18:00,DAY-GRD-01,WO-00540,surface_finish,major,final_inspection,27,scrap,378.0
QD-00263,2026-04-15 12:41:00,MTY-PRS-01,WO-00522,dimension_oob,minor,in_process,3,rework,34.2
QD-00264,2026-04-15 17:48:00,DAY-LTH-05,WO-00527,material_flaw,minor,in_process,8,return_to_supplier,0.0
QD-00265,2026-04-15 19:01:00,MTY-PRS-02,WO-00525,dimension_oob,minor,final_inspection,1,scrap,71.0
QD-00266,2026-04-15 20:45:00,MTY-MIL-03,WO-00482,material_flaw,minor,incoming,3,return_to_supplier,0.0
QD-00267,2026-04-16 08:04:00,DAY-RBT-02,WO-00534,weld_defect,minor,in_process,3,rework,63.9
QD-00268,2026-04-16 10:09:00,DAY-MIL-03,WO-00524,thread_defect,major,in_process,23,rework,131.1
QD-00269,2026-04-16 21:21:00,DAY-MIL-04,WO-00529,dimension_oob,major,in_process,27,rework,1150.2
QD-00270,2026-04-17 08:35:00,BRN-RBT-01,WO-00499,weld_defect,minor,in_process,5,use_as_is,0.0
QD-00271,2026-04-17 09:33:00,MTY-PRS-03,WO-00512,flatness_oob,minor,in_process,4,scrap,256.0
QD-00272,2026-04-17 21:45:00,DAY-LTH-04,WO-00532,thread_defect,minor,final_inspection,5,rework,21.0
QD-00273,2026-04-20 13:11:00,BRN-RBT-02,WO-00509,weld_defect,critical,in_process,21,scrap,1092.0
QD-00274,2026-04-20 16:16:00,DAY-LTH-01,WO-00551,burr,minor,in_process,8,rework,340.8
QD-00275,2026-04-20 21:15:00,MTY-LTH-04,WO-00535,surface_finish,major,in_process,39,scrap,2769.0
QD-00276,2026-04-21 10:10:00,DAY-MIL-06,WO-00533,burr,critical,in_process,43,scrap,5074.0
QD-00277,2026-04-22 07:09:00,BRN-LTH-04,WO-00556,dimension_oob,minor,final_inspection,5,use_as_is,0.0
QD-00278,2026-04-22 12:03:00,DAY-GRD-01,WO-00540,flatness_oob,minor,in_process,10,rework,42.0
QD-00279,2026-04-24 09:01:00,DAY-PRS-03,WO-00564,burr,major,in_process,30,scrap,570.0
QD-00280,2026-04-24 12:31:00,MTY-PRS-01,WO-00522,flatness_oob,minor,in_process,10,rework,114.0
QD-00281,2026-04-24 17:21:00,BRN-LTH-02,WO-00560,surface_finish,major,final_inspection,39,scrap,1014.0
QD-00282,2026-04-28 08:43:00,MTY-PRS-02,WO-00525,crack,minor,in_process,2,use_as_is,0.0
QD-00283,2026-04-28 18:45:00,MTY-RBT-02,WO-00549,weld_defect,minor,in_process,1,scrap,52.0
QD-00284,2026-04-28 19:41:00,DAY-MIL-07,WO-00557,burr,minor,in_process,4,use_as_is,0.0
QD-00285,2026-04-29 15:15:00,MTY-GRD-02,WO-00543,dimension_oob,minor,final_inspection,8,rework,153.6
QD-00286,2026-04-30 10:26:00,DAY-LTH-02,WO-00563,thread_defect,critical,final_inspection,48,scrap,2160.0
QD-00287,2026-05-04 07:36:00,MTY-RBT-01,WO-00565,weld_defect,major,in_process,21,scrap,798.0
QD-00288,2026-05-04 19:42:00,DAY-RBT-02,WO-00571,dimension_oob,minor,in_process,9,scrap,405.0
QD-00289,2026-05-06 13:45:00,DAY-RBT-01,WO-00578,surface_finish,minor,in_process,5,rework,213.0
QD-00290,2026-05-07 12:16:00,DAY-RBT-03,WO-00579,surface_finish,major,final_inspection,22,scrap,3124.0
QD-00291,2026-05-07 16:40:00,BRN-PRS-01,WO-00562,flatness_oob,minor,in_process,1,rework,5.7
QD-00292,2026-05-07 20:05:00,DAY-RBT-02,WO-00571,weld_defect,major,final_inspection,14,scrap,630.0
QD-00293,2026-05-11 18:10:00,BRN-RBT-01,WO-00559,surface_finish,minor,in_process,7,rework,298.2
QD-00294,2026-05-12 19:16:00,MTY-MIL-05,WO-00558,thread_defect,minor,final_inspection,10,use_as_is,0.0
QD-00295,2026-05-12 21:50:00,MTY-RBT-03,WO-00601,dimension_oob,minor,final_inspection,10,use_as_is,0.0
QD-00296,2026-05-13 14:38:00,MTY-LTH-01,WO-00581,dimension_oob,minor,in_process,7,scrap,315.0
QD-00297,2026-05-13 21:23:00,BRN-PRS-02,WO-00599,flatness_oob,major,in_process,41,rework,873.3
QD-00298,2026-05-15 12:10:00,MTY-LTH-03,WO-00583,dimension_oob,minor,final_inspection,9,scrap,576.0
QD-00299,2026-05-18 07:46:00,MTY-MIL-06,WO-00546,surface_finish,major,final_inspection,36,rework,691.2
QD-00300,2026-05-22 17:28:00,BRN-LTH-01,WO-00602,burr,minor,in_process,7,scrap,98.0
QD-00301,2026-05-22 21:08:00,MTY-LTH-04,WO-00595,dimension_oob,major,final_inspection,11,scrap,704.0
QD-00302,2026-05-25 09:13:00,MTY-PRS-03,WO-00624,dimension_oob,major,in_process,11,rework,46.2
QD-00303,2026-05-26 20:14:00,MTY-PRS-01,WO-00584,crack,minor,final_inspection,3,use_as_is,0.0
QD-00304,2026-05-27 08:41:00,MTY-LTH-05,WO-00618,material_flaw,major,in_process,40,return_to_supplier,0.0
QD-00305,2026-05-27 10:57:00,DAY-PRS-01,WO-00594,flatness_oob,minor,in_process,8,rework,33.6
QD-00306,2026-05-28 13:54:00,DAY-MIL-08,WO-00604,surface_finish,minor,in_process,7,scrap,826.0
QD-00307,2026-05-29 15:23:00,MTY-GRD-01,WO-00614,material_flaw,critical,incoming,29,return_to_supplier,0.0
QD-00308,2026-05-29 17:59:00,DAY-RBT-02,WO-00571,material_flaw,major,incoming,35,return_to_supplier,0.0
QD-00309,2026-06-01 13:17:00,DAY-PRS-01,WO-00594,burr,critical,final_inspection,60,scrap,840.0
QD-00310,2026-06-01 17:53:00,BRN-RBT-02,WO-00588,weld_defect,minor,in_process,3,rework,57.6
QD-00311,2026-06-02 10:23:00,DAY-RBT-03,WO-00626,surface_finish,minor,final_inspection,10,scrap,450.0
QD-00312,2026-06-04 17:23:00,BRN-MIL-04,WO-00628,dimension_oob,major,in_process,25,scrap,3550.0
QD-00313,2026-06-04 18:59:00,BRN-GRD-01,WO-00608,flatness_oob,minor,final_inspection,3,rework,40.5
QD-00314,2026-06-05 17:09:00,BRN-LTH-03,WO-00592,burr,minor,in_process,10,rework,354.0
QD-00315,2026-06-05 17:34:00,DAY-PRS-04,WO-00610,burr,minor,in_process,9,use_as_is,0.0
QD-00316,2026-06-05 18:16:00,DAY-RBT-01,WO-00634,weld_defect,minor,in_process,9,rework,70.2
QD-00317,2026-06-05 20:40:00,DAY-MIL-02,WO-00585,surface_finish,minor,in_process,10,rework,78.0
QD-00318,2026-06-09 07:31:00,DAY-LTH-03,WO-00649,thread_defect,minor,in_process,4,scrap,472.0
QD-00319,2026-06-09 09:28:00,MTY-GRD-02,WO-00644,surface_finish,minor,in_process,4,use_as_is,0.0
QD-00320,2026-06-09 12:46:00,BRN-PRS-02,WO-00632,crack,minor,final_inspection,8,scrap,416.0
QD-00321,2026-06-09 13:17:00,MTY-LTH-04,WO-00656,dimension_oob,minor,in_process,1,rework,15.6
QD-00322,2026-06-09 20:08:00,MTY-RBT-02,WO-00630,weld_defect,minor,in_process,9,use_as_is,0.0
QD-00323,2026-06-10 11:51:00,DAY-PRS-01,WO-00641,dimension_oob,minor,in_process,7,scrap,826.0
QD-00324,2026-06-10 15:02:00,DAY-MIL-05,WO-00633,dimension_oob,minor,final_inspection,7,rework,247.8
QD-00325,2026-06-10 19:30:00,MTY-GRD-01,WO-00614,flatness_oob,major,in_process,9,rework,140.4
QD-00326,2026-06-10 21:41:00,MTY-RBT-02,WO-00630,weld_defect,minor,in_process,7,rework,79.8
QD-00327,2026-06-11 07:34:00,BRN-LTH-03,WO-00658,surface_finish,minor,final_inspection,9,rework,191.7
QD-00328,2026-06-12 12:54:00,MTY-PRS-01,WO-00650,flatness_oob,major,final_inspection,40,rework,456.0
QD-00329,2026-06-12 14:50:00,BRN-MIL-06,WO-00648,burr,major,in_process,35,scrap,4970.0
QD-00330,2026-06-15 10:44:00,MTY-RBT-02,WO-00630,weld_defect,major,final_inspection,29,scrap,1102.0
QD-00331,2026-06-15 15:39:00,DAY-LTH-05,WO-00636,dimension_oob,minor,final_inspection,3,scrap,57.0
QD-00332,2026-06-15 18:19:00,BRN-LTH-03,WO-00658,thread_defect,minor,final_inspection,3,scrap,213.0
QD-00333,2026-06-15 21:46:00,MTY-LTH-05,WO-00662,dimension_oob,major,in_process,29,scrap,1856.0
QD-00334,2026-06-16 14:37:00,MTY-PRS-01,WO-00650,burr,minor,final_inspection,5,rework,57.0
QD-00335,2026-06-16 17:43:00,DAY-LTH-05,WO-00636,dimension_oob,major,final_inspection,43,rework,245.1
QD-00336,2026-06-16 18:19:00,MTY-PRS-02,WO-00638,flatness_oob,minor,in_process,3,rework,46.8
QD-00337,2026-06-16 21:41:00,DAY-LTH-04,WO-00639,dimension_oob,minor,in_process,6,rework,255.6
QD-00338,2026-06-18 11:35:00,MTY-LTH-04,WO-00656,surface_finish,major,final_inspection,15,scrap,780.0
QD-00339,2026-06-18 11:50:00,DAY-LTH-02,WO-00667,thread_defect,minor,final_inspection,1,use_as_is,0.0
QD-00340,2026-06-18 13:17:00,BRN-RBT-01,WO-00629,weld_defect,minor,final_inspection,2,rework,22.8
QD-00341,2026-06-18 18:29:00,MTY-RBT-02,WO-00630,surface_finish,minor,final_inspection,4,use_as_is,0.0
QD-00342,2026-06-19 21:04:00,BRN-RBT-02,WO-00659,weld_defect,minor,in_process,6,scrap,384.0
QD-00343,2026-06-22 08:04:00,MTY-RBT-01,WO-00643,weld_defect,minor,in_process,10,scrap,520.0
QD-00344,2026-06-22 19:26:00,MTY-RBT-02,WO-00630,surface_finish,minor,final_inspection,1,rework,11.4
QD-00345,2026-06-23 08:42:00,MTY-MIL-03,WO-00679,surface_finish,minor,final_inspection,4,rework,62.4
QD-00346,2026-06-23 21:14:00,MTY-RBT-03,WO-00663,weld_defect,major,final_inspection,21,rework,239.4
QD-00347,2026-06-24 07:57:00,BRN-PRS-01,WO-00676,material_flaw,minor,incoming,5,return_to_supplier,0.0
QD-00348,2026-06-24 09:25:00,MTY-PRS-01,WO-00650,crack,major,in_process,28,scrap,1064.0
QD-00349,2026-06-25 10:41:00,MTY-MIL-04,WO-00657,surface_finish,major,in_process,30,scrap,1920.0
QD-00350,2026-06-25 16:55:00,MTY-RBT-03,WO-00663,surface_finish,minor,final_inspection,1,use_as_is,0.0
QD-00351,2026-06-26 10:05:00,DAY-LTH-01,WO-00678,thread_defect,minor,in_process,1,use_as_is,0.0
QD-00352,2026-06-29 15:45:00,DAY-RBT-03,WO-00699,surface_finish,minor,in_process,7,use_as_is,0.0
QD-00353,2026-06-29 19:03:00,BRN-PRS-01,WO-00676,flatness_oob,major,in_process,29,scrap,4118.0
QD-00354,2026-06-30 18:07:00,DAY-RBT-03,WO-00699,weld_defect,minor,final_inspection,9,rework,51.3
QD-00355,2026-07-01 12:08:00,BRN-MIL-02,WO-00695,dimension_oob,minor,final_inspection,8,scrap,304.0
QD-00356,2026-07-01 19:13:00,BRN-LTH-02,WO-00693,thread_defect,critical,final_inspection,51,scrap,1938.0
QD-00357,2026-07-02 09:16:00,MTY-LTH-04,WO-00656,surface_finish,minor,in_process,8,rework,124.8
QD-00358,2026-07-02 12:12:00,DAY-GRD-01,WO-00696,material_flaw,minor,in_process,3,return_to_supplier,0.0
QD-00359,2026-07-02 14:56:00,MTY-RBT-01,WO-00689,weld_defect,minor,in_process,7,scrap,364.0
QD-00360,2026-07-03 12:00:00,MTY-PRS-02,WO-00686,crack,minor,in_process,4,use_as_is,0.0
QD-00361,2026-07-06 16:35:00,DAY-RBT-01,WO-00684,weld_defect,minor,final_inspection,3,use_as_is,0.0
QD-00362,2026-07-06 18:54:00,DAY-LTH-02,WO-00667,dimension_oob,minor,in_process,10,use_as_is,0.0
QD-00363,2026-07-07 12:08:00,MTY-RBT-01,WO-00689,weld_defect,minor,in_process,9,scrap,468.0
QD-00364,2026-07-08 07:51:00,MTY-GRD-01,WO-00709,surface_finish,minor,final_inspection,8,use_as_is,0.0
QD-00365,2026-07-09 07:06:00,DAY-PRS-03,WO-00691,burr,critical,final_inspection,26,scrap,3692.0
QD-00366,2026-07-09 20:37:00,DAY-MIL-07,WO-00687,thread_defect,minor,in_process,10,use_as_is,0.0
QD-00367,2026-07-10 16:33:00,BRN-LTH-03,WO-00715,surface_finish,minor,in_process,2,scrap,128.0
QD-00368,2026-07-10 20:20:00,MTY-PRS-01,WO-00710,crack,minor,in_process,2,rework,15.6
QD-00369,2026-07-10 20:27:00,DAY-LTH-03,WO-00701,thread_defect,minor,final_inspection,2,scrap,38.0
QD-00370,2026-07-13 13:46:00,DAY-PRS-04,WO-00683,burr,major,final_inspection,20,rework,852.0
QD-00371,2026-07-13 14:23:00,DAY-RBT-02,WO-00708,weld_defect,major,final_inspection,29,scrap,1305.0
QD-00372,2026-07-13 21:49:00,MTY-GRD-02,WO-00688,surface_finish,minor,final_inspection,2,use_as_is,0.0
QD-00373,2026-07-14 10:44:00,BRN-PRS-03,WO-00702,crack,major,in_process,18,scrap,468.0
QD-00374,2026-07-15 17:03:00,MTY-RBT-01,WO-00689,dimension_oob,major,in_process,8,rework,124.8
QD-00375,2026-07-15 18:55:00,BRN-MIL-02,WO-00695,burr,minor,in_process,7,scrap,266.0
QD-00376,2026-07-16 09:01:00,MTY-RBT-01,WO-00730,surface_finish,major,final_inspection,12,scrap,540.0
QD-00377,2026-07-16 16:56:00,DAY-LTH-01,WO-00678,surface_finish,major,in_process,28,scrap,1988.0
QD-00378,2026-07-20 09:04:00,BRN-MIL-05,WO-00711,surface_finish,minor,in_process,5,scrap,190.0
QD-00379,2026-07-21 12:17:00,MTY-RBT-02,WO-00706,dimension_oob,minor,final_inspection,4,rework,54.0
QD-00380,2026-07-21 18:03:00,BRN-PRS-01,WO-00723,crack,minor,final_inspection,10,use_as_is,0.0
QD-00381,2026-07-22 16:06:00,BRN-PRS-01,WO-00723,crack,major,final_inspection,44,scrap,616.0
QD-00382,2026-07-23 08:33:00,DAY-PRS-01,WO-00746,burr,critical,in_process,89,scrap,1246.0
QD-00383,2026-07-24 07:14:00,DAY-PRS-02,WO-00698,crack,major,final_inspection,32,scrap,4544.0
QD-00384,2026-07-24 07:31:00,DAY-PRS-02,WO-00698,material_flaw,major,incoming,43,return_to_supplier,0.0
QD-00385,2026-07-24 08:31:00,MTY-PRS-01,WO-00710,dimension_oob,minor,in_process,8,rework,62.4
QD-00386,2026-07-24 17:27:00,BRN-LTH-01,WO-00731,dimension_oob,major,in_process,35,scrap,2240.0
QD-00387,2026-07-24 20:11:00,MTY-PRS-02,WO-00751,dimension_oob,minor,in_process,1,use_as_is,0.0
QD-00388,2026-07-27 14:13:00,DAY-RBT-02,WO-00708,weld_defect,minor,in_process,6,rework,81.0
QD-00389,2026-07-27 19:43:00,MTY-RBT-01,WO-00730,material_flaw,major,incoming,20,scrap,900.0
QD-00390,2026-07-28 16:15:00,BRN-GRD-01,WO-00720,material_flaw,minor,incoming,9,return_to_supplier,0.0
QD-00391,2026-07-29 07:04:00,DAY-GRD-01,WO-00741,material_flaw,major,incoming,15,scrap,675.0
QD-00392,2026-07-29 12:40:00,MTY-RBT-01,WO-00730,weld_defect,minor,in_process,2,scrap,90.0
QD-00393,2026-07-29 15:31:00,DAY-LTH-02,WO-00713,thread_defect,major,final_inspection,10,rework,78.0
QD-00394,2026-07-30 11:03:00,BRN-MIL-05,WO-00711,thread_defect,minor,in_process,7,rework,79.8
QD-00395,2026-07-30 12:09:00,MTY-LTH-02,WO-00762,burr,minor,in_process,6,rework,93.6
QD-00396,2026-07-30 13:00:00,MTY-PRS-02,WO-00751,crack,critical,final_inspection,68,scrap,3536.0
QD-00397,2026-07-31 10:40:00,MTY-LTH-02,WO-00762,surface_finish,minor,final_inspection,7,rework,109.2
QD-00398,2026-08-03 10:39:00,DAY-MIL-07,WO-00737,dimension_oob,major,in_process,21,rework,894.6
QD-00399,2026-08-03 12:56:00,MTY-MIL-06,WO-00750,dimension_oob,minor,in_process,2,rework,31.2
QD-00400,2026-08-03 15:34:00,BRN-LTH-01,WO-00731,surface_finish,minor,final_inspection,5,use_as_is,0.0
QD-00401,2026-08-03 20:50:00,BRN-LTH-03,WO-00715,dimension_oob,critical,in_process,47,rework,902.4
QD-00402,2026-08-03 21:55:00,MTY-LTH-04,WO-00725,dimension_oob,major,in_process,35,scrap,2240.0
QD-00403,2026-08-04 08:37:00,MTY-PRS-02,WO-00751,dimension_oob,minor,in_process,4,scrap,208.0
QD-00404,2026-08-04 09:50:00,MTY-LTH-04,WO-00725,dimension_oob,major,in_process,22,rework,422.4
QD-00405,2026-08-05 07:24:00,MTY-LTH-04,WO-00725,burr,minor,final_inspection,10,scrap,640.0
QD-00406,2026-08-05 17:50:00,DAY-LTH-05,WO-00733,burr,minor,in_process,6,use_as_is,0.0
QD-00407,2026-08-06 21:26:00,MTY-LTH-04,WO-00725,dimension_oob,minor,in_process,10,rework,192.0
QD-00408,2026-08-07 07:59:00,DAY-MIL-01,WO-00764,burr,major,final_inspection,37,rework,1576.2
QD-00409,2026-08-07 10:57:00,BRN-LTH-03,WO-00715,material_flaw,major,incoming,22,return_to_supplier,0.0
QD-00410,2026-08-07 20:36:00,MTY-LTH-04,WO-00725,dimension_oob,major,in_process,26,scrap,1664.0
QD-00411,2026-08-10 12:00:00,MTY-LTH-04,WO-00725,dimension_oob,major,in_process,34,rework,652.8
QD-00412,2026-08-11 08:51:00,MTY-LTH-01,WO-00756,surface_finish,minor,in_process,2,scrap,142.0
QD-00413,2026-08-11 09:17:00,DAY-LTH-03,WO-00748,dimension_oob,major,in_process,26,scrap,676.0
QD-00414,2026-08-11 21:19:00,DAY-LTH-04,WO-00760,dimension_oob,critical,in_process,24,rework,324.0
QD-00415,2026-08-12 13:16:00,MTY-MIL-04,WO-00721,dimension_oob,minor,final_inspection,9,use_as_is,0.0
QD-00416,2026-08-12 19:01:00,MTY-LTH-04,WO-00784,dimension_oob,major,in_process,44,rework,844.8
QD-00417,2026-08-12 19:16:00,DAY-LTH-05,WO-00777,thread_defect,minor,in_process,2,rework,11.4
QD-00418,2026-08-13 12:19:00,MTY-LTH-04,WO-00784,dimension_oob,minor,in_process,4,scrap,256.0
QD-00419,2026-08-13 12:22:00,MTY-LTH-02,WO-00762,dimension_oob,critical,in_process,86,scrap,4472.0
QD-00420,2026-08-13 14:47:00,DAY-LTH-01,WO-00759,surface_finish,minor,in_process,1,scrap,14.0
QD-00421,2026-08-13 15:22:00,DAY-LTH-05,WO-00777,surface_finish,critical,final_inspection,58,scrap,1102.0
QD-00422,2026-08-13 20:01:00,DAY-GRD-01,WO-00776,flatness_oob,minor,in_process,5,rework,213.0
QD-00423,2026-08-14 09:40:00,MTY-LTH-04,WO-00725,dimension_oob,critical,customer_return,48,scrap,3072.0
QD-00424,2026-08-14 16:48:00,DAY-LTH-02,WO-00765,surface_finish,minor,in_process,7,scrap,497.0
QD-00425,2026-08-14 17:33:00,MTY-LTH-04,WO-00784,dimension_oob,major,in_process,34,rework,652.8
QD-00426,2026-08-17 07:58:00,MTY-LTH-04,WO-00784,surface_finish,major,final_inspection,34,rework,652.8
QD-00427,2026-08-17 11:00:00,BRN-PRS-01,WO-00769,burr,minor,in_process,7,use_as_is,0.0
QD-00428,2026-08-17 12:15:00,MTY-LTH-04,WO-00784,material_flaw,minor,in_process,9,return_to_supplier,0.0
QD-00429,2026-08-18 10:19:00,MTY-LTH-04,WO-00784,dimension_oob,minor,final_inspection,7,rework,134.4
QD-00430,2026-08-18 13:12:00,MTY-LTH-04,WO-00784,dimension_oob,major,in_process,31,scrap,1984.0
QD-00431,2026-08-18 14:55:00,MTY-MIL-05,WO-00739,dimension_oob,major,in_process,34,scrap,1530.0
QD-00432,2026-08-18 18:57:00,BRN-PRS-01,WO-00769,flatness_oob,minor,final_inspection,9,use_as_is,0.0
QD-00433,2026-08-18 19:45:00,MTY-LTH-02,WO-00762,dimension_oob,minor,final_inspection,9,use_as_is,0.0
QD-00434,2026-08-18 20:41:00,MTY-LTH-04,WO-00784,thread_defect,critical,in_process,64,scrap,4096.0
QD-00435,2026-08-19 12:48:00,MTY-LTH-04,WO-00784,dimension_oob,major,in_process,32,rework,614.4
QD-00436,2026-08-20 09:57:00,MTY-LTH-03,WO-00738,dimension_oob,critical,final_inspection,41,rework,639.6
QD-00437,2026-08-21 12:24:00,MTY-LTH-04,WO-00784,dimension_oob,minor,in_process,6,rework,115.2
QD-00438,2026-08-24 14:54:00,BRN-PRS-01,WO-00769,flatness_oob,minor,in_process,9,scrap,1278.0
QD-00439,2026-08-24 15:45:00,DAY-RBT-02,WO-00778,weld_defect,major,in_process,23,rework,131.1
QD-00440,2026-08-25 10:48:00,DAY-PRS-03,WO-00797,material_flaw,minor,in_process,5,return_to_supplier,0.0
QD-00441,2026-08-25 14:18:00,BRN-PRS-02,WO-00753,material_flaw,minor,incoming,1,return_to_supplier,0.0
QD-00442,2026-08-25 14:25:00,BRN-MIL-03,WO-00774,dimension_oob,minor,in_process,9,use_as_is,0.0
QD-00443,2026-08-26 10:27:00,DAY-MIL-07,WO-00793,material_flaw,critical,in_process,59,return_to_supplier,0.0
QD-00444,2026-08-26 14:19:00,MTY-GRD-02,WO-00757,surface_finish,minor,final_inspection,6,rework,93.6
QD-00445,2026-08-27 14:45:00,BRN-GRD-01,WO-00785,dimension_oob,critical,final_inspection,31,scrap,1178.0
QD-00446,2026-08-27 15:28:00,DAY-RBT-02,WO-00778,material_flaw,minor,incoming,2,return_to_supplier,0.0
QD-00447,2026-08-28 08:28:00,BRN-PRS-01,WO-00819,burr,minor,final_inspection,8,rework,170.4
QD-00448,2026-08-28 21:01:00,DAY-PRS-03,WO-00797,dimension_oob,minor,final_inspection,9,rework,37.8
QD-00449,2026-08-28 21:23:00,MTY-PRS-01,WO-00782,dimension_oob,major,final_inspection,15,rework,288.0
QD-00450,2026-08-31 09:29:00,BRN-MIL-04,WO-00783,burr,major,final_inspection,35,rework,273.0
QD-00451,2026-08-31 15:50:00,MTY-LTH-04,WO-00784,material_flaw,minor,in_process,2,return_to_supplier,0.0
QD-00452,2026-08-31 19:32:00,BRN-PRS-03,WO-00810,crack,minor,in_process,1,rework,19.2
QD-00453,2026-08-31 19:59:00,DAY-PRS-03,WO-00797,material_flaw,minor,incoming,4,return_to_supplier,0.0
QD-00454,2026-08-31 21:49:00,BRN-GRD-01,WO-00785,surface_finish,minor,in_process,2,use_as_is,0.0
QD-00455,2026-09-01 07:10:00,DAY-PRS-04,WO-00781,burr,major,final_inspection,20,rework,708.0
QD-00456,2026-09-01 08:43:00,MTY-GRD-02,WO-00826,dimension_oob,major,final_inspection,36,scrap,1368.0
QD-00457,2026-09-02 16:56:00,BRN-LTH-03,WO-00787,surface_finish,minor,in_process,10,use_as_is,0.0
QD-00458,2026-09-03 15:02:00,DAY-LTH-03,WO-00788,thread_defect,major,final_inspection,15,scrap,1065.0
QD-00459,2026-09-03 17:29:00,BRN-PRS-01,WO-00819,material_flaw,minor,in_process,5,scrap,355.0
QD-00460,2026-09-04 19:08:00,MTY-LTH-01,WO-00811,burr,minor,final_inspection,1,rework,13.5
QD-00461,2026-09-08 10:27:00,BRN-RBT-02,WO-00770,dimension_oob,major,final_inspection,31,scrap,4402.0
QD-00462,2026-09-08 13:05:00,DAY-PRS-03,WO-00797,burr,minor,in_process,10,rework,42.0
QD-00463,2026-09-08 14:13:00,MTY-RBT-02,WO-00818,dimension_oob,minor,in_process,8,rework,33.6
QD-00464,2026-09-08 14:14:00,DAY-MIL-03,WO-00823,dimension_oob,minor,final_inspection,7,rework,298.2
QD-00465,2026-09-08 18:06:00,MTY-RBT-03,WO-00806,dimension_oob,major,in_process,18,rework,140.4
QD-00466,2026-09-08 18:19:00,DAY-MIL-01,WO-00803,dimension_oob,critical,in_process,65,rework,2301.0
QD-00467,2026-09-09 18:04:00,BRN-PRS-02,WO-00812,dimension_oob,minor,final_inspection,3,rework,23.4
QD-00468,2026-09-10 07:25:00,DAY-MIL-02,WO-00830,dimension_oob,minor,in_process,8,scrap,1136.0
QD-00469,2026-09-10 07:34:00,BRN-LTH-02,WO-00837,burr,major,final_inspection,41,scrap,2911.0
QD-00470,2026-09-10 08:45:00,BRN-PRS-02,WO-00812,burr,critical,in_process,21,scrap,546.0
QD-00471,2026-09-11 11:45:00,DAY-PRS-01,WO-00844,burr,minor,in_process,1,use_as_is,0.0
QD-00472,2026-09-11 15:17:00,DAY-PRS-03,WO-00797,material_flaw,minor,incoming,9,return_to_supplier,0.0
QD-00473,2026-09-14 07:28:00,BRN-MIL-06,WO-00834,surface_finish,critical,final_inspection,65,scrap,910.0
QD-00474,2026-09-14 08:06:00,MTY-MIL-05,WO-00850,dimension_oob,minor,final_inspection,7,rework,134.4
QD-00475,2026-09-14 09:59:00,MTY-GRD-02,WO-00826,flatness_oob,minor,in_process,3,rework,34.2
QD-00476,2026-09-14 14:15:00,DAY-MIL-03,WO-00823,dimension_oob,major,in_process,33,scrap,4686.0
QD-00477,2026-09-14 21:33:00,BRN-LTH-03,WO-00841,dimension_oob,major,final_inspection,11,rework,62.7
QD-00478,2026-09-15 09:15:00,BRN-LTH-03,WO-00841,material_flaw,major,incoming,22,scrap,418.0
QD-00479,2026-09-15 12:43:00,DAY-PRS-01,WO-00844,dimension_oob,major,final_inspection,37,rework,155.4
QD-00480,2026-09-15 12:49:00,BRN-RBT-02,WO-00840,material_flaw,minor,incoming,1,return_to_supplier,0.0
QD-00481,2026-09-15 15:44:00,DAY-PRS-01,WO-00844,crack,minor,in_process,9,scrap,126.0
QD-00482,2026-09-16 10:04:00,BRN-PRS-03,WO-00810,crack,minor,final_inspection,6,scrap,384.0
QD-00483,2026-09-17 10:54:00,MTY-GRD-02,WO-00826,material_flaw,minor,incoming,5,return_to_supplier,0.0
QD-00484,2026-09-17 10:59:00,MTY-RBT-02,WO-00818,material_flaw,major,incoming,22,return_to_supplier,0.0
QD-00485,2026-09-17 13:04:00,BRN-PRS-01,WO-00854,crack,minor,in_process,5,scrap,710.0
QD-00486,2026-09-18 16:56:00,BRN-LTH-04,WO-00853,surface_finish,major,in_process,13,rework,175.5
QD-00487,2026-09-21 07:20:00,DAY-LTH-02,WO-00820,burr,critical,in_process,64,scrap,2880.0
QD-00488,2026-09-21 14:31:00,DAY-GRD-01,WO-00829,surface_finish,minor,final_inspection,6,scrap,84.0
QD-00489,2026-09-22 12:55:00,DAY-PRS-03,WO-00857,crack,minor,final_inspection,3,rework,127.8
QD-00490,2026-09-22 13:16:00,BRN-PRS-03,WO-00866,burr,minor,in_process,1,rework,11.4
QD-00491,2026-09-22 18:19:00,BRN-RBT-01,WO-00842,surface_finish,major,in_process,26,scrap,494.0
QD-00492,2026-09-23 12:05:00,BRN-MIL-04,WO-00833,surface_finish,minor,in_process,2,scrap,90.0
QD-00493,2026-09-25 11:05:00,MTY-LTH-05,WO-00832,dimension_oob,major,in_process,16,rework,307.2
QD-00494,2026-09-25 18:52:00,MTY-PRS-01,WO-00869,burr,minor,final_inspection,1,use_as_is,0.0
QD-00495,2026-09-28 08:03:00,DAY-PRS-02,WO-00861,crack,major,final_inspection,8,scrap,1136.0
QD-00496,2026-09-28 20:08:00,DAY-RBT-02,WO-00848,surface_finish,major,in_process,41,rework,233.7
QD-00497,2026-09-29 14:35:00,MTY-MIL-02,WO-00821,surface_finish,minor,in_process,7,use_as_is,0.0
QD-00498,2026-09-29 15:26:00,BRN-PRS-03,WO-00866,burr,minor,final_inspection,6,rework,68.4
